timestamp,hour,day_of_week,is_weekend,road_type,speed_limit,weather,temperature,humidity,incident_flag,vehicle_volume,congestion_index
2026-06-01 00:00:00,0,Monday,0,Arterial,70,Heavy Rain,29.6,69.9,0,273,36.2
2026-06-01 00:15:00,0,Monday,0,Downtown,50,Clear,34.4,81.6,0,144,1.88
2026-06-01 00:30:00,0,Monday,0,Arterial,70,Clear,23.6,54.6,0,188,1.33
2026-06-01 00:45:00,0,Monday,0,Arterial,70,Clear,30.7,50.0,0,174,3.63
2026-06-01 01:00:00,1,Monday,0,Downtown,50,Clear,16.3,87.4,1,127,40.73
2026-06-01 01:15:00,1,Monday,0,Highway,100,Rainy,23.8,46.1,0,458,14.12
2026-06-01 01:30:00,1,Monday,0,Arterial,70,Clear,25.9,49.2,1,266,42.68
2026-06-01 01:45:00,1,Monday,0,Residential,30,Clear,18.9,42.3,0,50,0.11
2026-06-01 02:00:00,2,Monday,0,Downtown,50,Clear,20.6,67.1,0,269,8.78
2026-06-01 02:15:00,2,Monday,0,Downtown,50,Rainy,16.5,57.9,0,239,20.36
2026-06-01 02:30:00,2,Monday,0,Arterial,70,Clear,21.2,56.3,0,340,7.33
2026-06-01 02:45:00,2,Monday,0,Arterial,70,Clear,29.3,78.0,0,235,9.14
2026-06-01 03:00:00,3,Monday,0,Arterial,70,Clear,15.5,45.4,0,69,4.43
2026-06-01 03:15:00,3,Monday,0,Arterial,70,Foggy,20.0,60.5,0,142,19.18
2026-06-01 03:30:00,3,Monday,0,Residential,30,Rainy,27.7,83.6,0,264,24.53
2026-06-01 03:45:00,3,Monday,0,Residential,30,Clear,17.2,51.4,0,135,6.92
2026-06-01 04:00:00,4,Monday,0,Highway,100,Clear,23.3,51.1,0,414,4.73
2026-06-01 04:15:00,4,Monday,0,Arterial,70,Clear,29.1,58.2,1,50,35.87
2026-06-01 04:30:00,4,Monday,0,Highway,100,Clear,27.2,65.1,0,417,4.49
2026-06-01 04:45:00,4,Monday,0,Highway,100,Clear,24.8,89.3,0,497,8.53
2026-06-01 05:00:00,5,Monday,0,Highway,100,Rainy,22.4,71.6,0,254,15.44
2026-06-01 05:15:00,5,Monday,0,Downtown,50,Clear,18.7,42.0,0,50,1.34
2026-06-01 05:30:00,5,Monday,0,Downtown,50,Clear,28.8,59.3,0,153,0.82
2026-06-01 05:45:00,5,Monday,0,Highway,100,Foggy,32.5,52.9,0,387,26.81
2026-06-01 06:00:00,6,Monday,0,Arterial,70,Clear,16.9,84.9,0,667,16.2
2026-06-01 06:15:00,6,Monday,0,Arterial,70,Rainy,32.9,84.4,0,758,27.05
2026-06-01 06:30:00,6,Monday,0,Highway,100,Foggy,27.1,40.5,0,1280,30.51
2026-06-01 06:45:00,6,Monday,0,Downtown,50,Rainy,19.5,75.6,0,839,28.61
2026-06-01 07:00:00,7,Monday,0,Downtown,50,Rainy,28.2,68.4,0,535,21.84
2026-06-01 07:15:00,7,Monday,0,Highway,100,Heavy Rain,22.9,84.6,0,1261,48.28
2026-06-01 07:30:00,7,Monday,0,Arterial,70,Clear,18.9,76.1,0,845,15.59
2026-06-01 07:45:00,7,Monday,0,Highway,100,Foggy,34.1,85.7,0,1316,34.4
2026-06-01 08:00:00,8,Monday,0,Residential,30,Foggy,20.9,59.3,0,588,65.19
2026-06-01 08:15:00,8,Monday,0,Arterial,70,Foggy,28.9,68.5,0,1686,68.5
2026-06-01 08:30:00,8,Monday,0,Residential,30,Rainy,28.9,75.1,0,808,68.92
2026-06-01 08:45:00,8,Monday,0,Downtown,50,Foggy,33.3,65.6,0,1468,76.77
2026-06-01 09:00:00,9,Monday,0,Downtown,50,Rainy,32.8,56.9,0,1419,63.68
2026-06-01 09:15:00,9,Monday,0,Highway,100,Clear,25.9,54.3,0,2463,56.37
2026-06-01 09:30:00,9,Monday,0,Highway,100,Clear,30.4,50.8,0,2806,62.96
2026-06-01 09:45:00,9,Monday,0,Downtown,50,Rainy,34.5,65.8,0,1320,66.56
2026-06-01 10:00:00,10,Monday,0,Arterial,70,Clear,15.5,88.1,0,1587,57.04
2026-06-01 10:15:00,10,Monday,0,Highway,100,Clear,20.0,67.5,0,2368,54.65
2026-06-01 10:30:00,10,Monday,0,Residential,30,Rainy,26.1,70.6,0,612,57.98
2026-06-01 10:45:00,10,Monday,0,Downtown,50,Clear,17.3,42.3,0,1453,57.35
2026-06-01 11:00:00,11,Monday,0,Arterial,70,Clear,24.8,63.7,0,600,7.46
2026-06-01 11:15:00,11,Monday,0,Downtown,50,Clear,15.9,58.7,0,839,19.1
2026-06-01 11:30:00,11,Monday,0,Downtown,50,Clear,16.4,72.1,0,777,18.04
2026-06-01 11:45:00,11,Monday,0,Arterial,70,Clear,27.9,62.9,0,821,17.31
2026-06-01 12:00:00,12,Monday,0,Residential,30,Foggy,18.9,43.5,0,291,31.85
2026-06-01 12:15:00,12,Monday,0,Arterial,70,Rainy,15.5,80.7,0,882,26.63
2026-06-01 12:30:00,12,Monday,0,Downtown,50,Foggy,29.7,80.2,0,766,33.28
2026-06-01 12:45:00,12,Monday,0,Downtown,50,Heavy Rain,23.3,58.6,0,765,44.78
2026-06-01 13:00:00,13,Monday,0,Residential,30,Clear,30.0,77.7,0,351,18.75
2026-06-01 13:15:00,13,Monday,0,Downtown,50,Clear,32.9,59.5,0,738,16.38
2026-06-01 13:30:00,13,Monday,0,Residential,30,Clear,27.6,62.4,0,494,18.86
2026-06-01 13:45:00,13,Monday,0,Downtown,50,Rainy,30.8,44.6,0,709,26.08
2026-06-01 14:00:00,14,Monday,0,Arterial,70,Foggy,22.0,45.9,0,913,39.37
2026-06-01 14:15:00,14,Monday,0,Highway,100,Clear,29.0,43.6,0,1203,15.89
2026-06-01 14:30:00,14,Monday,0,Highway,100,Heavy Rain,22.5,58.5,0,1180,46.98
2026-06-01 14:45:00,14,Monday,0,Highway,100,Rainy,26.2,61.2,0,1257,24.86
2026-06-01 15:00:00,15,Monday,0,Highway,100,Clear,16.1,45.9,0,1412,20.14
2026-06-01 15:15:00,15,Monday,0,Arterial,70,Heavy Rain,22.5,54.3,0,866,44.44
2026-06-01 15:30:00,15,Monday,0,Highway,100,Clear,34.4,66.2,0,1208,20.83
2026-06-01 15:45:00,15,Monday,0,Downtown,50,Clear,33.0,42.3,0,962,19.44
2026-06-01 16:00:00,16,Monday,0,Highway,100,Clear,24.3,57.7,0,1030,14.09
2026-06-01 16:15:00,16,Monday,0,Downtown,50,Rainy,18.3,85.5,0,541,29.79
2026-06-01 16:30:00,16,Monday,0,Residential,30,Foggy,15.9,41.3,0,385,32.21
2026-06-01 16:45:00,16,Monday,0,Arterial,70,Heavy Rain,31.8,81.9,0,648,38.47
2026-06-01 17:00:00,17,Monday,0,Highway,100,Foggy,31.3,90.0,1,2701,100.0
2026-06-01 17:15:00,17,Monday,0,Residential,30,Rainy,19.9,62.5,0,714,68.0
2026-06-01 17:30:00,17,Monday,0,Highway,100,Rainy,27.4,57.9,0,2549,72.33
2026-06-01 17:45:00,17,Monday,0,Downtown,50,Clear,32.0,67.6,0,1370,56.05
2026-06-01 18:00:00,18,Monday,0,Highway,100,Clear,30.1,71.0,0,2467,52.12
2026-06-01 18:15:00,18,Monday,0,Highway,100,Clear,26.8,59.6,0,2487,55.55
2026-06-01 18:30:00,18,Monday,0,Arterial,70,Rainy,22.9,71.1,0,1678,68.17
2026-06-01 18:45:00,18,Monday,0,Highway,100,Clear,34.6,64.6,0,2363,53.84
2026-06-01 19:00:00,19,Monday,0,Highway,100,Clear,17.6,47.6,0,2387,53.6
2026-06-01 19:15:00,19,Monday,0,Arterial,70,Foggy,24.5,73.4,0,1616,68.23
2026-06-01 19:30:00,19,Monday,0,Highway,100,Clear,17.4,63.0,0,2526,47.05
2026-06-01 19:45:00,19,Monday,0,Downtown,50,Clear,31.0,71.4,0,1386,52.84
2026-06-01 20:00:00,20,Monday,0,Downtown,50,Rainy,18.7,50.5,0,984,33.43
2026-06-01 20:15:00,20,Monday,0,Arterial,70,Clear,29.9,41.8,0,909,18.15
2026-06-01 20:30:00,20,Monday,0,Arterial,70,Clear,17.1,62.4,0,742,11.34
2026-06-01 20:45:00,20,Monday,0,Arterial,70,Clear,21.4,50.6,0,1042,22.38
2026-06-01 21:00:00,21,Monday,0,Downtown,50,Clear,16.7,66.9,0,647,19.45
2026-06-01 21:15:00,21,Monday,0,Highway,100,Clear,22.3,72.3,0,1092,15.48
2026-06-01 21:30:00,21,Monday,0,Highway,100,Clear,19.9,48.0,0,1160,13.01
2026-06-01 21:45:00,21,Monday,0,Residential,30,Clear,25.5,60.5,1,321,46.87
2026-06-01 22:00:00,22,Monday,0,Residential,30,Foggy,31.3,52.9,0,413,37.4
2026-06-01 22:15:00,22,Monday,0,Arterial,70,Clear,20.6,78.5,0,748,8.75
2026-06-01 22:30:00,22,Monday,0,Arterial,70,Clear,17.3,70.5,0,703,14.12
2026-06-01 22:45:00,22,Monday,0,Arterial,70,Clear,16.0,56.8,0,960,16.45
2026-06-01 23:00:00,23,Monday,0,Highway,100,Rainy,30.2,69.8,0,147,10.76
2026-06-01 23:15:00,23,Monday,0,Residential,30,Rainy,34.3,46.2,0,110,16.53
2026-06-01 23:30:00,23,Monday,0,Arterial,70,Rainy,17.8,79.8,0,201,14.85
2026-06-01 23:45:00,23,Monday,0,Downtown,50,Rainy,25.5,57.9,0,344,18.59
2026-06-02 00:00:00,0,Tuesday,0,Arterial,70,Clear,24.3,55.1,0,50,1.0
2026-06-02 00:15:00,0,Tuesday,0,Residential,30,Clear,25.9,85.3,0,50,5.7
2026-06-02 00:30:00,0,Tuesday,0,Highway,100,Rainy,27.4,66.7,0,301,17.01
2026-06-02 00:45:00,0,Tuesday,0,Arterial,70,Clear,29.9,41.7,0,297,6.63
2026-06-02 01:00:00,1,Tuesday,0,Arterial,70,Rainy,17.2,82.3,0,394,18.13
2026-06-02 01:15:00,1,Tuesday,0,Highway,100,Clear,29.4,76.0,0,409,10.79
2026-06-02 01:30:00,1,Tuesday,0,Highway,100,Clear,18.6,85.4,0,253,0.0
2026-06-02 01:45:00,1,Tuesday,0,Residential,30,Clear,26.7,65.3,0,113,7.31
2026-06-02 02:00:00,2,Tuesday,0,Downtown,50,Foggy,29.1,47.6,0,50,24.8
2026-06-02 02:15:00,2,Tuesday,0,Downtown,50,Foggy,33.5,62.5,0,206,25.96
2026-06-02 02:30:00,2,Tuesday,0,Arterial,70,Clear,16.1,56.8,0,342,0.0
2026-06-02 02:45:00,2,Tuesday,0,Residential,30,Clear,21.9,76.9,0,68,0.0
2026-06-02 03:00:00,3,Tuesday,0,Highway,100,Clear,25.0,60.9,0,489,0.64
2026-06-02 03:15:00,3,Tuesday,0,Downtown,50,Clear,28.3,48.9,1,167,35.48
2026-06-02 03:30:00,3,Tuesday,0,Highway,100,Heavy Rain,25.0,69.8,0,266,33.38
2026-06-02 03:45:00,3,Tuesday,0,Residential,30,Clear,18.8,41.8,0,50,2.59
2026-06-02 04:00:00,4,Tuesday,0,Downtown,50,Clear,25.5,62.0,0,58,1.93
2026-06-02 04:15:00,4,Tuesday,0,Highway,100,Foggy,33.9,58.7,0,226,26.11
2026-06-02 04:30:00,4,Tuesday,0,Highway,100,Clear,29.3,72.9,0,275,1.29
2026-06-02 04:45:00,4,Tuesday,0,Downtown,50,Clear,17.1,80.0,0,53,3.34
2026-06-02 05:00:00,5,Tuesday,0,Highway,100,Clear,29.4,82.8,0,557,4.01
2026-06-02 05:15:00,5,Tuesday,0,Highway,100,Clear,32.9,40.7,0,399,1.28
2026-06-02 05:30:00,5,Tuesday,0,Arterial,70,Foggy,31.3,57.1,0,397,20.26
2026-06-02 05:45:00,5,Tuesday,0,Highway,100,Clear,23.2,67.6,0,385,4.57
2026-06-02 06:00:00,6,Tuesday,0,Downtown,50,Clear,32.4,64.4,0,659,19.02
2026-06-02 06:15:00,6,Tuesday,0,Highway,100,Clear,25.8,71.7,0,1280,15.61
2026-06-02 06:30:00,6,Tuesday,0,Residential,30,Clear,18.4,53.6,0,154,8.66
2026-06-02 06:45:00,6,Tuesday,0,Arterial,70,Rainy,31.6,50.3,0,870,31.43
2026-06-02 07:00:00,7,Tuesday,0,Downtown,50,Rainy,18.5,85.7,0,746,21.85
2026-06-02 07:15:00,7,Tuesday,0,Highway,100,Clear,29.8,44.1,0,1186,10.75
2026-06-02 07:30:00,7,Tuesday,0,Highway,100,Clear,29.4,54.9,0,1509,18.14
2026-06-02 07:45:00,7,Tuesday,0,Residential,30,Rainy,19.3,41.6,0,280,25.09
2026-06-02 08:00:00,8,Tuesday,0,Arterial,70,Clear,21.7,78.5,0,1701,53.21
2026-06-02 08:15:00,8,Tuesday,0,Arterial,70,Rainy,23.7,52.3,0,1755,70.16
2026-06-02 08:30:00,8,Tuesday,0,Highway,100,Clear,22.2,44.6,0,2361,51.13
2026-06-02 08:45:00,8,Tuesday,0,Arterial,70,Foggy,29.6,80.3,0,1780,75.09
2026-06-02 09:00:00,9,Tuesday,0,Highway,100,Clear,19.4,89.4,0,2618,55.46
2026-06-02 09:15:00,9,Tuesday,0,Highway,100,Rainy,20.9,86.2,1,2515,100.0
2026-06-02 09:30:00,9,Tuesday,0,Residential,30,Rainy,21.4,81.4,0,531,59.64
2026-06-02 09:45:00,9,Tuesday,0,Highway,100,Clear,28.9,57.0,0,2497,52.21
2026-06-02 10:00:00,10,Tuesday,0,Arterial,70,Rainy,21.4,71.3,0,1518,64.51
2026-06-02 10:15:00,10,Tuesday,0,Highway,100,Foggy,15.4,83.7,0,2457,75.25
2026-06-02 10:30:00,10,Tuesday,0,Arterial,70,Clear,32.5,89.2,0,1478,44.72
2026-06-02 10:45:00,10,Tuesday,0,Downtown,50,Clear,17.2,57.7,0,1279,48.76
2026-06-02 11:00:00,11,Tuesday,0,Highway,100,Clear,34.8,61.4,0,1131,16.33
2026-06-02 11:15:00,11,Tuesday,0,Residential,30,Rainy,16.8,60.9,0,344,29.66
2026-06-02 11:30:00,11,Tuesday,0,Downtown,50,Clear,34.8,51.6,0,840,23.95
2026-06-02 11:45:00,11,Tuesday,0,Arterial,70,Clear,18.5,51.0,0,763,18.02
2026-06-02 12:00:00,12,Tuesday,0,Highway,100,Heavy Rain,32.7,86.4,1,1215,74.82
2026-06-02 12:15:00,12,Tuesday,0,Downtown,50,Rainy,18.1,80.8,0,724,23.91
2026-06-02 12:30:00,12,Tuesday,0,Arterial,70,Clear,16.8,83.9,0,905,20.39
2026-06-02 12:45:00,12,Tuesday,0,Arterial,70,Clear,23.2,58.6,0,836,21.22
2026-06-02 13:00:00,13,Tuesday,0,Highway,100,Clear,28.7,43.8,0,842,8.02
2026-06-02 13:15:00,13,Tuesday,0,Arterial,70,Rainy,22.0,73.9,0,910,28.16
2026-06-02 13:30:00,13,Tuesday,0,Downtown,50,Rainy,32.0,83.4,0,760,31.85
2026-06-02 13:45:00,13,Tuesday,0,Downtown,50,Clear,30.1,47.9,0,679,15.87
2026-06-02 14:00:00,14,Tuesday,0,Arterial,70,Rainy,18.2,80.9,0,812,27.39
2026-06-02 14:15:00,14,Tuesday,0,Highway,100,Clear,34.6,71.6,0,1337,23.37
2026-06-02 14:30:00,14,Tuesday,0,Downtown,50,Clear,30.2,67.1,1,845,49.88
2026-06-02 14:45:00,14,Tuesday,0,Residential,30,Clear,33.7,74.4,0,478,18.65
2026-06-02 15:00:00,15,Tuesday,0,Highway,100,Clear,21.9,71.0,0,1304,14.89
2026-06-02 15:15:00,15,Tuesday,0,Highway,100,Clear,21.5,64.4,0,1193,20.71
2026-06-02 15:30:00,15,Tuesday,0,Highway,100,Heavy Rain,23.5,62.6,0,1337,47.84
2026-06-02 15:45:00,15,Tuesday,0,Highway,100,Clear,28.6,72.7,0,1338,16.6
2026-06-02 16:00:00,16,Tuesday,0,Arterial,70,Clear,23.0,53.7,1,947,52.32
2026-06-02 16:15:00,16,Tuesday,0,Highway,100,Clear,15.6,72.6,0,1250,19.13
2026-06-02 16:30:00,16,Tuesday,0,Residential,30,Clear,32.4,78.8,0,405,20.23
2026-06-02 16:45:00,16,Tuesday,0,Downtown,50,Clear,15.7,86.0,0,689,19.98
2026-06-02 17:00:00,17,Tuesday,0,Highway,100,Clear,28.7,61.5,0,2431,52.65
2026-06-02 17:15:00,17,Tuesday,0,Arterial,70,Clear,31.0,55.5,0,1625,45.5
2026-06-02 17:30:00,17,Tuesday,0,Downtown,50,Clear,28.9,83.0,0,1397,52.04
2026-06-02 17:45:00,17,Tuesday,0,Highway,100,Clear,34.7,47.1,0,2700,58.72
2026-06-02 18:00:00,18,Tuesday,0,Arterial,70,Clear,21.5,65.9,0,1647,52.93
2026-06-02 18:15:00,18,Tuesday,0,Highway,100,Clear,17.7,68.4,0,2451,54.66
2026-06-02 18:30:00,18,Tuesday,0,Highway,100,Clear,27.7,75.3,0,2737,57.63
2026-06-02 18:45:00,18,Tuesday,0,Residential,30,Rainy,31.0,57.0,0,858,73.59
2026-06-02 19:00:00,19,Tuesday,0,Arterial,70,Clear,25.5,76.6,0,1556,49.88
2026-06-02 19:15:00,19,Tuesday,0,Downtown,50,Rainy,25.0,67.8,0,1404,66.27
2026-06-02 19:30:00,19,Tuesday,0,Highway,100,Rainy,16.4,41.5,0,2650,67.13
2026-06-02 19:45:00,19,Tuesday,0,Downtown,50,Rainy,23.5,57.3,0,1426,69.55
2026-06-02 20:00:00,20,Tuesday,0,Arterial,70,Rainy,24.7,83.7,0,644,22.48
2026-06-02 20:15:00,20,Tuesday,0,Arterial,70,Foggy,19.2,71.1,0,764,33.66
2026-06-02 20:30:00,20,Tuesday,0,Downtown,50,Foggy,18.6,51.9,1,738,68.9
2026-06-02 20:45:00,20,Tuesday,0,Arterial,70,Clear,32.4,62.3,0,977,13.28
2026-06-02 21:00:00,21,Tuesday,0,Highway,100,Clear,34.4,52.9,0,1392,15.45
2026-06-02 21:15:00,21,Tuesday,0,Highway,100,Heavy Rain,24.1,51.8,0,1269,40.17
2026-06-02 21:30:00,21,Tuesday,0,Arterial,70,Rainy,23.6,52.4,0,739,27.56
2026-06-02 21:45:00,21,Tuesday,0,Highway,100,Clear,29.7,73.2,0,1305,17.77
2026-06-02 22:00:00,22,Tuesday,0,Arterial,70,Foggy,19.1,45.6,0,845,31.94
2026-06-02 22:15:00,22,Tuesday,0,Residential,30,Clear,17.4,62.6,0,359,10.32
2026-06-02 22:30:00,22,Tuesday,0,Highway,100,Clear,34.7,88.3,0,1276,17.47
2026-06-02 22:45:00,22,Tuesday,0,Residential,30,Clear,25.3,64.4,0,482,18.79
2026-06-02 23:00:00,23,Tuesday,0,Highway,100,Rainy,34.4,44.7,0,488,17.67
2026-06-02 23:15:00,23,Tuesday,0,Highway,100,Rainy,31.8,87.2,0,648,20.01
2026-06-02 23:30:00,23,Tuesday,0,Residential,30,Clear,15.6,86.5,0,50,4.28
2026-06-02 23:45:00,23,Tuesday,0,Downtown,50,Clear,28.0,45.3,0,192,5.35
2026-06-03 00:00:00,0,Wednesday,0,Residential,30,Rainy,26.3,76.9,0,50,11.47
2026-06-03 00:15:00,0,Wednesday,0,Downtown,50,Rainy,30.2,79.9,0,181,16.49
2026-06-03 00:30:00,0,Wednesday,0,Arterial,70,Clear,21.5,58.3,0,133,7.18
2026-06-03 00:45:00,0,Wednesday,0,Arterial,70,Clear,22.5,51.4,0,437,11.31
2026-06-03 01:00:00,1,Wednesday,0,Downtown,50,Clear,22.6,83.2,0,145,3.24
2026-06-03 01:15:00,1,Wednesday,0,Arterial,70,Clear,23.0,69.0,0,406,9.38
2026-06-03 01:30:00,1,Wednesday,0,Downtown,50,Rainy,34.1,40.9,0,169,17.02
2026-06-03 01:45:00,1,Wednesday,0,Residential,30,Clear,33.7,57.6,0,50,1.98
2026-06-03 02:00:00,2,Wednesday,0,Highway,100,Clear,31.1,67.0,0,541,9.15
2026-06-03 02:15:00,2,Wednesday,0,Highway,100,Clear,17.4,49.1,0,372,0.69
2026-06-03 02:30:00,2,Wednesday,0,Downtown,50,Clear,26.3,52.8,1,367,43.12
2026-06-03 02:45:00,2,Wednesday,0,Arterial,70,Clear,27.7,87.6,0,245,4.76
2026-06-03 03:00:00,3,Wednesday,0,Highway,100,Clear,27.2,60.6,0,326,6.37
2026-06-03 03:15:00,3,Wednesday,0,Highway,100,Rainy,20.5,81.1,0,279,16.36
2026-06-03 03:30:00,3,Wednesday,0,Downtown,50,Clear,26.7,48.4,0,157,4.93
2026-06-03 03:45:00,3,Wednesday,0,Highway,100,Clear,27.8,70.4,0,293,0.0
2026-06-03 04:00:00,4,Wednesday,0,Arterial,70,Clear,34.8,46.8,0,67,0.0
2026-06-03 04:15:00,4,Wednesday,0,Downtown,50,Rainy,34.8,46.4,0,268,22.98
2026-06-03 04:30:00,4,Wednesday,0,Highway,100,Clear,16.7,84.7,0,227,0.73
2026-06-03 04:45:00,4,Wednesday,0,Arterial,70,Clear,25.4,43.4,0,268,0.41
2026-06-03 05:00:00,5,Wednesday,0,Residential,30,Rainy,25.7,56.2,0,183,26.16
2026-06-03 05:15:00,5,Wednesday,0,Downtown,50,Clear,16.2,68.1,1,264,38.24
2026-06-03 05:30:00,5,Wednesday,0,Highway,100,Clear,16.9,62.5,0,517,2.88
2026-06-03 05:45:00,5,Wednesday,0,Downtown,50,Foggy,19.7,60.0,0,345,26.27
2026-06-03 06:00:00,6,Wednesday,0,Arterial,70,Clear,16.8,77.8,0,900,18.79
2026-06-03 06:15:00,6,Wednesday,0,Downtown,50,Clear,21.1,53.2,0,479,12.41
2026-06-03 06:30:00,6,Wednesday,0,Arterial,70,Clear,27.0,65.8,0,870,16.47
2026-06-03 06:45:00,6,Wednesday,0,Residential,30,Clear,33.6,45.8,0,460,20.04
2026-06-03 07:00:00,7,Wednesday,0,Residential,30,Rainy,30.8,55.2,0,207,20.35
2026-06-03 07:15:00,7,Wednesday,0,Downtown,50,Clear,34.5,72.0,0,696,18.27
2026-06-03 07:30:00,7,Wednesday,0,Downtown,50,Rainy,18.5,65.1,0,655,23.91
2026-06-03 07:45:00,7,Wednesday,0,Highway,100,Clear,17.7,88.2,0,1251,17.25
2026-06-03 08:00:00,8,Wednesday,0,Arterial,70,Clear,23.8,45.3,0,1744,51.18
2026-06-03 08:15:00,8,Wednesday,0,Downtown,50,Clear,16.2,79.0,0,1417,53.19
2026-06-03 08:30:00,8,Wednesday,0,Residential,30,Clear,17.8,46.1,0,736,53.57
2026-06-03 08:45:00,8,Wednesday,0,Highway,100,Clear,34.9,80.7,0,2633,50.79
2026-06-03 09:00:00,9,Wednesday,0,Arterial,70,Clear,17.6,84.3,0,1619,49.15
2026-06-03 09:15:00,9,Wednesday,0,Arterial,70,Rainy,29.7,78.5,0,1610,56.72
2026-06-03 09:30:00,9,Wednesday,0,Highway,100,Clear,30.2,46.9,0,2400,52.21
2026-06-03 09:45:00,9,Wednesday,0,Arterial,70,Clear,31.9,44.9,0,1626,50.14
2026-06-03 10:00:00,10,Wednesday,0,Downtown,50,Clear,22.5,59.7,0,1434,55.21
2026-06-03 10:15:00,10,Wednesday,0,Residential,30,Rainy,21.3,74.4,0,781,68.04
2026-06-03 10:30:00,10,Wednesday,0,Highway,100,Foggy,24.2,71.9,0,2553,74.63
2026-06-03 10:45:00,10,Wednesday,0,Downtown,50,Clear,25.4,47.5,0,1641,59.71
2026-06-03 11:00:00,11,Wednesday,0,Highway,100,Clear,29.3,43.6,0,1163,18.58
2026-06-03 11:15:00,11,Wednesday,0,Highway,100,Clear,30.5,73.1,0,1402,19.86
2026-06-03 11:30:00,11,Wednesday,0,Highway,100,Clear,16.6,88.4,0,1332,20.75
2026-06-03 11:45:00,11,Wednesday,0,Arterial,70,Clear,17.4,70.8,0,894,23.43
2026-06-03 12:00:00,12,Wednesday,0,Highway,100,Heavy Rain,31.0,54.6,1,1434,86.5
2026-06-03 12:15:00,12,Wednesday,0,Downtown,50,Rainy,28.1,46.4,0,574,19.15
2026-06-03 12:30:00,12,Wednesday,0,Arterial,70,Clear,33.9,52.0,0,865,15.89
2026-06-03 12:45:00,12,Wednesday,0,Downtown,50,Clear,31.3,83.1,0,679,16.28
2026-06-03 13:00:00,13,Wednesday,0,Downtown,50,Clear,31.8,76.4,0,575,14.58
2026-06-03 13:15:00,13,Wednesday,0,Arterial,70,Heavy Rain,33.7,42.2,0,887,42.85
2026-06-03 13:30:00,13,Wednesday,0,Downtown,50,Clear,25.1,82.0,0,976,25.41
2026-06-03 13:45:00,13,Wednesday,0,Arterial,70,Clear,26.3,74.4,0,994,20.85
2026-06-03 14:00:00,14,Wednesday,0,Highway,100,Clear,15.2,52.3,0,1414,16.59
2026-06-03 14:15:00,14,Wednesday,0,Highway,100,Clear,29.7,70.8,0,1403,15.89
2026-06-03 14:30:00,14,Wednesday,0,Arterial,70,Clear,30.2,41.8,0,666,9.29
2026-06-03 14:45:00,14,Wednesday,0,Highway,100,Clear,32.5,89.8,0,1467,17.32
2026-06-03 15:00:00,15,Wednesday,0,Residential,30,Clear,22.8,60.6,0,489,20.51
2026-06-03 15:15:00,15,Wednesday,0,Highway,100,Clear,24.6,72.1,0,1445,24.26
2026-06-03 15:30:00,15,Wednesday,0,Arterial,70,Clear,28.5,80.2,0,839,19.83
2026-06-03 15:45:00,15,Wednesday,0,Highway,100,Clear,21.7,79.2,0,1270,20.47
2026-06-03 16:00:00,16,Wednesday,0,Arterial,70,Clear,21.6,61.7,0,897,12.89
2026-06-03 16:15:00,16,Wednesday,0,Downtown,50,Heavy Rain,33.7,72.1,0,846,48.97
2026-06-03 16:30:00,16,Wednesday,0,Highway,100,Clear,31.8,59.2,0,1109,15.05
2026-06-03 16:45:00,16,Wednesday,0,Arterial,70,Clear,15.5,41.2,0,856,10.91
2026-06-03 17:00:00,17,Wednesday,0,Highway,100,Foggy,20.2,61.5,0,2475,72.46
2026-06-03 17:15:00,17,Wednesday,0,Downtown,50,Clear,24.7,46.7,0,1396,59.04
2026-06-03 17:30:00,17,Wednesday,0,Arterial,70,Rainy,30.3,47.9,0,1727,64.99
2026-06-03 17:45:00,17,Wednesday,0,Downtown,50,Heavy Rain,16.4,42.9,0,1294,76.93
2026-06-03 18:00:00,18,Wednesday,0,Residential,30,Clear,20.4,78.0,0,636,50.87
2026-06-03 18:15:00,18,Wednesday,0,Highway,100,Foggy,17.8,66.6,0,2608,72.09
2026-06-03 18:30:00,18,Wednesday,0,Highway,100,Rainy,34.3,68.0,0,2506,63.83
2026-06-03 18:45:00,18,Wednesday,0,Highway,100,Rainy,34.6,52.8,0,2555,62.19
2026-06-03 19:00:00,19,Wednesday,0,Arterial,70,Heavy Rain,27.2,57.5,0,1628,79.21
2026-06-03 19:15:00,19,Wednesday,0,Highway,100,Foggy,26.2,66.2,0,2571,74.54
2026-06-03 19:30:00,19,Wednesday,0,Highway,100,Rainy,25.9,44.1,0,2368,63.73
2026-06-03 19:45:00,19,Wednesday,0,Residential,30,Rainy,28.4,63.1,0,774,75.35
2026-06-03 20:00:00,20,Wednesday,0,Highway,100,Clear,31.1,63.0,0,1184,16.76
2026-06-03 20:15:00,20,Wednesday,0,Highway,100,Clear,21.6,77.8,0,1298,15.63
2026-06-03 20:30:00,20,Wednesday,0,Residential,30,Foggy,19.8,62.6,1,342,66.34
2026-06-03 20:45:00,20,Wednesday,0,Residential,30,Clear,25.0,45.3,0,298,16.99
2026-06-03 21:00:00,21,Wednesday,0,Downtown,50,Heavy Rain,19.1,66.2,0,743,48.99
2026-06-03 21:15:00,21,Wednesday,0,Downtown,50,Rainy,22.9,85.8,0,758,26.69
2026-06-03 21:30:00,21,Wednesday,0,Downtown,50,Clear,32.1,85.3,0,634,12.86
2026-06-03 21:45:00,21,Wednesday,0,Residential,30,Rainy,18.0,62.0,0,352,32.24
2026-06-03 22:00:00,22,Wednesday,0,Residential,30,Clear,34.7,73.4,0,207,8.64
2026-06-03 22:15:00,22,Wednesday,0,Highway,100,Clear,25.5,76.0,0,1283,15.14
2026-06-03 22:30:00,22,Wednesday,0,Highway,100,Foggy,31.4,67.0,0,1223,27.58
2026-06-03 22:45:00,22,Wednesday,0,Downtown,50,Clear,22.2,64.7,0,580,11.67
2026-06-03 23:00:00,23,Wednesday,0,Downtown,50,Rainy,17.0,52.0,0,120,8.64
2026-06-03 23:15:00,23,Wednesday,0,Downtown,50,Rainy,27.4,57.6,0,248,17.56
2026-06-03 23:30:00,23,Wednesday,0,Downtown,50,Clear,28.5,56.3,0,151,5.0
2026-06-03 23:45:00,23,Wednesday,0,Downtown,50,Clear,27.9,74.7,0,79,0.0
2026-06-04 00:00:00,0,Thursday,0,Highway,100,Clear,28.1,86.9,0,446,7.63
2026-06-04 00:15:00,0,Thursday,0,Downtown,50,Clear,33.1,73.5,0,184,1.26
2026-06-04 00:30:00,0,Thursday,0,Arterial,70,Foggy,25.9,59.0,1,217,54.28
2026-06-04 00:45:00,0,Thursday,0,Highway,100,Rainy,33.4,54.0,0,421,16.54
2026-06-04 01:00:00,1,Thursday,0,Downtown,50,Rainy,15.4,88.1,0,306,17.37
2026-06-04 01:15:00,1,Thursday,0,Highway,100,Foggy,17.3,75.2,0,333,21.16
2026-06-04 01:30:00,1,Thursday,0,Highway,100,Clear,21.0,69.9,0,486,3.54
2026-06-04 01:45:00,1,Thursday,0,Highway,100,Foggy,32.0,73.4,0,347,21.87
2026-06-04 02:00:00,2,Thursday,0,Downtown,50,Clear,26.7,89.8,0,111,2.63
2026-06-04 02:15:00,2,Thursday,0,Downtown,50,Clear,17.3,44.7,0,317,8.71
2026-06-04 02:30:00,2,Thursday,0,Residential,30,Clear,25.3,61.5,0,276,11.49
2026-06-04 02:45:00,2,Thursday,0,Downtown,50,Foggy,23.9,70.4,0,396,29.23
2026-06-04 03:00:00,3,Thursday,0,Highway,100,Clear,17.1,59.2,0,410,5.61
2026-06-04 03:15:00,3,Thursday,0,Downtown,50,Rainy,25.1,71.7,0,110,10.54
2026-06-04 03:30:00,3,Thursday,0,Arterial,70,Clear,17.8,53.8,1,213,32.83
2026-06-04 03:45:00,3,Thursday,0,Highway,100,Clear,20.6,50.3,0,322,1.81
2026-06-04 04:00:00,4,Thursday,0,Downtown,50,Clear,25.3,54.7,0,106,1.83
2026-06-04 04:15:00,4,Thursday,0,Downtown,50,Clear,21.9,65.4,0,428,9.55
2026-06-04 04:30:00,4,Thursday,0,Residential,30,Clear,20.5,59.7,0,199,8.5
2026-06-04 04:45:00,4,Thursday,0,Downtown,50,Clear,21.2,81.2,1,142,38.67
2026-06-04 05:00:00,5,Thursday,0,Highway,100,Clear,27.1,74.3,0,260,0.0
2026-06-04 05:15:00,5,Thursday,0,Arterial,70,Clear,23.4,77.6,0,213,2.08
2026-06-04 05:30:00,5,Thursday,0,Residential,30,Rainy,28.6,58.1,0,124,19.91
2026-06-04 05:45:00,5,Thursday,0,Residential,30,Rainy,17.4,85.1,0,50,14.6
2026-06-04 06:00:00,6,Thursday,0,Highway,100,Clear,20.9,64.3,0,1024,15.13
2026-06-04 06:15:00,6,Thursday,0,Downtown,50,Rainy,31.9,74.6,0,556,27.39
2026-06-04 06:30:00,6,Thursday,0,Arterial,70,Rainy,23.9,79.9,0,621,21.68
2026-06-04 06:45:00,6,Thursday,0,Arterial,70,Clear,27.0,75.3,0,709,12.2
2026-06-04 07:00:00,7,Thursday,0,Arterial,70,Clear,32.8,57.3,0,845,15.52
2026-06-04 07:15:00,7,Thursday,0,Downtown,50,Clear,16.4,60.5,0,815,23.37
2026-06-04 07:30:00,7,Thursday,0,Arterial,70,Clear,34.8,62.7,0,834,12.36
2026-06-04 07:45:00,7,Thursday,0,Highway,100,Clear,34.3,59.2,0,1249,14.66
2026-06-04 08:00:00,8,Thursday,0,Highway,100,Clear,30.1,62.9,0,2508,54.35
2026-06-04 08:15:00,8,Thursday,0,Residential,30,Clear,31.5,89.2,0,687,54.57
2026-06-04 08:30:00,8,Thursday,0,Arterial,70,Clear,25.8,47.7,0,1868,58.13
2026-06-04 08:45:00,8,Thursday,0,Downtown,50,Clear,21.0,53.0,0,1379,51.92
2026-06-04 09:00:00,9,Thursday,0,Highway,100,Heavy Rain,26.2,57.4,0,2499,78.23
2026-06-04 09:15:00,9,Thursday,0,Downtown,50,Clear,23.0,89.7,0,1532,62.69
2026-06-04 09:30:00,9,Thursday,0,Downtown,50,Clear,22.9,42.0,0,1217,50.38
2026-06-04 09:45:00,9,Thursday,0,Residential,30,Foggy,29.4,66.7,0,736,72.28
2026-06-04 10:00:00,10,Thursday,0,Highway,100,Rainy,20.5,83.9,0,2505,62.11
2026-06-04 10:15:00,10,Thursday,0,Residential,30,Clear,32.3,69.4,0,591,46.9
2026-06-04 10:30:00,10,Thursday,0,Downtown,50,Clear,25.2,64.6,0,1543,56.06
2026-06-04 10:45:00,10,Thursday,0,Downtown,50,Clear,34.1,50.0,0,1376,56.67
2026-06-04 11:00:00,11,Thursday,0,Downtown,50,Foggy,16.2,84.2,0,979,40.83
2026-06-04 11:15:00,11,Thursday,0,Residential,30,Clear,24.5,74.4,0,257,12.9
2026-06-04 11:30:00,11,Thursday,0,Highway,100,Clear,31.1,53.9,0,1195,17.66
2026-06-04 11:45:00,11,Thursday,0,Highway,100,Rainy,31.7,77.0,0,1356,31.38
2026-06-04 12:00:00,12,Thursday,0,Downtown,50,Rainy,31.9,70.7,0,601,25.59
2026-06-04 12:15:00,12,Thursday,0,Arterial,70,Clear,16.3,57.4,0,612,12.23
2026-06-04 12:30:00,12,Thursday,0,Highway,100,Clear,30.9,75.4,0,1240,13.53
2026-06-04 12:45:00,12,Thursday,0,Highway,100,Clear,20.6,80.2,0,1359,16.58
2026-06-04 13:00:00,13,Thursday,0,Arterial,70,Clear,19.5,72.0,1,641,50.75
2026-06-04 13:15:00,13,Thursday,0,Downtown,50,Clear,32.8,65.2,0,916,24.54
2026-06-04 13:30:00,13,Thursday,0,Highway,100,Rainy,19.8,75.7,0,1288,32.37
2026-06-04 13:45:00,13,Thursday,0,Arterial,70,Clear,30.5,53.6,0,756,13.09
2026-06-04 14:00:00,14,Thursday,0,Downtown,50,Clear,30.0,55.9,0,624,14.23
2026-06-04 14:15:00,14,Thursday,0,Highway,100,Rainy,16.3,82.0,0,1359,26.56
2026-06-04 14:30:00,14,Thursday,0,Arterial,70,Clear,22.2,53.5,0,963,16.25
2026-06-04 14:45:00,14,Thursday,0,Residential,30,Clear,33.2,58.9,1,381,50.57
2026-06-04 15:00:00,15,Thursday,0,Arterial,70,Clear,27.7,75.2,0,902,14.63
2026-06-04 15:15:00,15,Thursday,0,Downtown,50,Heavy Rain,30.2,87.5,0,625,41.26
2026-06-04 15:30:00,15,Thursday,0,Downtown,50,Clear,16.0,58.0,1,360,43.23
2026-06-04 15:45:00,15,Thursday,0,Arterial,70,Clear,22.4,58.5,0,785,19.22
2026-06-04 16:00:00,16,Thursday,0,Downtown,50,Foggy,19.2,72.9,0,667,34.25
2026-06-04 16:15:00,16,Thursday,0,Downtown,50,Clear,20.9,46.8,0,595,16.9
2026-06-04 16:30:00,16,Thursday,0,Downtown,50,Clear,29.3,50.0,0,594,9.26
2026-06-04 16:45:00,16,Thursday,0,Highway,100,Clear,25.3,53.4,0,1232,12.57
2026-06-04 17:00:00,17,Thursday,0,Arterial,70,Clear,25.6,69.8,0,1744,54.91
2026-06-04 17:15:00,17,Thursday,0,Arterial,70,Rainy,21.2,78.7,0,1732,66.86
2026-06-04 17:30:00,17,Thursday,0,Highway,100,Clear,30.4,80.4,0,2637,53.07
2026-06-04 17:45:00,17,Thursday,0,Arterial,70,Clear,22.4,40.1,0,1699,54.33
2026-06-04 18:00:00,18,Thursday,0,Downtown,50,Clear,33.0,79.2,0,1127,44.8
2026-06-04 18:15:00,18,Thursday,0,Arterial,70,Clear,19.6,52.3,0,1658,58.39
2026-06-04 18:30:00,18,Thursday,0,Highway,100,Heavy Rain,33.9,79.3,1,2584,100.0
2026-06-04 18:45:00,18,Thursday,0,Highway,100,Clear,19.5,49.8,0,2673,57.42
2026-06-04 19:00:00,19,Thursday,0,Arterial,70,Clear,31.2,71.8,0,1539,53.69
2026-06-04 19:15:00,19,Thursday,0,Arterial,70,Foggy,20.8,63.5,0,1641,71.53
2026-06-04 19:30:00,19,Thursday,0,Highway,100,Clear,27.6,62.4,0,2524,55.62
2026-06-04 19:45:00,19,Thursday,0,Highway,100,Clear,28.6,43.8,0,2498,57.66
2026-06-04 20:00:00,20,Thursday,0,Arterial,70,Clear,15.9,48.3,0,893,18.03
2026-06-04 20:15:00,20,Thursday,0,Highway,100,Heavy Rain,18.9,87.6,1,1068,77.87
2026-06-04 20:30:00,20,Thursday,0,Arterial,70,Clear,16.5,71.1,1,905,50.4
2026-06-04 20:45:00,20,Thursday,0,Residential,30,Foggy,34.2,66.1,1,273,66.87
2026-06-04 21:00:00,21,Thursday,0,Arterial,70,Rainy,19.9,72.0,0,867,24.81
2026-06-04 21:15:00,21,Thursday,0,Downtown,50,Clear,15.2,40.5,0,549,14.29
2026-06-04 21:30:00,21,Thursday,0,Arterial,70,Rainy,29.6,44.8,0,837,26.39
2026-06-04 21:45:00,21,Thursday,0,Downtown,50,Clear,20.8,59.9,0,622,18.1
2026-06-04 22:00:00,22,Thursday,0,Arterial,70,Rainy,33.4,87.5,0,983,28.84
2026-06-04 22:15:00,22,Thursday,0,Highway,100,Clear,22.2,72.8,0,1261,13.06
2026-06-04 22:30:00,22,Thursday,0,Highway,100,Clear,15.7,48.8,0,1075,19.52
2026-06-04 22:45:00,22,Thursday,0,Arterial,70,Clear,30.2,54.1,0,817,18.24
2026-06-04 23:00:00,23,Thursday,0,Downtown,50,Clear,25.0,50.2,0,133,0.0
2026-06-04 23:15:00,23,Thursday,0,Residential,30,Clear,16.4,43.5,0,50,2.87
2026-06-04 23:30:00,23,Thursday,0,Downtown,50,Rainy,21.6,74.7,0,85,15.2
2026-06-04 23:45:00,23,Thursday,0,Residential,30,Clear,20.6,61.3,0,141,4.95
2026-06-05 00:00:00,0,Friday,0,Highway,100,Clear,25.5,42.7,1,272,35.36
2026-06-05 00:15:00,0,Friday,0,Arterial,70,Clear,15.0,76.5,1,321,37.63
2026-06-05 00:30:00,0,Friday,0,Downtown,50,Rainy,23.5,55.1,0,303,20.63
2026-06-05 00:45:00,0,Friday,0,Highway,100,Clear,33.0,80.3,1,288,42.9
2026-06-05 01:00:00,1,Friday,0,Arterial,70,Rainy,16.6,67.2,0,297,15.92
2026-06-05 01:15:00,1,Friday,0,Arterial,70,Heavy Rain,15.8,53.3,0,366,31.94
2026-06-05 01:30:00,1,Friday,0,Downtown,50,Clear,25.3,65.4,0,329,10.46
2026-06-05 01:45:00,1,Friday,0,Arterial,70,Foggy,28.9,76.4,0,340,22.59
2026-06-05 02:00:00,2,Friday,0,Highway,100,Clear,21.7,88.9,0,486,8.95
2026-06-05 02:15:00,2,Friday,0,Arterial,70,Foggy,24.9,59.0,0,323,26.66
2026-06-05 02:30:00,2,Friday,0,Arterial,70,Clear,31.8,40.6,0,232,5.76
2026-06-05 02:45:00,2,Friday,0,Highway,100,Rainy,31.3,67.3,1,360,49.56
2026-06-05 03:00:00,3,Friday,0,Downtown,50,Foggy,18.6,80.0,0,80,18.98
2026-06-05 03:15:00,3,Friday,0,Residential,30,Clear,21.2,54.5,0,227,12.17
2026-06-05 03:30:00,3,Friday,0,Highway,100,Clear,26.4,81.6,0,368,2.73
2026-06-05 03:45:00,3,Friday,0,Highway,100,Clear,22.1,71.1,0,284,8.19
2026-06-05 04:00:00,4,Friday,0,Highway,100,Rainy,20.7,61.6,0,308,15.4
2026-06-05 04:15:00,4,Friday,0,Arterial,70,Foggy,27.8,73.6,0,196,17.73
2026-06-05 04:30:00,4,Friday,0,Downtown,50,Clear,20.6,53.8,0,50,1.37
2026-06-05 04:45:00,4,Friday,0,Residential,30,Clear,23.1,76.9,0,50,0.0
2026-06-05 05:00:00,5,Friday,0,Arterial,70,Clear,19.1,64.2,0,353,2.83
2026-06-05 05:15:00,5,Friday,0,Residential,30,Clear,16.5,43.8,1,50,36.46
2026-06-05 05:30:00,5,Friday,0,Arterial,70,Clear,28.0,53.4,0,382,10.28
2026-06-05 05:45:00,5,Friday,0,Downtown,50,Clear,20.4,69.9,0,266,7.07
2026-06-05 06:00:00,6,Friday,0,Highway,100,Clear,29.0,74.0,0,1265,15.2
2026-06-05 06:15:00,6,Friday,0,Highway,100,Clear,34.2,60.0,0,1327,13.7
2026-06-05 06:30:00,6,Friday,0,Residential,30,Clear,15.2,61.7,0,387,18.16
2026-06-05 06:45:00,6,Friday,0,Arterial,70,Clear,23.7,76.2,0,1049,24.01
2026-06-05 07:00:00,7,Friday,0,Downtown,50,Clear,29.3,44.6,0,743,18.59
2026-06-05 07:15:00,7,Friday,0,Highway,100,Clear,19.3,53.5,0,1251,13.65
2026-06-05 07:30:00,7,Friday,0,Downtown,50,Clear,28.5,44.1,1,748,53.36
2026-06-05 07:45:00,7,Friday,0,Downtown,50,Foggy,25.9,50.0,0,804,38.93
2026-06-05 08:00:00,8,Friday,0,Arterial,70,Clear,22.4,86.0,0,1473,50.75
2026-06-05 08:15:00,8,Friday,0,Arterial,70,Foggy,28.3,79.4,0,1519,70.85
2026-06-05 08:30:00,8,Friday,0,Downtown,50,Clear,23.9,72.5,0,1342,47.18
2026-06-05 08:45:00,8,Friday,0,Highway,100,Clear,25.1,42.8,0,2460,57.39
2026-06-05 09:00:00,9,Friday,0,Downtown,50,Clear,18.2,48.0,0,1465,52.18
2026-06-05 09:15:00,9,Friday,0,Residential,30,Rainy,28.7,45.5,0,569,57.39
2026-06-05 09:30:00,9,Friday,0,Arterial,70,Clear,22.1,57.7,0,1599,55.3
2026-06-05 09:45:00,9,Friday,0,Residential,30,Heavy Rain,21.5,57.7,0,672,77.99
2026-06-05 10:00:00,10,Friday,0,Arterial,70,Clear,18.9,82.9,0,1700,54.69
2026-06-05 10:15:00,10,Friday,0,Downtown,50,Clear,27.2,48.0,0,1466,52.56
2026-06-05 10:30:00,10,Friday,0,Highway,100,Clear,18.3,40.1,0,2533,59.22
2026-06-05 10:45:00,10,Friday,0,Highway,100,Clear,15.4,48.3,0,2434,48.96
2026-06-05 11:00:00,11,Friday,0,Highway,100,Clear,25.4,70.4,0,1242,13.9
2026-06-05 11:15:00,11,Friday,0,Highway,100,Clear,34.2,70.8,0,1069,7.86
2026-06-05 11:30:00,11,Friday,0,Arterial,70,Rainy,29.0,48.6,0,961,29.48
2026-06-05 11:45:00,11,Friday,0,Downtown,50,Clear,17.3,70.3,0,592,12.23
2026-06-05 12:00:00,12,Friday,0,Downtown,50,Clear,22.8,84.8,0,377,9.35
2026-06-05 12:15:00,12,Friday,0,Highway,100,Rainy,16.4,63.7,0,1435,33.11
2026-06-05 12:30:00,12,Friday,0,Highway,100,Clear,29.5,66.8,0,1303,17.47
2026-06-05 12:45:00,12,Friday,0,Arterial,70,Clear,30.8,62.6,0,743,13.88
2026-06-05 13:00:00,13,Friday,0,Arterial,70,Rainy,33.0,50.2,0,806,30.09
2026-06-05 13:15:00,13,Friday,0,Arterial,70,Heavy Rain,16.3,72.4,0,984,45.16
2026-06-05 13:30:00,13,Friday,0,Arterial,70,Heavy Rain,26.2,56.1,0,689,36.64
2026-06-05 13:45:00,13,Friday,0,Highway,100,Clear,24.3,76.1,0,1338,13.48
2026-06-05 14:00:00,14,Friday,0,Arterial,70,Clear,31.1,78.6,0,1007,20.32
2026-06-05 14:15:00,14,Friday,0,Downtown,50,Rainy,25.4,47.0,0,868,33.82
2026-06-05 14:30:00,14,Friday,0,Highway,100,Clear,32.8,77.5,0,1324,21.04
2026-06-05 14:45:00,14,Friday,0,Downtown,50,Foggy,26.6,71.6,0,917,38.19
2026-06-05 15:00:00,15,Friday,0,Highway,100,Clear,21.3,52.1,0,1362,16.73
2026-06-05 15:15:00,15,Friday,0,Arterial,70,Clear,16.5,74.8,0,901,20.16
2026-06-05 15:30:00,15,Friday,0,Downtown,50,Clear,28.8,53.2,0,529,15.34
2026-06-05 15:45:00,15,Friday,0,Highway,100,Clear,28.9,50.9,0,1361,13.49
2026-06-05 16:00:00,16,Friday,0,Downtown,50,Rainy,30.2,49.4,0,586,29.62
2026-06-05 16:15:00,16,Friday,0,Arterial,70,Clear,20.2,41.7,0,881,11.99
2026-06-05 16:30:00,16,Friday,0,Highway,100,Rainy,21.5,84.9,0,1340,28.04
2026-06-05 16:45:00,16,Friday,0,Residential,30,Rainy,31.9,52.5,0,440,33.84
2026-06-05 17:00:00,17,Friday,0,Residential,30,Heavy Rain,19.8,42.0,0,845,86.62
2026-06-05 17:15:00,17,Friday,0,Arterial,70,Clear,28.1,51.6,0,1754,59.21
2026-06-05 17:30:00,17,Friday,0,Downtown,50,Clear,31.7,71.0,0,1516,57.45
2026-06-05 17:45:00,17,Friday,0,Arterial,70,Clear,34.8,77.8,0,1581,56.54
2026-06-05 18:00:00,18,Friday,0,Highway,100,Clear,33.6,86.5,0,2343,52.01
2026-06-05 18:15:00,18,Friday,0,Residential,30,Heavy Rain,28.0,80.2,0,628,78.92
2026-06-05 18:30:00,18,Friday,0,Arterial,70,Rainy,28.6,58.7,0,1680,61.99
2026-06-05 18:45:00,18,Friday,0,Downtown,50,Rainy,28.0,53.8,0,1547,74.21
2026-06-05 19:00:00,19,Friday,0,Highway,100,Rainy,24.1,73.4,0,2582,70.59
2026-06-05 19:15:00,19,Friday,0,Downtown,50,Rainy,31.1,88.0,0,1096,58.02
2026-06-05 19:30:00,19,Friday,0,Highway,100,Clear,20.5,86.1,0,2311,54.52
2026-06-05 19:45:00,19,Friday,0,Highway,100,Clear,23.5,44.2,0,2384,53.97
2026-06-05 20:00:00,20,Friday,0,Residential,30,Foggy,18.9,76.9,0,384,35.68
2026-06-05 20:15:00,20,Friday,0,Arterial,70,Rainy,16.2,56.8,0,815,25.2
2026-06-05 20:30:00,20,Friday,0,Highway,100,Clear,19.6,63.5,0,1055,11.93
2026-06-05 20:45:00,20,Friday,0,Downtown,50,Clear,21.0,51.6,0,607,9.91
2026-06-05 21:00:00,21,Friday,0,Downtown,50,Clear,19.2,80.5,0,805,17.15
2026-06-05 21:15:00,21,Friday,0,Highway,100,Clear,24.7,55.1,0,1216,16.26
2026-06-05 21:30:00,21,Friday,0,Arterial,70,Clear,17.9,71.2,0,738,13.9
2026-06-05 21:45:00,21,Friday,0,Arterial,70,Clear,31.4,42.8,0,1048,18.88
2026-06-05 22:00:00,22,Friday,0,Arterial,70,Rainy,30.5,83.1,0,986,31.08
2026-06-05 22:15:00,22,Friday,0,Residential,30,Foggy,22.4,49.8,0,343,38.7
2026-06-05 22:30:00,22,Friday,0,Arterial,70,Rainy,22.2,83.0,0,776,20.8
2026-06-05 22:45:00,22,Friday,0,Downtown,50,Clear,18.9,87.6,0,928,25.97
2026-06-05 23:00:00,23,Friday,0,Arterial,70,Clear,19.6,67.6,0,132,3.71
2026-06-05 23:15:00,23,Friday,0,Arterial,70,Clear,20.6,50.9,0,174,5.8
2026-06-05 23:30:00,23,Friday,0,Residential,30,Heavy Rain,26.4,47.2,0,50,33.86
2026-06-05 23:45:00,23,Friday,0,Highway,100,Clear,31.9,79.8,0,227,4.91
2026-06-06 00:00:00,0,Saturday,1,Highway,100,Foggy,20.0,53.2,0,395,24.11
2026-06-06 00:15:00,0,Saturday,1,Downtown,50,Rainy,18.0,62.9,0,196,13.73
2026-06-06 00:30:00,0,Saturday,1,Residential,30,Clear,20.8,50.4,0,91,6.81
2026-06-06 00:45:00,0,Saturday,1,Arterial,70,Rainy,18.1,64.4,0,176,19.5
2026-06-06 01:00:00,1,Saturday,1,Downtown,50,Clear,15.6,50.2,0,489,11.78
2026-06-06 01:15:00,1,Saturday,1,Residential,30,Clear,25.0,42.5,0,50,7.45
2026-06-06 01:30:00,1,Saturday,1,Downtown,50,Clear,15.5,62.5,0,229,2.52
2026-06-06 01:45:00,1,Saturday,1,Highway,100,Clear,22.6,80.1,0,295,4.8
2026-06-06 02:00:00,2,Saturday,1,Downtown,50,Clear,28.5,68.3,0,123,2.3
2026-06-06 02:15:00,2,Saturday,1,Highway,100,Rainy,25.5,78.8,0,336,16.05
2026-06-06 02:30:00,2,Saturday,1,Residential,30,Rainy,33.7,53.3,0,50,17.71
2026-06-06 02:45:00,2,Saturday,1,Downtown,50,Foggy,32.7,77.0,0,305,29.35
2026-06-06 03:00:00,3,Saturday,1,Residential,30,Clear,21.8,43.9,0,50,0.0
2026-06-06 03:15:00,3,Saturday,1,Downtown,50,Foggy,18.7,58.6,0,238,19.97
2026-06-06 03:30:00,3,Saturday,1,Highway,100,Heavy Rain,23.9,65.1,0,609,34.57
2026-06-06 03:45:00,3,Saturday,1,Downtown,50,Rainy,26.6,85.2,0,86,19.2
2026-06-06 04:00:00,4,Saturday,1,Arterial,70,Foggy,32.9,85.5,0,107,22.8
2026-06-06 04:15:00,4,Saturday,1,Highway,100,Clear,21.8,61.5,0,402,3.36
2026-06-06 04:30:00,4,Saturday,1,Arterial,70,Clear,24.9,55.0,0,94,1.07
2026-06-06 04:45:00,4,Saturday,1,Highway,100,Clear,33.0,57.2,0,425,5.97
2026-06-06 05:00:00,5,Saturday,1,Downtown,50,Clear,28.1,84.9,0,256,7.34
2026-06-06 05:15:00,5,Saturday,1,Highway,100,Clear,24.3,45.9,1,541,43.64
2026-06-06 05:30:00,5,Saturday,1,Highway,100,Rainy,25.6,45.2,0,150,15.64
2026-06-06 05:45:00,5,Saturday,1,Residential,30,Rainy,34.7,53.0,1,50,46.69
2026-06-06 06:00:00,6,Saturday,1,Highway,100,Clear,28.8,62.9,0,1090,15.72
2026-06-06 06:15:00,6,Saturday,1,Arterial,70,Clear,31.5,81.0,0,685,8.78
2026-06-06 06:30:00,6,Saturday,1,Downtown,50,Clear,19.2,44.2,0,848,19.08
2026-06-06 06:45:00,6,Saturday,1,Highway,100,Clear,31.2,81.2,0,1035,11.9
2026-06-06 07:00:00,7,Saturday,1,Residential,30,Clear,33.7,74.2,0,346,14.19
2026-06-06 07:15:00,7,Saturday,1,Arterial,70,Clear,28.1,88.6,0,798,15.63
2026-06-06 07:30:00,7,Saturday,1,Arterial,70,Clear,27.3,86.9,0,814,13.53
2026-06-06 07:45:00,7,Saturday,1,Arterial,70,Clear,31.7,80.7,0,675,10.66
2026-06-06 08:00:00,8,Saturday,1,Highway,100,Clear,23.3,73.8,0,1240,13.62
2026-06-06 08:15:00,8,Saturday,1,Highway,100,Clear,31.5,42.1,0,1078,14.58
2026-06-06 08:30:00,8,Saturday,1,Arterial,70,Rainy,34.2,51.0,0,1004,35.3
2026-06-06 08:45:00,8,Saturday,1,Arterial,70,Rainy,25.6,73.9,0,933,31.33
2026-06-06 09:00:00,9,Saturday,1,Highway,100,Rainy,25.8,82.2,0,1347,28.37
2026-06-06 09:15:00,9,Saturday,1,Highway,100,Rainy,24.7,65.7,0,1041,27.42
2026-06-06 09:30:00,9,Saturday,1,Highway,100,Clear,15.1,88.9,1,1440,51.11
2026-06-06 09:45:00,9,Saturday,1,Arterial,70,Rainy,31.1,87.3,0,755,28.87
2026-06-06 10:00:00,10,Saturday,1,Residential,30,Clear,27.1,73.0,0,403,14.86
2026-06-06 10:15:00,10,Saturday,1,Highway,100,Clear,25.9,60.9,0,1223,11.81
2026-06-06 10:30:00,10,Saturday,1,Downtown,50,Foggy,16.7,59.7,0,564,31.85
2026-06-06 10:45:00,10,Saturday,1,Highway,100,Clear,31.7,88.7,0,1318,15.57
2026-06-06 11:00:00,11,Saturday,1,Residential,30,Clear,16.0,42.0,0,306,13.66
2026-06-06 11:15:00,11,Saturday,1,Arterial,70,Clear,30.7,55.3,0,632,16.45
2026-06-06 11:30:00,11,Saturday,1,Residential,30,Clear,20.5,75.5,0,320,16.89
2026-06-06 11:45:00,11,Saturday,1,Arterial,70,Clear,23.5,81.6,0,755,12.16
2026-06-06 12:00:00,12,Saturday,1,Downtown,50,Foggy,16.9,62.5,0,781,33.42
2026-06-06 12:15:00,12,Saturday,1,Highway,100,Clear,23.8,56.7,0,1111,14.36
2026-06-06 12:30:00,12,Saturday,1,Arterial,70,Rainy,30.2,47.7,0,743,22.04
2026-06-06 12:45:00,12,Saturday,1,Arterial,70,Rainy,16.1,41.7,0,726,27.57
2026-06-06 13:00:00,13,Saturday,1,Downtown,50,Clear,32.7,84.8,0,643,10.33
2026-06-06 13:15:00,13,Saturday,1,Highway,100,Rainy,31.5,73.7,0,1127,25.24
2026-06-06 13:30:00,13,Saturday,1,Downtown,50,Clear,28.4,53.5,0,772,20.89
2026-06-06 13:45:00,13,Saturday,1,Arterial,70,Foggy,20.8,63.4,0,655,24.77
2026-06-06 14:00:00,14,Saturday,1,Arterial,70,Clear,32.0,50.1,0,951,19.64
2026-06-06 14:15:00,14,Saturday,1,Arterial,70,Rainy,15.3,80.9,0,725,23.7
2026-06-06 14:30:00,14,Saturday,1,Downtown,50,Clear,32.3,45.1,0,645,17.34
2026-06-06 14:45:00,14,Saturday,1,Downtown,50,Clear,27.1,74.1,0,501,9.81
2026-06-06 15:00:00,15,Saturday,1,Downtown,50,Clear,28.8,51.7,0,603,15.83
2026-06-06 15:15:00,15,Saturday,1,Highway,100,Clear,27.1,82.5,0,1158,18.37
2026-06-06 15:30:00,15,Saturday,1,Arterial,70,Foggy,21.6,63.3,0,817,32.51
2026-06-06 15:45:00,15,Saturday,1,Highway,100,Clear,23.5,67.4,0,1380,13.66
2026-06-06 16:00:00,16,Saturday,1,Residential,30,Clear,32.8,68.8,0,257,11.68
2026-06-06 16:15:00,16,Saturday,1,Highway,100,Clear,21.8,85.9,0,1312,14.37
2026-06-06 16:30:00,16,Saturday,1,Highway,100,Clear,29.0,85.0,0,1401,21.17
2026-06-06 16:45:00,16,Saturday,1,Residential,30,Clear,15.0,53.6,0,492,26.67
2026-06-06 17:00:00,17,Saturday,1,Arterial,70,Clear,29.6,56.2,0,603,13.55
2026-06-06 17:15:00,17,Saturday,1,Highway,100,Clear,31.6,85.9,0,1234,12.96
2026-06-06 17:30:00,17,Saturday,1,Downtown,50,Rainy,17.4,40.0,0,544,22.09
2026-06-06 17:45:00,17,Saturday,1,Highway,100,Clear,32.0,87.9,0,1156,14.69
2026-06-06 18:00:00,18,Saturday,1,Arterial,70,Clear,27.1,59.4,0,806,13.41
2026-06-06 18:15:00,18,Saturday,1,Highway,100,Clear,34.7,62.2,0,1413,18.85
2026-06-06 18:30:00,18,Saturday,1,Arterial,70,Clear,23.1,73.6,0,744,12.89
2026-06-06 18:45:00,18,Saturday,1,Downtown,50,Clear,26.6,74.7,0,763,18.43
2026-06-06 19:00:00,19,Saturday,1,Arterial,70,Rainy,27.4,49.3,0,784,21.63
2026-06-06 19:15:00,19,Saturday,1,Downtown,50,Rainy,18.9,46.3,1,693,59.8
2026-06-06 19:30:00,19,Saturday,1,Arterial,70,Clear,16.7,42.9,0,981,25.41
2026-06-06 19:45:00,19,Saturday,1,Highway,100,Clear,31.4,42.1,0,1128,16.75
2026-06-06 20:00:00,20,Saturday,1,Arterial,70,Clear,33.0,80.5,0,743,18.17
2026-06-06 20:15:00,20,Saturday,1,Downtown,50,Clear,18.8,75.1,0,784,17.09
2026-06-06 20:30:00,20,Saturday,1,Highway,100,Clear,16.1,78.3,0,1406,14.23
2026-06-06 20:45:00,20,Saturday,1,Arterial,70,Rainy,24.1,60.6,0,777,25.69
2026-06-06 21:00:00,21,Saturday,1,Arterial,70,Heavy Rain,22.6,43.1,0,689,41.12
2026-06-06 21:15:00,21,Saturday,1,Downtown,50,Heavy Rain,24.0,57.7,0,484,34.93
2026-06-06 21:30:00,21,Saturday,1,Downtown,50,Clear,28.0,43.1,0,720,17.9
2026-06-06 21:45:00,21,Saturday,1,Residential,30,Clear,24.5,70.1,0,148,3.66
2026-06-06 22:00:00,22,Saturday,1,Highway,100,Clear,18.3,76.7,0,1269,13.98
2026-06-06 22:15:00,22,Saturday,1,Arterial,70,Foggy,26.5,57.3,0,742,32.29
2026-06-06 22:30:00,22,Saturday,1,Arterial,70,Foggy,22.9,54.8,0,813,29.95
2026-06-06 22:45:00,22,Saturday,1,Arterial,70,Clear,33.8,77.8,0,1112,19.85
2026-06-06 23:00:00,23,Saturday,1,Downtown,50,Rainy,20.5,87.0,0,267,15.63
2026-06-06 23:15:00,23,Saturday,1,Highway,100,Clear,25.3,69.0,0,333,10.35
2026-06-06 23:30:00,23,Saturday,1,Downtown,50,Heavy Rain,15.4,89.1,0,129,33.46
2026-06-06 23:45:00,23,Saturday,1,Highway,100,Clear,27.9,59.0,0,460,6.43
2026-06-07 00:00:00,0,Sunday,1,Arterial,70,Clear,23.9,42.4,0,279,8.91
2026-06-07 00:15:00,0,Sunday,1,Arterial,70,Rainy,26.1,81.3,0,295,21.63
2026-06-07 00:30:00,0,Sunday,1,Arterial,70,Heavy Rain,25.8,70.3,0,372,40.85
2026-06-07 00:45:00,0,Sunday,1,Highway,100,Clear,27.1,78.2,0,443,2.17
2026-06-07 01:00:00,1,Sunday,1,Highway,100,Clear,18.3,49.2,0,295,3.32
2026-06-07 01:15:00,1,Sunday,1,Arterial,70,Clear,24.7,59.1,0,242,1.07
2026-06-07 01:30:00,1,Sunday,1,Highway,100,Clear,26.5,68.3,0,425,5.57
2026-06-07 01:45:00,1,Sunday,1,Highway,100,Clear,15.9,49.3,0,310,4.31
2026-06-07 02:00:00,2,Sunday,1,Residential,30,Rainy,20.9,43.9,0,50,14.63
2026-06-07 02:15:00,2,Sunday,1,Arterial,70,Heavy Rain,28.7,87.4,0,357,28.44
2026-06-07 02:30:00,2,Sunday,1,Highway,100,Clear,28.4,72.1,0,50,0.0
2026-06-07 02:45:00,2,Sunday,1,Highway,100,Clear,18.5,44.9,1,543,43.85
2026-06-07 03:00:00,3,Sunday,1,Arterial,70,Clear,19.7,44.8,0,314,9.07
2026-06-07 03:15:00,3,Sunday,1,Arterial,70,Clear,33.4,43.6,0,381,5.33
2026-06-07 03:30:00,3,Sunday,1,Residential,30,Clear,32.5,81.5,0,50,0.0
2026-06-07 03:45:00,3,Sunday,1,Residential,30,Clear,31.0,56.7,0,305,8.62
2026-06-07 04:00:00,4,Sunday,1,Downtown,50,Rainy,32.3,43.0,0,169,12.63
2026-06-07 04:15:00,4,Sunday,1,Arterial,70,Clear,25.4,89.8,0,124,7.24
2026-06-07 04:30:00,4,Sunday,1,Highway,100,Clear,34.0,84.0,0,524,3.11
2026-06-07 04:45:00,4,Sunday,1,Arterial,70,Clear,22.2,69.7,0,227,0.58
2026-06-07 05:00:00,5,Sunday,1,Arterial,70,Clear,19.2,77.1,0,384,5.4
2026-06-07 05:15:00,5,Sunday,1,Arterial,70,Clear,28.9,68.4,0,322,10.5
2026-06-07 05:30:00,5,Sunday,1,Arterial,70,Clear,20.2,61.0,0,50,1.31
2026-06-07 05:45:00,5,Sunday,1,Highway,100,Clear,20.7,76.7,0,436,5.87
2026-06-07 06:00:00,6,Sunday,1,Highway,100,Clear,16.8,71.3,0,1329,9.25
2026-06-07 06:15:00,6,Sunday,1,Residential,30,Clear,15.5,83.1,0,376,19.8
2026-06-07 06:30:00,6,Sunday,1,Downtown,50,Clear,30.0,85.7,0,631,11.97
2026-06-07 06:45:00,6,Sunday,1,Highway,100,Clear,21.1,67.8,0,1490,15.14
2026-06-07 07:00:00,7,Sunday,1,Highway,100,Clear,18.4,65.9,0,1173,10.12
2026-06-07 07:15:00,7,Sunday,1,Downtown,50,Clear,28.0,73.4,0,976,17.74
2026-06-07 07:30:00,7,Sunday,1,Downtown,50,Rainy,33.6,89.8,0,777,28.57
2026-06-07 07:45:00,7,Sunday,1,Highway,100,Clear,32.9,52.8,0,1505,19.0
2026-06-07 08:00:00,8,Sunday,1,Highway,100,Rainy,30.2,55.6,0,1327,29.32
2026-06-07 08:15:00,8,Sunday,1,Arterial,70,Rainy,30.3,74.6,1,721,59.8
2026-06-07 08:30:00,8,Sunday,1,Downtown,50,Rainy,26.5,50.3,0,617,20.68
2026-06-07 08:45:00,8,Sunday,1,Downtown,50,Rainy,19.6,60.3,0,771,27.62
2026-06-07 09:00:00,9,Sunday,1,Residential,30,Clear,30.0,84.8,0,169,4.21
2026-06-07 09:15:00,9,Sunday,1,Highway,100,Clear,17.2,52.4,0,1291,16.94
2026-06-07 09:30:00,9,Sunday,1,Arterial,70,Foggy,32.1,78.2,0,879,35.07
2026-06-07 09:45:00,9,Sunday,1,Downtown,50,Clear,25.0,72.3,0,656,12.72
2026-06-07 10:00:00,10,Sunday,1,Downtown,50,Foggy,17.7,87.6,0,844,39.51
2026-06-07 10:15:00,10,Sunday,1,Downtown,50,Foggy,21.3,82.9,0,823,39.32
2026-06-07 10:30:00,10,Sunday,1,Downtown,50,Clear,32.5,48.4,0,675,20.76
2026-06-07 10:45:00,10,Sunday,1,Downtown,50,Clear,18.4,81.8,0,772,14.99
2026-06-07 11:00:00,11,Sunday,1,Arterial,70,Clear,24.2,81.4,0,768,15.49
2026-06-07 11:15:00,11,Sunday,1,Downtown,50,Rainy,28.9,58.1,0,631,27.34
2026-06-07 11:30:00,11,Sunday,1,Arterial,70,Foggy,15.9,88.1,0,673,33.13
2026-06-07 11:45:00,11,Sunday,1,Highway,100,Foggy,21.0,78.8,0,1310,34.66
2026-06-07 12:00:00,12,Sunday,1,Arterial,70,Clear,21.9,66.0,0,841,19.07
2026-06-07 12:15:00,12,Sunday,1,Arterial,70,Clear,34.7,52.5,0,959,23.27
2026-06-07 12:30:00,12,Sunday,1,Arterial,70,Clear,30.7,49.8,0,720,19.12
2026-06-07 12:45:00,12,Sunday,1,Arterial,70,Clear,30.0,65.6,0,935,17.34
2026-06-07 13:00:00,13,Sunday,1,Arterial,70,Clear,19.1,60.9,0,897,19.03
2026-06-07 13:15:00,13,Sunday,1,Highway,100,Clear,16.4,76.2,0,1140,13.85
2026-06-07 13:30:00,13,Sunday,1,Arterial,70,Clear,22.5,71.1,0,827,14.3
2026-06-07 13:45:00,13,Sunday,1,Downtown,50,Clear,23.9,73.8,0,733,16.59
2026-06-07 14:00:00,14,Sunday,1,Arterial,70,Heavy Rain,30.1,52.4,0,874,42.86
2026-06-07 14:15:00,14,Sunday,1,Arterial,70,Clear,23.1,51.7,0,960,16.69
2026-06-07 14:30:00,14,Sunday,1,Highway,100,Clear,19.8,51.7,0,1288,12.29
2026-06-07 14:45:00,14,Sunday,1,Highway,100,Clear,22.5,83.8,0,1010,12.49
2026-06-07 15:00:00,15,Sunday,1,Highway,100,Heavy Rain,16.2,54.9,0,1149,41.03
2026-06-07 15:15:00,15,Sunday,1,Downtown,50,Clear,27.7,46.2,0,721,20.3
2026-06-07 15:30:00,15,Sunday,1,Highway,100,Heavy Rain,19.9,83.0,0,1448,46.49
2026-06-07 15:45:00,15,Sunday,1,Residential,30,Foggy,31.4,84.4,0,230,25.41
2026-06-07 16:00:00,16,Sunday,1,Arterial,70,Clear,25.9,48.0,0,778,12.04
2026-06-07 16:15:00,16,Sunday,1,Arterial,70,Rainy,29.8,72.3,0,737,26.25
2026-06-07 16:30:00,16,Sunday,1,Arterial,70,Clear,15.8,53.7,1,823,51.82
2026-06-07 16:45:00,16,Sunday,1,Highway,100,Clear,22.8,87.4,0,1212,16.11
2026-06-07 17:00:00,17,Sunday,1,Residential,30,Clear,30.5,57.1,0,304,12.83
2026-06-07 17:15:00,17,Sunday,1,Residential,30,Foggy,32.7,71.3,0,325,31.19
2026-06-07 17:30:00,17,Sunday,1,Arterial,70,Clear,22.1,47.4,0,786,18.43
2026-06-07 17:45:00,17,Sunday,1,Highway,100,Clear,19.7,55.0,0,1453,20.83
2026-06-07 18:00:00,18,Sunday,1,Arterial,70,Rainy,19.1,63.5,0,800,29.55
2026-06-07 18:15:00,18,Sunday,1,Downtown,50,Clear,28.8,55.8,0,532,13.86
2026-06-07 18:30:00,18,Sunday,1,Arterial,70,Clear,17.9,54.9,0,712,13.35
2026-06-07 18:45:00,18,Sunday,1,Arterial,70,Foggy,18.2,88.3,0,878,39.59
2026-06-07 19:00:00,19,Sunday,1,Residential,30,Clear,25.7,49.8,0,320,16.33
2026-06-07 19:15:00,19,Sunday,1,Arterial,70,Rainy,21.8,87.6,0,954,30.8
2026-06-07 19:30:00,19,Sunday,1,Highway,100,Clear,24.3,51.3,0,1242,18.04
2026-06-07 19:45:00,19,Sunday,1,Arterial,70,Heavy Rain,23.9,64.5,0,857,46.78
2026-06-07 20:00:00,20,Sunday,1,Downtown,50,Rainy,21.8,61.7,0,843,29.49
2026-06-07 20:15:00,20,Sunday,1,Residential,30,Clear,29.8,80.3,0,283,12.47
2026-06-07 20:30:00,20,Sunday,1,Arterial,70,Rainy,24.0,77.4,0,703,26.78
2026-06-07 20:45:00,20,Sunday,1,Downtown,50,Clear,19.1,54.6,0,520,11.54
2026-06-07 21:00:00,21,Sunday,1,Residential,30,Rainy,34.1,61.4,0,357,31.08
2026-06-07 21:15:00,21,Sunday,1,Downtown,50,Clear,23.9,46.2,0,815,19.91
2026-06-07 21:30:00,21,Sunday,1,Arterial,70,Clear,29.6,70.0,0,616,14.26
2026-06-07 21:45:00,21,Sunday,1,Downtown,50,Clear,32.9,46.0,0,745,20.62
2026-06-07 22:00:00,22,Sunday,1,Arterial,70,Clear,32.1,57.0,0,851,15.68
2026-06-07 22:15:00,22,Sunday,1,Downtown,50,Clear,23.6,48.3,0,962,23.58
2026-06-07 22:30:00,22,Sunday,1,Highway,100,Clear,15.8,56.1,0,1309,19.17
2026-06-07 22:45:00,22,Sunday,1,Arterial,70,Heavy Rain,29.4,86.5,0,767,43.62
2026-06-07 23:00:00,23,Sunday,1,Arterial,70,Clear,26.3,70.0,0,414,3.35
2026-06-07 23:15:00,23,Sunday,1,Residential,30,Rainy,33.5,78.1,0,168,16.49
2026-06-07 23:30:00,23,Sunday,1,Downtown,50,Clear,24.8,66.4,0,50,1.41
2026-06-07 23:45:00,23,Sunday,1,Downtown,50,Clear,16.7,61.8,0,50,0.0
2026-06-08 00:00:00,0,Monday,0,Arterial,70,Clear,33.7,86.1,0,381,4.64
2026-06-08 00:15:00,0,Monday,0,Highway,100,Clear,21.7,86.0,0,557,8.11
2026-06-08 00:30:00,0,Monday,0,Arterial,70,Clear,34.4,65.9,0,228,0.0
2026-06-08 00:45:00,0,Monday,0,Arterial,70,Clear,17.1,81.9,0,242,0.37
2026-06-08 01:00:00,1,Monday,0,Downtown,50,Clear,26.5,46.0,0,341,7.11
2026-06-08 01:15:00,1,Monday,0,Highway,100,Clear,15.8,62.5,0,137,4.08
2026-06-08 01:30:00,1,Monday,0,Arterial,70,Clear,22.3,45.0,0,273,8.22
2026-06-08 01:45:00,1,Monday,0,Downtown,50,Clear,27.6,62.8,0,102,5.19
2026-06-08 02:00:00,2,Monday,0,Arterial,70,Foggy,16.1,64.3,0,351,31.26
2026-06-08 02:15:00,2,Monday,0,Highway,100,Clear,32.0,68.0,0,347,5.56
2026-06-08 02:30:00,2,Monday,0,Downtown,50,Clear,28.7,86.6,0,226,2.11
2026-06-08 02:45:00,2,Monday,0,Downtown,50,Clear,32.6,72.4,0,85,2.89
2026-06-08 03:00:00,3,Monday,0,Arterial,70,Clear,33.2,78.0,0,130,0.73
2026-06-08 03:15:00,3,Monday,0,Downtown,50,Clear,19.5,70.8,0,156,0.0
2026-06-08 03:30:00,3,Monday,0,Highway,100,Heavy Rain,19.2,46.5,0,311,36.34
2026-06-08 03:45:00,3,Monday,0,Arterial,70,Clear,15.7,62.3,0,343,6.74
2026-06-08 04:00:00,4,Monday,0,Arterial,70,Rainy,17.7,86.8,0,260,18.18
2026-06-08 04:15:00,4,Monday,0,Arterial,70,Foggy,20.5,56.6,0,311,22.12
2026-06-08 04:30:00,4,Monday,0,Downtown,50,Clear,22.7,54.1,0,345,6.36
2026-06-08 04:45:00,4,Monday,0,Arterial,70,Foggy,18.6,87.4,0,377,22.81
2026-06-08 05:00:00,5,Monday,0,Arterial,70,Clear,23.9,77.1,0,222,3.24
2026-06-08 05:15:00,5,Monday,0,Arterial,70,Clear,22.1,60.0,0,354,7.33
2026-06-08 05:30:00,5,Monday,0,Highway,100,Clear,28.3,61.0,0,376,0.0
2026-06-08 05:45:00,5,Monday,0,Highway,100,Rainy,28.2,41.9,0,353,17.47
2026-06-08 06:00:00,6,Monday,0,Arterial,70,Foggy,29.3,69.1,0,824,36.92
2026-06-08 06:15:00,6,Monday,0,Arterial,70,Clear,34.3,74.9,0,832,19.14
2026-06-08 06:30:00,6,Monday,0,Highway,100,Clear,23.3,83.9,0,1286,20.02
2026-06-08 06:45:00,6,Monday,0,Highway,100,Heavy Rain,25.3,54.5,0,1208,45.63
2026-06-08 07:00:00,7,Monday,0,Highway,100,Clear,21.0,79.0,0,1188,13.54
2026-06-08 07:15:00,7,Monday,0,Arterial,70,Foggy,21.9,89.4,0,1057,36.99
2026-06-08 07:30:00,7,Monday,0,Residential,30,Clear,16.9,76.0,0,338,12.04
2026-06-08 07:45:00,7,Monday,0,Downtown,50,Clear,15.5,79.2,0,747,17.77
2026-06-08 08:00:00,8,Monday,0,Arterial,70,Clear,24.5,59.5,0,1643,55.32
2026-06-08 08:15:00,8,Monday,0,Downtown,50,Foggy,34.2,65.4,0,1429,69.21
2026-06-08 08:30:00,8,Monday,0,Highway,100,Clear,23.1,89.9,0,2424,53.05
2026-06-08 08:45:00,8,Monday,0,Highway,100,Clear,25.2,52.9,0,2489,51.81
2026-06-08 09:00:00,9,Monday,0,Residential,30,Foggy,21.7,68.5,0,661,70.12
2026-06-08 09:15:00,9,Monday,0,Highway,100,Clear,28.9,76.7,1,2558,83.89
2026-06-08 09:30:00,9,Monday,0,Arterial,70,Clear,18.4,88.9,0,1981,59.4
2026-06-08 09:45:00,9,Monday,0,Highway,100,Clear,28.9,65.8,1,2331,90.5
2026-06-08 10:00:00,10,Monday,0,Downtown,50,Clear,22.7,57.3,0,1389,58.1
2026-06-08 10:15:00,10,Monday,0,Downtown,50,Clear,21.8,80.5,0,1403,49.26
2026-06-08 10:30:00,10,Monday,0,Highway,100,Clear,28.0,65.6,0,2528,55.33
2026-06-08 10:45:00,10,Monday,0,Residential,30,Clear,26.4,83.4,0,599,53.5
2026-06-08 11:00:00,11,Monday,0,Highway,100,Clear,22.9,83.4,0,1169,11.02
2026-06-08 11:15:00,11,Monday,0,Residential,30,Heavy Rain,23.9,56.0,0,215,40.56
2026-06-08 11:30:00,11,Monday,0,Downtown,50,Clear,16.0,59.3,0,688,9.65
2026-06-08 11:45:00,11,Monday,0,Arterial,70,Clear,21.2,88.7,0,1091,16.13
2026-06-08 12:00:00,12,Monday,0,Residential,30,Clear,28.6,75.8,0,381,15.49
2026-06-08 12:15:00,12,Monday,0,Highway,100,Clear,29.8,50.5,0,1081,13.02
2026-06-08 12:30:00,12,Monday,0,Highway,100,Heavy Rain,16.5,50.0,0,1357,51.69
2026-06-08 12:45:00,12,Monday,0,Highway,100,Clear,19.8,50.7,0,1143,16.54
2026-06-08 13:00:00,13,Monday,0,Arterial,70,Clear,34.5,87.7,0,703,10.64
2026-06-08 13:15:00,13,Monday,0,Arterial,70,Rainy,32.2,82.2,0,704,28.72
2026-06-08 13:30:00,13,Monday,0,Highway,100,Rainy,15.2,60.5,0,1385,31.77
2026-06-08 13:45:00,13,Monday,0,Arterial,70,Rainy,20.9,62.3,0,921,25.98
2026-06-08 14:00:00,14,Monday,0,Downtown,50,Foggy,18.1,77.6,0,675,28.04
2026-06-08 14:15:00,14,Monday,0,Arterial,70,Clear,32.8,68.5,0,761,14.49
2026-06-08 14:30:00,14,Monday,0,Highway,100,Clear,21.2,49.1,0,1121,11.62
2026-06-08 14:45:00,14,Monday,0,Arterial,70,Clear,33.6,83.4,0,867,15.45
2026-06-08 15:00:00,15,Monday,0,Downtown,50,Rainy,17.3,72.2,0,923,35.92
2026-06-08 15:15:00,15,Monday,0,Arterial,70,Clear,15.7,71.9,0,630,10.29
2026-06-08 15:30:00,15,Monday,0,Arterial,70,Clear,28.8,79.8,0,849,19.24
2026-06-08 15:45:00,15,Monday,0,Arterial,70,Clear,28.0,83.4,0,759,14.97
2026-06-08 16:00:00,16,Monday,0,Highway,100,Clear,20.1,46.8,0,1329,16.33
2026-06-08 16:15:00,16,Monday,0,Downtown,50,Rainy,29.2,45.6,0,800,26.11
2026-06-08 16:30:00,16,Monday,0,Arterial,70,Heavy Rain,20.3,54.0,0,931,47.17
2026-06-08 16:45:00,16,Monday,0,Residential,30,Heavy Rain,16.3,81.1,0,244,40.14
2026-06-08 17:00:00,17,Monday,0,Downtown,50,Heavy Rain,33.2,62.0,0,1529,83.38
2026-06-08 17:15:00,17,Monday,0,Downtown,50,Clear,16.1,61.3,0,1424,56.19
2026-06-08 17:30:00,17,Monday,0,Arterial,70,Clear,16.3,88.6,0,1417,47.83
2026-06-08 17:45:00,17,Monday,0,Downtown,50,Rainy,29.3,53.4,0,1442,64.24
2026-06-08 18:00:00,18,Monday,0,Highway,100,Clear,32.4,84.5,0,2423,52.36
2026-06-08 18:15:00,18,Monday,0,Downtown,50,Rainy,19.9,61.1,0,1359,66.39
2026-06-08 18:30:00,18,Monday,0,Arterial,70,Clear,17.0,85.6,0,1654,56.86
2026-06-08 18:45:00,18,Monday,0,Arterial,70,Clear,16.8,77.8,0,1620,51.19
2026-06-08 19:00:00,19,Monday,0,Highway,100,Clear,26.8,82.0,0,2531,52.18
2026-06-08 19:15:00,19,Monday,0,Downtown,50,Clear,22.0,69.8,0,1542,62.59
2026-06-08 19:30:00,19,Monday,0,Downtown,50,Rainy,19.1,57.6,0,1445,64.43
2026-06-08 19:45:00,19,Monday,0,Residential,30,Heavy Rain,27.6,49.2,0,738,87.4
2026-06-08 20:00:00,20,Monday,0,Downtown,50,Rainy,29.1,81.7,0,776,30.99
2026-06-08 20:15:00,20,Monday,0,Highway,100,Clear,21.3,87.9,0,1116,14.95
2026-06-08 20:30:00,20,Monday,0,Downtown,50,Clear,19.7,64.7,0,644,13.52
2026-06-08 20:45:00,20,Monday,0,Downtown,50,Clear,33.2,47.3,0,629,12.92
2026-06-08 21:00:00,21,Monday,0,Downtown,50,Clear,30.1,55.5,0,727,16.39
2026-06-08 21:15:00,21,Monday,0,Highway,100,Clear,22.1,68.2,0,1234,16.72
2026-06-08 21:30:00,21,Monday,0,Residential,30,Clear,28.1,85.3,0,344,17.1
2026-06-08 21:45:00,21,Monday,0,Residential,30,Rainy,21.0,49.4,0,328,24.17
2026-06-08 22:00:00,22,Monday,0,Downtown,50,Clear,17.6,72.2,0,861,15.78
2026-06-08 22:15:00,22,Monday,0,Arterial,70,Rainy,28.7,71.4,0,833,26.12
2026-06-08 22:30:00,22,Monday,0,Residential,30,Clear,31.6,89.6,0,480,25.42
2026-06-08 22:45:00,22,Monday,0,Residential,30,Heavy Rain,28.7,52.2,0,376,44.18
2026-06-08 23:00:00,23,Monday,0,Residential,30,Clear,27.6,61.5,0,228,8.04
2026-06-08 23:15:00,23,Monday,0,Residential,30,Foggy,18.5,83.7,0,87,21.78
2026-06-08 23:30:00,23,Monday,0,Highway,100,Foggy,27.7,76.1,0,533,20.45
2026-06-08 23:45:00,23,Monday,0,Highway,100,Rainy,19.7,72.6,0,252,15.84
2026-06-09 00:00:00,0,Tuesday,0,Highway,100,Foggy,20.4,81.0,1,277,53.97
2026-06-09 00:15:00,0,Tuesday,0,Downtown,50,Heavy Rain,33.3,65.1,0,128,30.01
2026-06-09 00:30:00,0,Tuesday,0,Highway,100,Rainy,22.6,44.4,0,363,16.9
2026-06-09 00:45:00,0,Tuesday,0,Arterial,70,Clear,34.7,81.0,0,265,2.07
2026-06-09 01:00:00,1,Tuesday,0,Residential,30,Clear,31.9,62.3,0,50,3.91
2026-06-09 01:15:00,1,Tuesday,0,Arterial,70,Clear,16.4,58.1,0,239,5.0
2026-06-09 01:30:00,1,Tuesday,0,Downtown,50,Clear,30.9,69.8,0,407,4.82
2026-06-09 01:45:00,1,Tuesday,0,Downtown,50,Clear,17.9,44.7,0,158,5.06
2026-06-09 02:00:00,2,Tuesday,0,Highway,100,Rainy,21.4,65.3,0,328,19.25
2026-06-09 02:15:00,2,Tuesday,0,Downtown,50,Clear,15.2,41.0,0,337,0.0
2026-06-09 02:30:00,2,Tuesday,0,Highway,100,Clear,29.4,62.1,0,440,3.84
2026-06-09 02:45:00,2,Tuesday,0,Arterial,70,Clear,19.7,71.4,0,54,0.0
2026-06-09 03:00:00,3,Tuesday,0,Residential,30,Rainy,24.0,64.4,0,50,18.22
2026-06-09 03:15:00,3,Tuesday,0,Residential,30,Clear,24.7,68.3,0,72,7.44
2026-06-09 03:30:00,3,Tuesday,0,Downtown,50,Clear,24.8,49.6,0,233,4.78
2026-06-09 03:45:00,3,Tuesday,0,Arterial,70,Heavy Rain,25.7,71.6,0,202,29.0
2026-06-09 04:00:00,4,Tuesday,0,Highway,100,Clear,23.9,78.9,0,321,0.58
2026-06-09 04:15:00,4,Tuesday,0,Residential,30,Rainy,23.4,65.9,0,178,15.2
2026-06-09 04:30:00,4,Tuesday,0,Highway,100,Heavy Rain,18.5,72.4,0,471,36.14
2026-06-09 04:45:00,4,Tuesday,0,Downtown,50,Clear,32.8,43.9,0,376,6.45
2026-06-09 05:00:00,5,Tuesday,0,Downtown,50,Clear,19.8,54.1,0,50,0.0
2026-06-09 05:15:00,5,Tuesday,0,Highway,100,Rainy,31.5,47.3,0,421,21.13
2026-06-09 05:30:00,5,Tuesday,0,Highway,100,Clear,21.2,58.4,0,312,7.67
2026-06-09 05:45:00,5,Tuesday,0,Residential,30,Clear,30.4,64.2,0,50,4.05
2026-06-09 06:00:00,6,Tuesday,0,Downtown,50,Foggy,20.8,87.6,0,715,30.72
2026-06-09 06:15:00,6,Tuesday,0,Arterial,70,Clear,15.3,88.0,0,926,17.87
2026-06-09 06:30:00,6,Tuesday,0,Downtown,50,Rainy,15.3,67.1,0,605,25.74
2026-06-09 06:45:00,6,Tuesday,0,Downtown,50,Clear,30.3,64.3,0,574,14.47
2026-06-09 07:00:00,7,Tuesday,0,Residential,30,Clear,18.1,88.1,0,373,15.0
2026-06-09 07:15:00,7,Tuesday,0,Highway,100,Rainy,31.4,88.9,0,1452,29.48
2026-06-09 07:30:00,7,Tuesday,0,Highway,100,Clear,25.9,44.5,0,1330,15.68
2026-06-09 07:45:00,7,Tuesday,0,Highway,100,Rainy,17.0,71.2,0,1180,29.06
2026-06-09 08:00:00,8,Tuesday,0,Downtown,50,Clear,29.3,83.7,0,1431,57.59
2026-06-09 08:15:00,8,Tuesday,0,Highway,100,Clear,18.2,75.0,0,2521,50.91
2026-06-09 08:30:00,8,Tuesday,0,Downtown,50,Foggy,25.3,87.5,0,1529,73.77
2026-06-09 08:45:00,8,Tuesday,0,Arterial,70,Clear,24.8,82.3,0,1477,47.04
2026-06-09 09:00:00,9,Tuesday,0,Arterial,70,Clear,19.8,79.7,0,1592,51.22
2026-06-09 09:15:00,9,Tuesday,0,Highway,100,Foggy,21.1,48.4,0,2578,66.7
2026-06-09 09:30:00,9,Tuesday,0,Arterial,70,Clear,23.9,88.3,0,1576,49.42
2026-06-09 09:45:00,9,Tuesday,0,Arterial,70,Rainy,19.1,75.5,0,1851,67.8
2026-06-09 10:00:00,10,Tuesday,0,Arterial,70,Clear,19.1,77.1,0,1637,54.25
2026-06-09 10:15:00,10,Tuesday,0,Residential,30,Clear,29.5,56.0,0,681,52.4
2026-06-09 10:30:00,10,Tuesday,0,Arterial,70,Clear,18.9,87.2,1,1761,89.76
2026-06-09 10:45:00,10,Tuesday,0,Arterial,70,Clear,29.0,72.9,1,1784,87.23
2026-06-09 11:00:00,11,Tuesday,0,Highway,100,Clear,15.1,90.0,0,1266,20.45
2026-06-09 11:15:00,11,Tuesday,0,Arterial,70,Clear,20.7,58.8,0,743,14.3
2026-06-09 11:30:00,11,Tuesday,0,Highway,100,Clear,23.2,86.7,0,1241,19.88
2026-06-09 11:45:00,11,Tuesday,0,Arterial,70,Clear,32.5,79.2,0,525,17.59
2026-06-09 12:00:00,12,Tuesday,0,Downtown,50,Foggy,26.6,67.0,0,618,33.29
2026-06-09 12:15:00,12,Tuesday,0,Downtown,50,Clear,21.0,52.4,0,690,10.63
2026-06-09 12:30:00,12,Tuesday,0,Arterial,70,Heavy Rain,16.1,47.1,0,775,43.13
2026-06-09 12:45:00,12,Tuesday,0,Downtown,50,Clear,25.5,68.1,0,627,11.21
2026-06-09 13:00:00,13,Tuesday,0,Arterial,70,Clear,17.3,88.5,0,910,19.08
2026-06-09 13:15:00,13,Tuesday,0,Highway,100,Clear,17.9,74.9,0,1157,16.03
2026-06-09 13:30:00,13,Tuesday,0,Highway,100,Rainy,19.2,43.6,0,1349,28.51
2026-06-09 13:45:00,13,Tuesday,0,Downtown,50,Clear,34.0,52.9,0,631,13.97
2026-06-09 14:00:00,14,Tuesday,0,Arterial,70,Clear,23.0,57.5,0,788,16.06
2026-06-09 14:15:00,14,Tuesday,0,Arterial,70,Clear,18.0,79.9,0,780,11.31
2026-06-09 14:30:00,14,Tuesday,0,Highway,100,Clear,17.4,89.3,0,1419,12.33
2026-06-09 14:45:00,14,Tuesday,0,Residential,30,Clear,18.5,58.9,0,512,27.15
2026-06-09 15:00:00,15,Tuesday,0,Residential,30,Foggy,33.4,44.7,0,453,41.02
2026-06-09 15:15:00,15,Tuesday,0,Downtown,50,Clear,30.9,76.0,0,545,11.96
2026-06-09 15:30:00,15,Tuesday,0,Arterial,70,Clear,23.0,67.5,0,956,19.52
2026-06-09 15:45:00,15,Tuesday,0,Highway,100,Clear,32.0,47.8,1,1260,54.6
2026-06-09 16:00:00,16,Tuesday,0,Residential,30,Clear,21.1,71.9,0,614,31.51
2026-06-09 16:15:00,16,Tuesday,0,Downtown,50,Clear,22.3,82.2,0,728,20.3
2026-06-09 16:30:00,16,Tuesday,0,Downtown,50,Rainy,19.2,68.4,0,757,29.0
2026-06-09 16:45:00,16,Tuesday,0,Arterial,70,Clear,22.8,87.6,0,761,13.71
2026-06-09 17:00:00,17,Tuesday,0,Downtown,50,Clear,30.7,62.1,0,1333,56.22
2026-06-09 17:15:00,17,Tuesday,0,Arterial,70,Clear,22.3,66.3,0,1726,48.03
2026-06-09 17:30:00,17,Tuesday,0,Downtown,50,Clear,20.6,86.7,0,1622,61.78
2026-06-09 17:45:00,17,Tuesday,0,Highway,100,Clear,25.2,67.3,0,2506,55.34
2026-06-09 18:00:00,18,Tuesday,0,Arterial,70,Clear,15.8,75.9,0,1484,50.27
2026-06-09 18:15:00,18,Tuesday,0,Downtown,50,Clear,18.8,63.0,0,1487,51.97
2026-06-09 18:30:00,18,Tuesday,0,Downtown,50,Rainy,23.4,43.7,0,1406,66.81
2026-06-09 18:45:00,18,Tuesday,0,Downtown,50,Clear,25.4,41.9,0,1147,54.19
2026-06-09 19:00:00,19,Tuesday,0,Residential,30,Rainy,16.3,63.3,0,403,47.29
2026-06-09 19:15:00,19,Tuesday,0,Arterial,70,Clear,18.3,65.2,0,1531,54.76
2026-06-09 19:30:00,19,Tuesday,0,Residential,30,Foggy,19.2,42.0,0,727,75.75
2026-06-09 19:45:00,19,Tuesday,0,Arterial,70,Clear,19.9,63.0,0,1874,58.64
2026-06-09 20:00:00,20,Tuesday,0,Highway,100,Clear,16.8,60.7,0,1258,10.48
2026-06-09 20:15:00,20,Tuesday,0,Arterial,70,Clear,32.1,74.2,0,880,15.85
2026-06-09 20:30:00,20,Tuesday,0,Highway,100,Foggy,21.6,55.7,0,1372,34.15
2026-06-09 20:45:00,20,Tuesday,0,Arterial,70,Clear,23.5,59.3,0,843,20.79
2026-06-09 21:00:00,21,Tuesday,0,Residential,30,Clear,16.2,53.1,0,257,14.35
2026-06-09 21:15:00,21,Tuesday,0,Arterial,70,Rainy,33.8,84.1,0,880,33.1
2026-06-09 21:30:00,21,Tuesday,0,Arterial,70,Clear,17.5,66.5,0,850,14.83
2026-06-09 21:45:00,21,Tuesday,0,Arterial,70,Heavy Rain,24.7,43.2,0,621,37.64
2026-06-09 22:00:00,22,Tuesday,0,Residential,30,Clear,27.3,60.3,0,196,6.42
2026-06-09 22:15:00,22,Tuesday,0,Downtown,50,Foggy,20.4,80.6,0,607,32.0
2026-06-09 22:30:00,22,Tuesday,0,Residential,30,Rainy,28.2,81.2,0,353,30.46
2026-06-09 22:45:00,22,Tuesday,0,Highway,100,Clear,17.5,69.6,0,1255,11.63
2026-06-09 23:00:00,23,Tuesday,0,Residential,30,Clear,23.5,75.7,0,50,0.0
2026-06-09 23:15:00,23,Tuesday,0,Highway,100,Heavy Rain,17.6,58.6,0,442,31.53
2026-06-09 23:30:00,23,Tuesday,0,Highway,100,Clear,24.5,40.5,0,430,7.43
2026-06-09 23:45:00,23,Tuesday,0,Residential,30,Foggy,28.7,42.6,0,147,26.04
2026-06-10 00:00:00,0,Wednesday,0,Arterial,70,Clear,31.9,76.4,1,186,36.85
2026-06-10 00:15:00,0,Wednesday,0,Highway,100,Rainy,18.7,43.3,1,484,51.89
2026-06-10 00:30:00,0,Wednesday,0,Arterial,70,Foggy,33.5,40.5,0,335,20.81
2026-06-10 00:45:00,0,Wednesday,0,Residential,30,Clear,27.1,49.4,0,50,2.24
2026-06-10 01:00:00,1,Wednesday,0,Arterial,70,Clear,17.9,62.1,0,546,12.29
2026-06-10 01:15:00,1,Wednesday,0,Highway,100,Rainy,29.3,58.3,0,268,12.0
2026-06-10 01:30:00,1,Wednesday,0,Highway,100,Clear,18.1,57.8,0,112,4.69
2026-06-10 01:45:00,1,Wednesday,0,Arterial,70,Clear,15.1,43.9,0,266,3.7
2026-06-10 02:00:00,2,Wednesday,0,Residential,30,Clear,22.4,68.4,0,130,4.04
2026-06-10 02:15:00,2,Wednesday,0,Arterial,70,Clear,16.0,49.6,0,50,0.0
2026-06-10 02:30:00,2,Wednesday,0,Arterial,70,Foggy,30.0,53.6,0,271,22.67
2026-06-10 02:45:00,2,Wednesday,0,Arterial,70,Clear,26.9,58.3,0,116,2.38
2026-06-10 03:00:00,3,Wednesday,0,Highway,100,Clear,33.7,55.4,0,267,5.8
2026-06-10 03:15:00,3,Wednesday,0,Highway,100,Clear,29.6,50.0,0,574,7.29
2026-06-10 03:30:00,3,Wednesday,0,Highway,100,Clear,24.7,67.0,0,413,3.79
2026-06-10 03:45:00,3,Wednesday,0,Downtown,50,Clear,29.0,60.6,0,236,11.57
2026-06-10 04:00:00,4,Wednesday,0,Downtown,50,Clear,33.1,69.4,0,389,7.91
2026-06-10 04:15:00,4,Wednesday,0,Downtown,50,Clear,32.9,53.4,0,298,8.04
2026-06-10 04:30:00,4,Wednesday,0,Highway,100,Foggy,21.4,48.9,0,176,18.71
2026-06-10 04:45:00,4,Wednesday,0,Arterial,70,Clear,20.9,68.6,0,390,5.05
2026-06-10 05:00:00,5,Wednesday,0,Residential,30,Rainy,21.6,77.2,0,56,11.94
2026-06-10 05:15:00,5,Wednesday,0,Downtown,50,Clear,16.3,46.6,0,50,3.31
2026-06-10 05:30:00,5,Wednesday,0,Arterial,70,Clear,28.1,51.7,0,373,3.79
2026-06-10 05:45:00,5,Wednesday,0,Highway,100,Clear,22.0,67.2,0,283,5.55
2026-06-10 06:00:00,6,Wednesday,0,Downtown,50,Rainy,26.2,77.0,0,834,29.38
2026-06-10 06:15:00,6,Wednesday,0,Highway,100,Clear,29.9,58.9,0,1418,17.4
2026-06-10 06:30:00,6,Wednesday,0,Residential,30,Clear,28.2,85.2,0,441,17.1
2026-06-10 06:45:00,6,Wednesday,0,Downtown,50,Foggy,23.3,44.5,0,608,28.88
2026-06-10 07:00:00,7,Wednesday,0,Downtown,50,Clear,31.6,61.4,0,668,13.21
2026-06-10 07:15:00,7,Wednesday,0,Highway,100,Heavy Rain,31.1,63.0,0,1236,45.23
2026-06-10 07:30:00,7,Wednesday,0,Highway,100,Clear,33.9,40.2,0,1281,13.28
2026-06-10 07:45:00,7,Wednesday,0,Residential,30,Clear,34.9,74.0,0,407,13.26
2026-06-10 08:00:00,8,Wednesday,0,Arterial,70,Clear,15.0,62.5,0,1559,48.6
2026-06-10 08:15:00,8,Wednesday,0,Highway,100,Clear,20.7,79.6,0,2478,55.6
2026-06-10 08:30:00,8,Wednesday,0,Highway,100,Foggy,27.7,48.2,0,2639,70.63
2026-06-10 08:45:00,8,Wednesday,0,Arterial,70,Heavy Rain,16.1,57.8,0,1440,77.37
2026-06-10 09:00:00,9,Wednesday,0,Downtown,50,Foggy,33.8,80.3,0,1552,75.87
2026-06-10 09:15:00,9,Wednesday,0,Arterial,70,Clear,21.3,63.4,0,1674,54.05
2026-06-10 09:30:00,9,Wednesday,0,Highway,100,Clear,16.1,45.5,0,2229,46.26
2026-06-10 09:45:00,9,Wednesday,0,Downtown,50,Rainy,23.5,56.7,0,1268,62.61
2026-06-10 10:00:00,10,Wednesday,0,Highway,100,Foggy,32.2,75.5,0,2573,72.54
2026-06-10 10:15:00,10,Wednesday,0,Residential,30,Clear,31.2,49.9,0,590,53.87
2026-06-10 10:30:00,10,Wednesday,0,Residential,30,Clear,25.2,85.9,0,652,48.55
2026-06-10 10:45:00,10,Wednesday,0,Downtown,50,Clear,34.4,85.7,0,1240,43.65
2026-06-10 11:00:00,11,Wednesday,0,Arterial,70,Clear,19.5,86.6,0,971,13.96
2026-06-10 11:15:00,11,Wednesday,0,Highway,100,Foggy,27.7,43.6,0,1032,31.96
2026-06-10 11:30:00,11,Wednesday,0,Arterial,70,Clear,26.6,87.9,0,864,14.19
2026-06-10 11:45:00,11,Wednesday,0,Arterial,70,Foggy,23.7,49.6,0,748,34.8
2026-06-10 12:00:00,12,Wednesday,0,Downtown,50,Clear,21.4,63.3,0,582,12.04
2026-06-10 12:15:00,12,Wednesday,0,Arterial,70,Clear,33.0,86.5,0,955,18.03
2026-06-10 12:30:00,12,Wednesday,0,Downtown,50,Clear,21.4,61.1,0,542,14.7
2026-06-10 12:45:00,12,Wednesday,0,Highway,100,Clear,31.0,82.6,0,1301,16.25
2026-06-10 13:00:00,13,Wednesday,0,Highway,100,Clear,20.8,48.6,0,1285,18.52
2026-06-10 13:15:00,13,Wednesday,0,Arterial,70,Foggy,16.0,50.5,0,786,33.22
2026-06-10 13:30:00,13,Wednesday,0,Arterial,70,Clear,29.0,71.9,0,821,12.97
2026-06-10 13:45:00,13,Wednesday,0,Highway,100,Foggy,24.5,55.9,0,1023,30.85
2026-06-10 14:00:00,14,Wednesday,0,Downtown,50,Foggy,28.5,42.3,0,636,33.61
2026-06-10 14:15:00,14,Wednesday,0,Highway,100,Foggy,15.4,77.6,0,1238,33.57
2026-06-10 14:30:00,14,Wednesday,0,Downtown,50,Clear,25.8,73.9,0,704,17.79
2026-06-10 14:45:00,14,Wednesday,0,Arterial,70,Heavy Rain,27.8,54.9,0,790,46.03
2026-06-10 15:00:00,15,Wednesday,0,Downtown,50,Clear,19.0,70.1,0,844,12.44
2026-06-10 15:15:00,15,Wednesday,0,Arterial,70,Rainy,31.6,78.6,0,859,24.12
2026-06-10 15:30:00,15,Wednesday,0,Residential,30,Rainy,31.9,55.2,0,203,20.91
2026-06-10 15:45:00,15,Wednesday,0,Highway,100,Foggy,19.8,52.0,0,1276,36.3
2026-06-10 16:00:00,16,Wednesday,0,Downtown,50,Foggy,21.9,71.1,0,752,33.84
2026-06-10 16:15:00,16,Wednesday,0,Downtown,50,Clear,22.5,66.7,0,610,11.88
2026-06-10 16:30:00,16,Wednesday,0,Highway,100,Rainy,20.6,49.6,0,1214,28.95
2026-06-10 16:45:00,16,Wednesday,0,Highway,100,Clear,30.0,67.5,0,1240,23.16
2026-06-10 17:00:00,17,Wednesday,0,Highway,100,Heavy Rain,22.7,47.6,0,2597,77.91
2026-06-10 17:15:00,17,Wednesday,0,Arterial,70,Clear,31.7,53.2,0,1924,59.85
2026-06-10 17:30:00,17,Wednesday,0,Downtown,50,Clear,27.9,47.5,0,1574,55.55
2026-06-10 17:45:00,17,Wednesday,0,Highway,100,Clear,24.7,83.9,0,2516,56.09
2026-06-10 18:00:00,18,Wednesday,0,Arterial,70,Clear,31.1,52.3,0,1922,59.09
2026-06-10 18:15:00,18,Wednesday,0,Downtown,50,Clear,27.0,41.7,0,1358,51.74
2026-06-10 18:30:00,18,Wednesday,0,Arterial,70,Clear,27.5,43.7,0,1715,50.66
2026-06-10 18:45:00,18,Wednesday,0,Downtown,50,Clear,29.8,56.8,0,1322,43.83
2026-06-10 19:00:00,19,Wednesday,0,Downtown,50,Clear,28.1,70.9,0,1426,55.91
2026-06-10 19:15:00,19,Wednesday,0,Highway,100,Clear,26.8,81.8,0,2569,53.61
2026-06-10 19:30:00,19,Wednesday,0,Highway,100,Clear,34.2,70.7,0,2578,53.57
2026-06-10 19:45:00,19,Wednesday,0,Arterial,70,Rainy,33.4,60.4,0,1787,67.96
2026-06-10 20:00:00,20,Wednesday,0,Downtown,50,Clear,28.9,68.6,0,711,13.01
2026-06-10 20:15:00,20,Wednesday,0,Residential,30,Clear,24.6,43.5,0,396,17.54
2026-06-10 20:30:00,20,Wednesday,0,Highway,100,Clear,28.4,48.1,0,1333,18.03
2026-06-10 20:45:00,20,Wednesday,0,Downtown,50,Rainy,17.5,87.3,0,611,28.48
2026-06-10 21:00:00,21,Wednesday,0,Residential,30,Rainy,30.1,51.0,0,510,36.93
2026-06-10 21:15:00,21,Wednesday,0,Highway,100,Heavy Rain,32.8,53.5,0,920,43.69
2026-06-10 21:30:00,21,Wednesday,0,Arterial,70,Clear,29.6,60.5,0,968,21.37
2026-06-10 21:45:00,21,Wednesday,0,Highway,100,Foggy,24.2,53.1,0,1381,35.3
2026-06-10 22:00:00,22,Wednesday,0,Arterial,70,Rainy,16.9,63.8,1,755,63.28
2026-06-10 22:15:00,22,Wednesday,0,Arterial,70,Clear,23.2,79.0,0,632,15.97
2026-06-10 22:30:00,22,Wednesday,0,Arterial,70,Clear,26.2,64.3,0,894,15.53
2026-06-10 22:45:00,22,Wednesday,0,Arterial,70,Clear,30.3,86.6,0,725,12.71
2026-06-10 23:00:00,23,Wednesday,0,Arterial,70,Clear,33.7,49.2,0,50,0.0
2026-06-10 23:15:00,23,Wednesday,0,Downtown,50,Clear,18.4,53.4,0,239,2.29
2026-06-10 23:30:00,23,Wednesday,0,Arterial,70,Rainy,33.8,85.6,0,174,14.17
2026-06-10 23:45:00,23,Wednesday,0,Arterial,70,Foggy,34.4,83.0,0,227,24.14
2026-06-11 00:00:00,0,Thursday,0,Highway,100,Clear,15.9,67.2,0,642,6.45
2026-06-11 00:15:00,0,Thursday,0,Residential,30,Rainy,23.7,81.0,0,110,13.89
2026-06-11 00:30:00,0,Thursday,0,Highway,100,Clear,28.4,83.1,0,403,6.05
2026-06-11 00:45:00,0,Thursday,0,Residential,30,Clear,33.1,56.0,0,50,7.44
2026-06-11 01:00:00,1,Thursday,0,Highway,100,Clear,28.4,40.0,0,321,0.0
2026-06-11 01:15:00,1,Thursday,0,Arterial,70,Clear,34.3,72.1,0,362,6.28
2026-06-11 01:30:00,1,Thursday,0,Arterial,70,Clear,30.2,70.3,0,90,3.27
2026-06-11 01:45:00,1,Thursday,0,Arterial,70,Clear,20.7,87.4,0,193,4.26
2026-06-11 02:00:00,2,Thursday,0,Highway,100,Clear,18.2,88.9,0,87,0.47
2026-06-11 02:15:00,2,Thursday,0,Downtown,50,Clear,23.6,53.7,0,137,5.67
2026-06-11 02:30:00,2,Thursday,0,Downtown,50,Clear,34.3,66.3,0,129,2.37
2026-06-11 02:45:00,2,Thursday,0,Residential,30,Clear,28.1,62.1,0,124,0.77
2026-06-11 03:00:00,3,Thursday,0,Arterial,70,Rainy,16.4,49.7,0,145,16.55
2026-06-11 03:15:00,3,Thursday,0,Arterial,70,Clear,32.2,87.1,0,92,0.0
2026-06-11 03:30:00,3,Thursday,0,Highway,100,Clear,28.1,66.7,0,551,4.39
2026-06-11 03:45:00,3,Thursday,0,Arterial,70,Clear,20.4,62.7,0,275,5.63
2026-06-11 04:00:00,4,Thursday,0,Arterial,70,Clear,24.9,67.2,0,285,7.48
2026-06-11 04:15:00,4,Thursday,0,Arterial,70,Clear,32.0,64.0,0,564,9.99
2026-06-11 04:30:00,4,Thursday,0,Highway,100,Foggy,28.5,71.7,0,246,21.89
2026-06-11 04:45:00,4,Thursday,0,Highway,100,Clear,23.1,69.4,0,210,1.86
2026-06-11 05:00:00,5,Thursday,0,Residential,30,Clear,28.7,56.3,0,323,11.84
2026-06-11 05:15:00,5,Thursday,0,Highway,100,Rainy,25.7,53.9,0,227,17.33
2026-06-11 05:30:00,5,Thursday,0,Highway,100,Rainy,26.4,60.2,0,439,14.23
2026-06-11 05:45:00,5,Thursday,0,Residential,30,Clear,26.9,61.2,0,186,6.82
2026-06-11 06:00:00,6,Thursday,0,Arterial,70,Clear,21.1,49.1,0,733,15.77
2026-06-11 06:15:00,6,Thursday,0,Downtown,50,Clear,23.3,63.5,0,663,13.17
2026-06-11 06:30:00,6,Thursday,0,Downtown,50,Rainy,20.7,63.0,0,680,28.11
2026-06-11 06:45:00,6,Thursday,0,Highway,100,Clear,17.5,72.0,0,1303,13.72
2026-06-11 07:00:00,7,Thursday,0,Arterial,70,Rainy,26.1,52.8,0,851,25.07
2026-06-11 07:15:00,7,Thursday,0,Arterial,70,Clear,27.1,83.6,1,662,52.55
2026-06-11 07:30:00,7,Thursday,0,Highway,100,Clear,24.6,58.4,0,1093,9.46
2026-06-11 07:45:00,7,Thursday,0,Arterial,70,Rainy,28.0,70.7,0,844,31.26
2026-06-11 08:00:00,8,Thursday,0,Arterial,70,Clear,28.3,40.6,0,1441,47.27
2026-06-11 08:15:00,8,Thursday,0,Highway,100,Clear,24.9,60.2,0,2580,54.32
2026-06-11 08:30:00,8,Thursday,0,Arterial,70,Rainy,17.2,59.9,0,1810,68.91
2026-06-11 08:45:00,8,Thursday,0,Highway,100,Clear,32.0,50.6,0,2670,56.2
2026-06-11 09:00:00,9,Thursday,0,Highway,100,Clear,26.1,87.3,0,2639,50.48
2026-06-11 09:15:00,9,Thursday,0,Residential,30,Rainy,34.9,41.1,0,841,73.44
2026-06-11 09:30:00,9,Thursday,0,Highway,100,Clear,30.7,42.8,0,2867,59.03
2026-06-11 09:45:00,9,Thursday,0,Downtown,50,Clear,27.3,69.3,0,1241,52.52
2026-06-11 10:00:00,10,Thursday,0,Highway,100,Clear,19.5,65.0,0,2636,57.31
2026-06-11 10:15:00,10,Thursday,0,Arterial,70,Clear,22.9,49.6,0,1696,54.2
2026-06-11 10:30:00,10,Thursday,0,Highway,100,Clear,30.6,52.6,0,2550,54.55
2026-06-11 10:45:00,10,Thursday,0,Arterial,70,Rainy,24.3,71.5,0,1684,61.77
2026-06-11 11:00:00,11,Thursday,0,Arterial,70,Rainy,29.7,73.2,0,840,33.34
2026-06-11 11:15:00,11,Thursday,0,Residential,30,Foggy,16.1,81.0,0,432,31.18
2026-06-11 11:30:00,11,Thursday,0,Highway,100,Rainy,15.2,48.4,0,1314,29.29
2026-06-11 11:45:00,11,Thursday,0,Downtown,50,Rainy,22.9,40.1,0,938,34.5
2026-06-11 12:00:00,12,Thursday,0,Arterial,70,Rainy,25.4,43.7,0,899,31.29
2026-06-11 12:15:00,12,Thursday,0,Residential,30,Clear,34.8,50.5,0,230,12.01
2026-06-11 12:30:00,12,Thursday,0,Arterial,70,Foggy,21.4,73.5,0,660,33.93
2026-06-11 12:45:00,12,Thursday,0,Highway,100,Clear,18.6,85.1,0,1221,10.66
2026-06-11 13:00:00,13,Thursday,0,Arterial,70,Rainy,34.4,61.9,0,698,25.9
2026-06-11 13:15:00,13,Thursday,0,Downtown,50,Clear,28.0,84.5,0,729,17.77
2026-06-11 13:30:00,13,Thursday,0,Arterial,70,Clear,21.5,89.2,0,826,14.77
2026-06-11 13:45:00,13,Thursday,0,Downtown,50,Clear,15.5,62.5,0,503,10.16
2026-06-11 14:00:00,14,Thursday,0,Highway,100,Rainy,25.3,50.0,0,1174,27.28
2026-06-11 14:15:00,14,Thursday,0,Highway,100,Clear,31.2,77.6,0,1374,21.0
2026-06-11 14:30:00,14,Thursday,0,Arterial,70,Clear,15.8,71.1,0,571,10.83
2026-06-11 14:45:00,14,Thursday,0,Highway,100,Clear,28.9,83.5,0,1300,20.91
2026-06-11 15:00:00,15,Thursday,0,Residential,30,Clear,25.4,68.9,0,628,30.36
2026-06-11 15:15:00,15,Thursday,0,Arterial,70,Clear,30.4,77.4,0,944,16.39
2026-06-11 15:30:00,15,Thursday,0,Highway,100,Foggy,20.1,69.6,0,1159,37.84
2026-06-11 15:45:00,15,Thursday,0,Downtown,50,Clear,20.5,89.8,0,539,16.26
2026-06-11 16:00:00,16,Thursday,0,Highway,100,Clear,26.1,78.1,0,1104,11.97
2026-06-11 16:15:00,16,Thursday,0,Arterial,70,Clear,34.1,51.2,0,871,16.38
2026-06-11 16:30:00,16,Thursday,0,Arterial,70,Foggy,15.1,77.4,0,924,35.13
2026-06-11 16:45:00,16,Thursday,0,Arterial,70,Clear,17.8,40.0,0,867,14.27
2026-06-11 17:00:00,17,Thursday,0,Residential,30,Clear,28.3,43.9,0,761,54.41
2026-06-11 17:15:00,17,Thursday,0,Arterial,70,Clear,27.0,48.6,0,1804,52.37
2026-06-11 17:30:00,17,Thursday,0,Highway,100,Rainy,17.6,61.3,0,2418,67.18
2026-06-11 17:45:00,17,Thursday,0,Residential,30,Foggy,18.9,70.7,0,883,77.8
2026-06-11 18:00:00,18,Thursday,0,Downtown,50,Clear,20.7,58.9,0,1403,59.34
2026-06-11 18:15:00,18,Thursday,0,Downtown,50,Clear,21.5,56.7,0,1530,55.06
2026-06-11 18:30:00,18,Thursday,0,Residential,30,Clear,24.1,41.5,0,443,41.7
2026-06-11 18:45:00,18,Thursday,0,Residential,30,Clear,26.6,67.4,0,927,61.49
2026-06-11 19:00:00,19,Thursday,0,Downtown,50,Clear,33.7,48.2,0,1313,50.81
2026-06-11 19:15:00,19,Thursday,0,Highway,100,Rainy,32.1,52.8,0,2500,62.81
2026-06-11 19:30:00,19,Thursday,0,Highway,100,Clear,20.1,87.0,0,2287,53.55
2026-06-11 19:45:00,19,Thursday,0,Arterial,70,Clear,29.6,62.6,0,1660,54.75
2026-06-11 20:00:00,20,Thursday,0,Arterial,70,Clear,19.0,60.7,0,1108,18.17
2026-06-11 20:15:00,20,Thursday,0,Downtown,50,Clear,32.4,68.4,0,692,13.48
2026-06-11 20:30:00,20,Thursday,0,Downtown,50,Clear,31.6,64.7,0,817,20.58
2026-06-11 20:45:00,20,Thursday,0,Highway,100,Clear,23.4,60.5,0,1224,14.38
2026-06-11 21:00:00,21,Thursday,0,Highway,100,Clear,15.2,71.4,0,1108,9.88
2026-06-11 21:15:00,21,Thursday,0,Highway,100,Rainy,15.6,87.0,0,1535,36.98
2026-06-11 21:30:00,21,Thursday,0,Downtown,50,Clear,27.9,42.2,0,959,16.21
2026-06-11 21:45:00,21,Thursday,0,Residential,30,Clear,31.5,50.5,0,242,6.08
2026-06-11 22:00:00,22,Thursday,0,Highway,100,Clear,31.0,62.1,0,1316,18.99
2026-06-11 22:15:00,22,Thursday,0,Arterial,70,Clear,32.7,68.9,0,939,15.89
2026-06-11 22:30:00,22,Thursday,0,Highway,100,Heavy Rain,17.6,79.8,0,1385,45.42
2026-06-11 22:45:00,22,Thursday,0,Arterial,70,Clear,16.0,40.1,0,749,15.27
2026-06-11 23:00:00,23,Thursday,0,Highway,100,Clear,28.0,75.6,0,439,4.2
2026-06-11 23:15:00,23,Thursday,0,Residential,30,Rainy,18.4,81.1,0,50,17.29
2026-06-11 23:30:00,23,Thursday,0,Highway,100,Clear,25.2,69.3,0,92,0.0
2026-06-11 23:45:00,23,Thursday,0,Downtown,50,Foggy,18.3,59.1,0,369,28.71
2026-06-12 00:00:00,0,Friday,0,Residential,30,Clear,34.0,43.2,0,344,16.71
2026-06-12 00:15:00,0,Friday,0,Downtown,50,Clear,15.8,83.9,0,188,1.03
2026-06-12 00:30:00,0,Friday,0,Arterial,70,Clear,20.5,41.6,0,115,3.44
2026-06-12 00:45:00,0,Friday,0,Residential,30,Clear,18.1,86.1,0,210,12.6
2026-06-12 01:00:00,1,Friday,0,Highway,100,Clear,28.8,51.0,0,440,7.55
2026-06-12 01:15:00,1,Friday,0,Arterial,70,Rainy,31.8,72.7,0,128,11.02
2026-06-12 01:30:00,1,Friday,0,Highway,100,Clear,19.2,62.8,0,396,3.35
2026-06-12 01:45:00,1,Friday,0,Downtown,50,Clear,33.5,68.4,0,102,4.89
2026-06-12 02:00:00,2,Friday,0,Downtown,50,Clear,31.8,62.4,0,282,3.15
2026-06-12 02:15:00,2,Friday,0,Downtown,50,Clear,27.4,62.8,0,348,7.89
2026-06-12 02:30:00,2,Friday,0,Downtown,50,Clear,19.6,60.3,0,216,0.27
2026-06-12 02:45:00,2,Friday,0,Downtown,50,Clear,27.8,52.3,0,186,4.48
2026-06-12 03:00:00,3,Friday,0,Highway,100,Foggy,21.9,88.7,1,308,62.31
2026-06-12 03:15:00,3,Friday,0,Highway,100,Rainy,15.6,83.5,0,342,15.82
2026-06-12 03:30:00,3,Friday,0,Residential,30,Rainy,31.0,59.9,0,86,11.16
2026-06-12 03:45:00,3,Friday,0,Arterial,70,Clear,20.1,87.4,0,50,0.24
2026-06-12 04:00:00,4,Friday,0,Arterial,70,Clear,23.7,60.7,0,348,8.11
2026-06-12 04:15:00,4,Friday,0,Highway,100,Clear,26.7,58.5,0,261,2.02
2026-06-12 04:30:00,4,Friday,0,Highway,100,Clear,28.7,73.0,1,611,38.56
2026-06-12 04:45:00,4,Friday,0,Residential,30,Clear,33.1,44.2,0,346,11.41
2026-06-12 05:00:00,5,Friday,0,Downtown,50,Heavy Rain,22.8,42.4,0,50,30.45
2026-06-12 05:15:00,5,Friday,0,Arterial,70,Rainy,30.4,65.0,0,50,10.95
2026-06-12 05:30:00,5,Friday,0,Downtown,50,Clear,18.4,66.5,0,94,3.03
2026-06-12 05:45:00,5,Friday,0,Downtown,50,Clear,15.0,46.3,0,156,5.06
2026-06-12 06:00:00,6,Friday,0,Downtown,50,Clear,34.4,58.7,0,681,13.56
2026-06-12 06:15:00,6,Friday,0,Residential,30,Clear,20.8,46.0,0,195,13.29
2026-06-12 06:30:00,6,Friday,0,Residential,30,Clear,21.1,86.1,0,377,12.19
2026-06-12 06:45:00,6,Friday,0,Downtown,50,Clear,33.9,79.8,0,602,18.18
2026-06-12 07:00:00,7,Friday,0,Arterial,70,Rainy,34.3,46.3,0,560,21.53
2026-06-12 07:15:00,7,Friday,0,Arterial,70,Clear,28.7,61.8,0,900,18.63
2026-06-12 07:30:00,7,Friday,0,Arterial,70,Clear,27.8,54.4,0,787,13.12
2026-06-12 07:45:00,7,Friday,0,Residential,30,Clear,22.3,83.7,0,218,8.05
2026-06-12 08:00:00,8,Friday,0,Arterial,70,Clear,28.5,54.5,0,1758,54.88
2026-06-12 08:15:00,8,Friday,0,Arterial,70,Rainy,20.1,46.4,0,1578,62.44
2026-06-12 08:30:00,8,Friday,0,Highway,100,Rainy,15.3,67.9,0,2863,71.04
2026-06-12 08:45:00,8,Friday,0,Arterial,70,Clear,29.7,83.6,0,1763,49.31
2026-06-12 09:00:00,9,Friday,0,Arterial,70,Clear,26.8,66.3,0,1848,56.32
2026-06-12 09:15:00,9,Friday,0,Arterial,70,Clear,26.0,75.1,0,1556,52.61
2026-06-12 09:30:00,9,Friday,0,Downtown,50,Rainy,15.5,60.6,0,1267,64.77
2026-06-12 09:45:00,9,Friday,0,Arterial,70,Foggy,31.0,86.1,1,1807,100.0
2026-06-12 10:00:00,10,Friday,0,Highway,100,Heavy Rain,27.3,79.7,0,2588,80.59
2026-06-12 10:15:00,10,Friday,0,Highway,100,Rainy,15.3,72.9,0,2706,70.81
2026-06-12 10:30:00,10,Friday,0,Arterial,70,Clear,16.4,69.4,0,1688,59.07
2026-06-12 10:45:00,10,Friday,0,Arterial,70,Clear,15.5,56.8,1,1635,90.39
2026-06-12 11:00:00,11,Friday,0,Arterial,70,Rainy,23.8,40.9,0,900,29.08
2026-06-12 11:15:00,11,Friday,0,Downtown,50,Clear,18.8,78.6,0,884,23.86
2026-06-12 11:30:00,11,Friday,0,Highway,100,Rainy,30.8,53.0,0,1196,25.63
2026-06-12 11:45:00,11,Friday,0,Arterial,70,Clear,25.2,63.8,0,849,14.97
2026-06-12 12:00:00,12,Friday,0,Arterial,70,Clear,32.3,77.3,0,707,13.35
2026-06-12 12:15:00,12,Friday,0,Downtown,50,Clear,23.8,43.3,0,687,18.95
2026-06-12 12:30:00,12,Friday,0,Downtown,50,Clear,31.1,61.6,0,783,17.62
2026-06-12 12:45:00,12,Friday,0,Arterial,70,Clear,30.7,81.1,0,824,11.64
2026-06-12 13:00:00,13,Friday,0,Residential,30,Rainy,31.2,41.6,0,475,34.98
2026-06-12 13:15:00,13,Friday,0,Highway,100,Foggy,26.0,49.9,0,1290,28.91
2026-06-12 13:30:00,13,Friday,0,Highway,100,Clear,31.3,46.6,0,1385,8.93
2026-06-12 13:45:00,13,Friday,0,Downtown,50,Clear,30.8,70.9,0,674,11.78
2026-06-12 14:00:00,14,Friday,0,Arterial,70,Rainy,26.6,59.4,0,888,24.46
2026-06-12 14:15:00,14,Friday,0,Arterial,70,Clear,18.4,73.1,0,832,10.65
2026-06-12 14:30:00,14,Friday,0,Residential,30,Clear,26.9,44.5,0,460,22.97
2026-06-12 14:45:00,14,Friday,0,Downtown,50,Clear,24.0,82.9,1,792,52.99
2026-06-12 15:00:00,15,Friday,0,Arterial,70,Clear,24.1,50.5,0,847,11.17
2026-06-12 15:15:00,15,Friday,0,Arterial,70,Clear,34.6,57.5,0,884,21.11
2026-06-12 15:30:00,15,Friday,0,Downtown,50,Clear,26.4,52.7,0,615,12.92
2026-06-12 15:45:00,15,Friday,0,Residential,30,Clear,17.6,50.0,0,302,13.6
2026-06-12 16:00:00,16,Friday,0,Downtown,50,Clear,20.4,50.3,0,550,11.53
2026-06-12 16:15:00,16,Friday,0,Downtown,50,Clear,32.2,45.9,0,610,14.88
2026-06-12 16:30:00,16,Friday,0,Downtown,50,Clear,33.9,47.1,0,755,16.8
2026-06-12 16:45:00,16,Friday,0,Arterial,70,Heavy Rain,33.0,53.5,0,943,37.74
2026-06-12 17:00:00,17,Friday,0,Highway,100,Clear,19.4,54.1,0,2532,53.69
2026-06-12 17:15:00,17,Friday,0,Downtown,50,Clear,28.0,72.7,1,1512,93.69
2026-06-12 17:30:00,17,Friday,0,Highway,100,Clear,19.6,49.1,0,2508,50.33
2026-06-12 17:45:00,17,Friday,0,Residential,30,Clear,34.6,89.7,0,638,48.22
2026-06-12 18:00:00,18,Friday,0,Arterial,70,Clear,20.6,88.6,0,1772,56.1
2026-06-12 18:15:00,18,Friday,0,Highway,100,Clear,28.0,75.6,0,2384,49.63
2026-06-12 18:30:00,18,Friday,0,Residential,30,Foggy,24.1,82.3,0,560,64.69
2026-06-12 18:45:00,18,Friday,0,Arterial,70,Clear,15.5,62.2,0,1808,60.53
2026-06-12 19:00:00,19,Friday,0,Residential,30,Clear,26.1,79.4,0,600,48.07
2026-06-12 19:15:00,19,Friday,0,Residential,30,Clear,32.6,69.3,0,768,60.17
2026-06-12 19:30:00,19,Friday,0,Arterial,70,Clear,31.1,58.7,0,1710,52.28
2026-06-12 19:45:00,19,Friday,0,Arterial,70,Clear,28.6,43.4,0,1753,56.73
2026-06-12 20:00:00,20,Friday,0,Highway,100,Foggy,28.1,84.1,0,1358,35.39
2026-06-12 20:15:00,20,Friday,0,Residential,30,Clear,20.5,59.7,0,229,7.64
2026-06-12 20:30:00,20,Friday,0,Residential,30,Clear,28.6,48.6,0,338,14.84
2026-06-12 20:45:00,20,Friday,0,Downtown,50,Foggy,19.4,63.2,0,741,36.32
2026-06-12 21:00:00,21,Friday,0,Arterial,70,Rainy,31.9,40.5,0,868,29.66
2026-06-12 21:15:00,21,Friday,0,Arterial,70,Clear,22.0,66.0,0,1038,17.77
2026-06-12 21:30:00,21,Friday,0,Residential,30,Clear,24.0,60.4,0,437,15.96
2026-06-12 21:45:00,21,Friday,0,Residential,30,Clear,33.2,89.7,0,494,22.48
2026-06-12 22:00:00,22,Friday,0,Highway,100,Clear,20.5,83.1,0,1394,21.2
2026-06-12 22:15:00,22,Friday,0,Highway,100,Clear,23.2,54.5,0,1235,19.79
2026-06-12 22:30:00,22,Friday,0,Downtown,50,Clear,31.5,61.3,0,731,11.5
2026-06-12 22:45:00,22,Friday,0,Arterial,70,Clear,16.8,75.9,0,794,11.12
2026-06-12 23:00:00,23,Friday,0,Highway,100,Clear,22.4,62.4,0,303,2.61
2026-06-12 23:15:00,23,Friday,0,Residential,30,Clear,23.2,41.8,0,339,20.91
2026-06-12 23:30:00,23,Friday,0,Downtown,50,Clear,20.0,80.5,0,199,1.14
2026-06-12 23:45:00,23,Friday,0,Highway,100,Clear,21.5,47.2,0,221,3.12
2026-06-13 00:00:00,0,Saturday,1,Highway,100,Rainy,18.5,70.3,0,153,16.33
2026-06-13 00:15:00,0,Saturday,1,Highway,100,Clear,18.8,61.4,0,652,9.54
2026-06-13 00:30:00,0,Saturday,1,Residential,30,Clear,24.4,68.7,0,50,5.13
2026-06-13 00:45:00,0,Saturday,1,Highway,100,Clear,25.1,77.2,0,378,3.89
2026-06-13 01:00:00,1,Saturday,1,Downtown,50,Clear,28.3,61.3,0,210,8.4
2026-06-13 01:15:00,1,Saturday,1,Downtown,50,Foggy,24.9,55.7,0,136,17.12
2026-06-13 01:30:00,1,Saturday,1,Residential,30,Rainy,23.1,50.7,0,50,12.61
2026-06-13 01:45:00,1,Saturday,1,Downtown,50,Clear,24.1,59.3,1,112,36.98
2026-06-13 02:00:00,2,Saturday,1,Highway,100,Clear,27.0,60.9,0,362,2.55
2026-06-13 02:15:00,2,Saturday,1,Arterial,70,Clear,17.1,46.2,0,90,3.05
2026-06-13 02:30:00,2,Saturday,1,Highway,100,Clear,34.2,82.7,0,230,0.98
2026-06-13 02:45:00,2,Saturday,1,Arterial,70,Clear,28.4,66.2,0,290,4.09
2026-06-13 03:00:00,3,Saturday,1,Downtown,50,Clear,23.0,48.5,0,247,0.66
2026-06-13 03:15:00,3,Saturday,1,Arterial,70,Foggy,17.5,88.7,0,157,24.46
2026-06-13 03:30:00,3,Saturday,1,Highway,100,Foggy,21.2,72.9,0,300,11.75
2026-06-13 03:45:00,3,Saturday,1,Downtown,50,Clear,28.4,84.8,0,251,3.55
2026-06-13 04:00:00,4,Saturday,1,Arterial,70,Clear,17.7,65.3,0,430,7.72
2026-06-13 04:15:00,4,Saturday,1,Highway,100,Clear,34.8,74.3,0,533,5.35
2026-06-13 04:30:00,4,Saturday,1,Highway,100,Clear,19.1,60.1,0,515,2.65
2026-06-13 04:45:00,4,Saturday,1,Downtown,50,Clear,22.1,68.9,0,155,5.63
2026-06-13 05:00:00,5,Saturday,1,Downtown,50,Clear,22.8,53.1,0,391,6.94
2026-06-13 05:15:00,5,Saturday,1,Arterial,70,Foggy,15.8,65.2,0,374,25.78
2026-06-13 05:30:00,5,Saturday,1,Highway,100,Foggy,15.4,76.6,0,269,27.23
2026-06-13 05:45:00,5,Saturday,1,Highway,100,Foggy,24.4,41.4,0,232,20.77
2026-06-13 06:00:00,6,Saturday,1,Highway,100,Clear,26.5,71.1,0,1295,17.14
2026-06-13 06:15:00,6,Saturday,1,Downtown,50,Clear,28.9,60.9,0,542,16.25
2026-06-13 06:30:00,6,Saturday,1,Residential,30,Clear,28.4,40.2,0,214,5.27
2026-06-13 06:45:00,6,Saturday,1,Highway,100,Clear,23.9,41.7,0,1330,19.68
2026-06-13 07:00:00,7,Saturday,1,Downtown,50,Rainy,21.2,45.0,0,666,27.13
2026-06-13 07:15:00,7,Saturday,1,Highway,100,Clear,26.6,43.8,0,1345,16.28
2026-06-13 07:30:00,7,Saturday,1,Downtown,50,Rainy,27.1,71.3,0,804,36.53
2026-06-13 07:45:00,7,Saturday,1,Residential,30,Rainy,30.5,83.6,0,345,25.12
2026-06-13 08:00:00,8,Saturday,1,Arterial,70,Rainy,23.9,68.5,0,852,26.84
2026-06-13 08:15:00,8,Saturday,1,Downtown,50,Clear,26.9,69.7,0,536,10.59
2026-06-13 08:30:00,8,Saturday,1,Highway,100,Rainy,27.2,72.2,0,1230,30.12
2026-06-13 08:45:00,8,Saturday,1,Arterial,70,Clear,22.8,83.2,0,931,16.39
2026-06-13 09:00:00,9,Saturday,1,Downtown,50,Foggy,19.9,68.8,0,470,30.99
2026-06-13 09:15:00,9,Saturday,1,Arterial,70,Clear,32.0,70.5,0,857,11.05
2026-06-13 09:30:00,9,Saturday,1,Arterial,70,Clear,26.1,73.1,0,898,21.83
2026-06-13 09:45:00,9,Saturday,1,Highway,100,Clear,26.9,53.7,0,1452,12.09
2026-06-13 10:00:00,10,Saturday,1,Arterial,70,Rainy,27.9,56.6,0,994,35.01
2026-06-13 10:15:00,10,Saturday,1,Arterial,70,Clear,28.9,58.8,0,881,20.42
2026-06-13 10:30:00,10,Saturday,1,Highway,100,Clear,21.8,63.8,0,1108,14.16
2026-06-13 10:45:00,10,Saturday,1,Residential,30,Clear,33.6,85.7,0,292,18.3
2026-06-13 11:00:00,11,Saturday,1,Downtown,50,Clear,21.0,68.9,0,500,13.22
2026-06-13 11:15:00,11,Saturday,1,Arterial,70,Clear,16.0,52.7,0,852,15.24
2026-06-13 11:30:00,11,Saturday,1,Highway,100,Foggy,24.7,55.3,0,1391,29.52
2026-06-13 11:45:00,11,Saturday,1,Highway,100,Heavy Rain,23.5,57.4,0,1387,44.21
2026-06-13 12:00:00,12,Saturday,1,Arterial,70,Rainy,17.1,82.3,0,784,25.71
2026-06-13 12:15:00,12,Saturday,1,Arterial,70,Heavy Rain,20.1,62.8,0,1001,41.16
2026-06-13 12:30:00,12,Saturday,1,Residential,30,Clear,31.4,67.4,0,436,14.5
2026-06-13 12:45:00,12,Saturday,1,Residential,30,Foggy,19.6,51.0,0,286,35.06
2026-06-13 13:00:00,13,Saturday,1,Arterial,70,Clear,20.1,65.3,0,783,19.42
2026-06-13 13:15:00,13,Saturday,1,Arterial,70,Clear,29.8,79.2,0,734,15.88
2026-06-13 13:30:00,13,Saturday,1,Arterial,70,Clear,21.6,77.7,0,805,12.15
2026-06-13 13:45:00,13,Saturday,1,Residential,30,Clear,27.2,61.6,0,577,25.89
2026-06-13 14:00:00,14,Saturday,1,Arterial,70,Foggy,20.8,44.3,0,982,30.92
2026-06-13 14:15:00,14,Saturday,1,Downtown,50,Clear,29.3,46.8,0,737,15.67
2026-06-13 14:30:00,14,Saturday,1,Highway,100,Rainy,33.9,66.4,0,1022,23.57
2026-06-13 14:45:00,14,Saturday,1,Arterial,70,Clear,34.7,86.9,0,830,18.69
2026-06-13 15:00:00,15,Saturday,1,Downtown,50,Foggy,22.9,88.1,0,888,40.46
2026-06-13 15:15:00,15,Saturday,1,Residential,30,Clear,29.9,66.0,0,383,21.88
2026-06-13 15:30:00,15,Saturday,1,Downtown,50,Clear,24.6,70.9,0,908,20.89
2026-06-13 15:45:00,15,Saturday,1,Arterial,70,Clear,23.1,60.5,0,815,24.79
2026-06-13 16:00:00,16,Saturday,1,Highway,100,Clear,18.4,46.3,0,1456,21.62
2026-06-13 16:15:00,16,Saturday,1,Arterial,70,Foggy,27.8,78.5,0,809,34.15
2026-06-13 16:30:00,16,Saturday,1,Highway,100,Clear,20.4,82.8,0,1237,14.56
2026-06-13 16:45:00,16,Saturday,1,Highway,100,Clear,31.0,68.2,0,1029,8.58
2026-06-13 17:00:00,17,Saturday,1,Highway,100,Rainy,29.0,76.0,0,1312,29.77
2026-06-13 17:15:00,17,Saturday,1,Highway,100,Rainy,34.2,73.9,0,1250,29.73
2026-06-13 17:30:00,17,Saturday,1,Arterial,70,Clear,33.7,43.8,0,962,20.18
2026-06-13 17:45:00,17,Saturday,1,Arterial,70,Foggy,33.8,43.2,0,944,36.11
2026-06-13 18:00:00,18,Saturday,1,Downtown,50,Clear,16.9,69.5,0,757,16.36
2026-06-13 18:15:00,18,Saturday,1,Residential,30,Clear,32.8,59.2,0,223,9.93
2026-06-13 18:30:00,18,Saturday,1,Residential,30,Clear,29.7,58.4,0,348,12.98
2026-06-13 18:45:00,18,Saturday,1,Downtown,50,Clear,28.9,74.9,0,803,18.2
2026-06-13 19:00:00,19,Saturday,1,Arterial,70,Clear,19.0,55.4,0,680,14.99
2026-06-13 19:15:00,19,Saturday,1,Arterial,70,Rainy,21.5,52.1,0,785,27.88
2026-06-13 19:30:00,19,Saturday,1,Arterial,70,Clear,28.7,71.7,0,834,15.51
2026-06-13 19:45:00,19,Saturday,1,Highway,100,Clear,20.8,55.5,0,1125,18.82
2026-06-13 20:00:00,20,Saturday,1,Downtown,50,Clear,20.8,67.1,0,681,13.16
2026-06-13 20:15:00,20,Saturday,1,Residential,30,Rainy,16.8,82.3,0,491,35.54
2026-06-13 20:30:00,20,Saturday,1,Arterial,70,Clear,25.2,67.4,0,914,17.58
2026-06-13 20:45:00,20,Saturday,1,Residential,30,Foggy,31.0,87.2,0,345,28.47
2026-06-13 21:00:00,21,Saturday,1,Downtown,50,Clear,30.0,46.9,0,610,15.41
2026-06-13 21:15:00,21,Saturday,1,Arterial,70,Clear,22.0,75.4,0,730,14.21
2026-06-13 21:30:00,21,Saturday,1,Downtown,50,Clear,28.0,76.3,0,732,19.32
2026-06-13 21:45:00,21,Saturday,1,Arterial,70,Clear,33.8,77.8,0,967,16.65
2026-06-13 22:00:00,22,Saturday,1,Downtown,50,Rainy,23.8,75.8,0,767,25.76
2026-06-13 22:15:00,22,Saturday,1,Residential,30,Clear,24.2,73.7,0,405,20.24
2026-06-13 22:30:00,22,Saturday,1,Highway,100,Heavy Rain,30.0,83.2,0,1361,44.16
2026-06-13 22:45:00,22,Saturday,1,Highway,100,Clear,30.8,81.8,0,1312,19.07
2026-06-13 23:00:00,23,Saturday,1,Arterial,70,Rainy,23.4,49.7,0,633,25.61
2026-06-13 23:15:00,23,Saturday,1,Downtown,50,Rainy,26.6,79.0,0,186,15.68
2026-06-13 23:30:00,23,Saturday,1,Downtown,50,Clear,32.5,54.9,0,280,1.22
2026-06-13 23:45:00,23,Saturday,1,Arterial,70,Clear,32.5,85.6,0,514,4.45
2026-06-14 00:00:00,0,Sunday,1,Residential,30,Heavy Rain,19.7,76.3,0,50,21.18
2026-06-14 00:15:00,0,Sunday,1,Highway,100,Rainy,20.9,68.0,0,320,12.53
2026-06-14 00:30:00,0,Sunday,1,Highway,100,Clear,19.0,65.4,0,499,8.65
2026-06-14 00:45:00,0,Sunday,1,Highway,100,Clear,16.4,69.9,0,571,15.59
2026-06-14 01:00:00,1,Sunday,1,Residential,30,Clear,26.7,60.1,0,50,5.1
2026-06-14 01:15:00,1,Sunday,1,Downtown,50,Clear,31.6,81.1,0,72,4.7
2026-06-14 01:30:00,1,Sunday,1,Highway,100,Clear,29.5,51.5,0,261,4.91
2026-06-14 01:45:00,1,Sunday,1,Highway,100,Clear,22.6,63.8,0,218,0.0
2026-06-14 02:00:00,2,Sunday,1,Arterial,70,Clear,17.9,49.4,0,157,0.0
2026-06-14 02:15:00,2,Sunday,1,Residential,30,Rainy,21.8,74.2,0,88,21.19
2026-06-14 02:30:00,2,Sunday,1,Downtown,50,Heavy Rain,33.5,85.5,0,135,24.58
2026-06-14 02:45:00,2,Sunday,1,Downtown,50,Foggy,19.1,85.9,0,132,20.06
2026-06-14 03:00:00,3,Sunday,1,Highway,100,Clear,27.3,80.2,0,362,0.0
2026-06-14 03:15:00,3,Sunday,1,Highway,100,Clear,18.6,72.4,0,50,0.09
2026-06-14 03:30:00,3,Sunday,1,Residential,30,Clear,25.3,76.8,0,77,5.45
2026-06-14 03:45:00,3,Sunday,1,Arterial,70,Clear,27.2,54.4,0,449,15.72
2026-06-14 04:00:00,4,Sunday,1,Highway,100,Rainy,27.5,49.5,0,388,22.25
2026-06-14 04:15:00,4,Sunday,1,Arterial,70,Clear,27.2,87.0,0,231,2.0
2026-06-14 04:30:00,4,Sunday,1,Residential,30,Clear,34.8,87.5,0,77,5.27
2026-06-14 04:45:00,4,Sunday,1,Downtown,50,Clear,23.8,71.7,0,210,3.45
2026-06-14 05:00:00,5,Sunday,1,Highway,100,Clear,22.0,63.5,0,356,2.94
2026-06-14 05:15:00,5,Sunday,1,Residential,30,Clear,33.9,76.7,0,226,11.68
2026-06-14 05:30:00,5,Sunday,1,Highway,100,Clear,28.9,69.3,0,385,3.46
2026-06-14 05:45:00,5,Sunday,1,Arterial,70,Clear,21.8,71.0,0,397,7.47
2026-06-14 06:00:00,6,Sunday,1,Arterial,70,Clear,16.2,42.6,0,990,15.95
2026-06-14 06:15:00,6,Sunday,1,Downtown,50,Clear,19.4,53.7,0,656,11.23
2026-06-14 06:30:00,6,Sunday,1,Arterial,70,Rainy,25.2,46.4,0,661,22.58
2026-06-14 06:45:00,6,Sunday,1,Arterial,70,Clear,21.9,52.1,0,982,20.6
2026-06-14 07:00:00,7,Sunday,1,Downtown,50,Clear,19.1,76.9,0,744,16.21
2026-06-14 07:15:00,7,Sunday,1,Highway,100,Heavy Rain,32.2,74.4,0,1158,44.45
2026-06-14 07:30:00,7,Sunday,1,Arterial,70,Clear,22.8,77.1,0,954,12.99
2026-06-14 07:45:00,7,Sunday,1,Residential,30,Clear,22.7,47.9,0,386,15.35
2026-06-14 08:00:00,8,Sunday,1,Highway,100,Clear,33.7,40.9,0,1258,14.63
2026-06-14 08:15:00,8,Sunday,1,Arterial,70,Clear,17.6,58.8,0,859,20.75
2026-06-14 08:30:00,8,Sunday,1,Arterial,70,Clear,20.7,48.1,0,853,11.54
2026-06-14 08:45:00,8,Sunday,1,Arterial,70,Foggy,18.9,72.1,0,647,31.44
2026-06-14 09:00:00,9,Sunday,1,Highway,100,Clear,21.1,77.2,0,1345,14.08
2026-06-14 09:15:00,9,Sunday,1,Downtown,50,Clear,29.0,59.4,0,872,14.33
2026-06-14 09:30:00,9,Sunday,1,Residential,30,Clear,25.1,56.4,0,376,20.98
2026-06-14 09:45:00,9,Sunday,1,Arterial,70,Clear,21.0,59.2,0,832,17.21
2026-06-14 10:00:00,10,Sunday,1,Arterial,70,Rainy,23.5,67.6,0,866,33.42
2026-06-14 10:15:00,10,Sunday,1,Downtown,50,Rainy,19.3,75.8,0,576,23.64
2026-06-14 10:30:00,10,Sunday,1,Highway,100,Clear,22.0,67.7,0,1209,17.14
2026-06-14 10:45:00,10,Sunday,1,Highway,100,Clear,25.0,50.8,0,1323,14.29
2026-06-14 11:00:00,11,Sunday,1,Downtown,50,Clear,29.3,76.8,0,632,12.78
2026-06-14 11:15:00,11,Sunday,1,Highway,100,Clear,30.0,63.5,0,1334,21.21
2026-06-14 11:30:00,11,Sunday,1,Downtown,50,Clear,21.2,71.9,0,564,15.48
2026-06-14 11:45:00,11,Sunday,1,Downtown,50,Rainy,21.1,41.8,0,608,24.92
2026-06-14 12:00:00,12,Sunday,1,Arterial,70,Rainy,19.4,53.5,0,930,30.02
2026-06-14 12:15:00,12,Sunday,1,Highway,100,Heavy Rain,33.9,84.2,0,1415,47.87
2026-06-14 12:30:00,12,Sunday,1,Residential,30,Clear,30.3,56.9,0,513,22.22
2026-06-14 12:45:00,12,Sunday,1,Arterial,70,Clear,34.9,60.0,0,685,8.13
2026-06-14 13:00:00,13,Sunday,1,Downtown,50,Foggy,25.8,78.4,0,701,29.49
2026-06-14 13:15:00,13,Sunday,1,Highway,100,Clear,25.3,40.7,0,1585,21.57
2026-06-14 13:30:00,13,Sunday,1,Residential,30,Clear,23.3,86.5,0,308,13.16
2026-06-14 13:45:00,13,Sunday,1,Downtown,50,Clear,30.8,76.9,0,702,16.91
2026-06-14 14:00:00,14,Sunday,1,Highway,100,Rainy,20.0,78.9,1,1355,69.01
2026-06-14 14:15:00,14,Sunday,1,Arterial,70,Clear,22.1,71.8,0,716,15.38
2026-06-14 14:30:00,14,Sunday,1,Arterial,70,Rainy,24.5,66.8,0,722,30.89
2026-06-14 14:45:00,14,Sunday,1,Residential,30,Clear,34.9,45.9,0,315,15.65
2026-06-14 15:00:00,15,Sunday,1,Downtown,50,Rainy,32.2,89.6,0,623,27.2
2026-06-14 15:15:00,15,Sunday,1,Arterial,70,Rainy,22.4,69.6,0,863,28.52
2026-06-14 15:30:00,15,Sunday,1,Highway,100,Clear,32.3,64.1,0,1030,15.07
2026-06-14 15:45:00,15,Sunday,1,Highway,100,Rainy,25.4,86.7,0,1099,24.92
2026-06-14 16:00:00,16,Sunday,1,Residential,30,Clear,20.7,65.8,0,404,14.39
2026-06-14 16:15:00,16,Sunday,1,Highway,100,Clear,22.4,76.0,0,1456,12.62
2026-06-14 16:30:00,16,Sunday,1,Arterial,70,Foggy,16.1,73.7,0,777,34.22
2026-06-14 16:45:00,16,Sunday,1,Highway,100,Rainy,16.7,80.6,0,1200,28.0
2026-06-14 17:00:00,17,Sunday,1,Downtown,50,Rainy,31.6,42.1,0,578,24.03
2026-06-14 17:15:00,17,Sunday,1,Arterial,70,Foggy,22.8,82.2,0,917,34.56
2026-06-14 17:30:00,17,Sunday,1,Highway,100,Clear,24.0,86.9,0,1058,11.86
2026-06-14 17:45:00,17,Sunday,1,Residential,30,Clear,27.3,66.6,0,271,11.34
2026-06-14 18:00:00,18,Sunday,1,Arterial,70,Rainy,32.5,77.5,0,688,27.93
2026-06-14 18:15:00,18,Sunday,1,Highway,100,Clear,20.4,65.6,0,1506,19.46
2026-06-14 18:30:00,18,Sunday,1,Arterial,70,Clear,18.3,57.5,0,931,21.16
2026-06-14 18:45:00,18,Sunday,1,Highway,100,Clear,26.4,64.2,0,1598,19.11
2026-06-14 19:00:00,19,Sunday,1,Downtown,50,Clear,30.0,46.8,0,689,13.59
2026-06-14 19:15:00,19,Sunday,1,Highway,100,Clear,31.6,87.5,0,1400,12.71
2026-06-14 19:30:00,19,Sunday,1,Arterial,70,Foggy,32.4,67.9,0,815,37.4
2026-06-14 19:45:00,19,Sunday,1,Arterial,70,Clear,31.4,46.2,0,679,11.4
2026-06-14 20:00:00,20,Sunday,1,Arterial,70,Clear,18.5,70.4,0,990,20.81
2026-06-14 20:15:00,20,Sunday,1,Downtown,50,Foggy,29.6,86.4,0,659,32.98
2026-06-14 20:30:00,20,Sunday,1,Highway,100,Clear,17.0,53.0,0,1296,18.67
2026-06-14 20:45:00,20,Sunday,1,Downtown,50,Clear,34.7,83.9,0,549,16.34
2026-06-14 21:00:00,21,Sunday,1,Residential,30,Clear,26.3,45.0,0,303,12.27
2026-06-14 21:15:00,21,Sunday,1,Arterial,70,Rainy,27.4,51.6,0,819,31.59
2026-06-14 21:30:00,21,Sunday,1,Residential,30,Clear,25.5,63.9,0,367,21.28
2026-06-14 21:45:00,21,Sunday,1,Arterial,70,Clear,15.8,69.2,0,889,14.01
2026-06-14 22:00:00,22,Sunday,1,Downtown,50,Rainy,25.1,84.7,0,761,32.76
2026-06-14 22:15:00,22,Sunday,1,Arterial,70,Heavy Rain,20.5,50.1,0,1002,53.28
2026-06-14 22:30:00,22,Sunday,1,Downtown,50,Clear,15.6,70.6,0,879,18.53
2026-06-14 22:45:00,22,Sunday,1,Highway,100,Clear,18.2,58.6,0,1211,18.69
2026-06-14 23:00:00,23,Sunday,1,Arterial,70,Rainy,19.8,48.4,1,262,52.1
2026-06-14 23:15:00,23,Sunday,1,Arterial,70,Rainy,19.5,53.1,0,128,12.91
2026-06-14 23:30:00,23,Sunday,1,Highway,100,Clear,29.1,64.6,0,264,4.0
2026-06-14 23:45:00,23,Sunday,1,Downtown,50,Clear,20.0,84.5,0,345,7.77
2026-06-15 00:00:00,0,Monday,0,Downtown,50,Rainy,34.9,51.6,0,133,14.88
2026-06-15 00:15:00,0,Monday,0,Highway,100,Clear,28.0,68.4,0,356,2.98
2026-06-15 00:30:00,0,Monday,0,Residential,30,Clear,27.5,79.0,0,238,11.0
2026-06-15 00:45:00,0,Monday,0,Arterial,70,Foggy,19.8,54.0,0,194,25.71
2026-06-15 01:00:00,1,Monday,0,Highway,100,Clear,33.0,81.7,0,297,10.77
2026-06-15 01:15:00,1,Monday,0,Arterial,70,Foggy,17.5,60.9,0,50,18.54
2026-06-15 01:30:00,1,Monday,0,Arterial,70,Clear,25.3,52.1,0,471,5.61
2026-06-15 01:45:00,1,Monday,0,Downtown,50,Rainy,24.4,59.4,0,189,23.06
2026-06-15 02:00:00,2,Monday,0,Downtown,50,Foggy,18.4,46.8,0,168,22.93
2026-06-15 02:15:00,2,Monday,0,Residential,30,Rainy,30.3,50.1,0,50,14.52
2026-06-15 02:30:00,2,Monday,0,Arterial,70,Clear,18.2,50.3,0,267,5.24
2026-06-15 02:45:00,2,Monday,0,Arterial,70,Clear,26.4,85.3,0,59,4.1
2026-06-15 03:00:00,3,Monday,0,Arterial,70,Clear,28.6,76.3,1,457,44.85
2026-06-15 03:15:00,3,Monday,0,Downtown,50,Clear,20.2,65.6,0,190,7.73
2026-06-15 03:30:00,3,Monday,0,Downtown,50,Clear,30.5,56.6,0,242,0.32
2026-06-15 03:45:00,3,Monday,0,Highway,100,Clear,21.4,53.3,1,412,38.64
2026-06-15 04:00:00,4,Monday,0,Residential,30,Clear,29.0,52.6,0,179,7.69
2026-06-15 04:15:00,4,Monday,0,Highway,100,Clear,25.0,83.7,0,498,9.78
2026-06-15 04:30:00,4,Monday,0,Downtown,50,Foggy,31.5,42.1,0,50,16.53
2026-06-15 04:45:00,4,Monday,0,Arterial,70,Clear,23.6,89.0,0,235,6.91
2026-06-15 05:00:00,5,Monday,0,Downtown,50,Rainy,22.2,61.5,0,279,17.75
2026-06-15 05:15:00,5,Monday,0,Downtown,50,Clear,17.2,61.4,0,78,2.79
2026-06-15 05:30:00,5,Monday,0,Arterial,70,Clear,21.3,73.9,0,189,3.18
2026-06-15 05:45:00,5,Monday,0,Downtown,50,Foggy,31.4,46.4,1,305,57.09
2026-06-15 06:00:00,6,Monday,0,Residential,30,Clear,33.2,55.5,1,362,50.81
2026-06-15 06:15:00,6,Monday,0,Arterial,70,Clear,19.5,75.3,0,645,13.25
2026-06-15 06:30:00,6,Monday,0,Residential,30,Clear,19.0,52.1,0,343,10.85
2026-06-15 06:45:00,6,Monday,0,Residential,30,Rainy,26.6,44.5,0,406,28.82
2026-06-15 07:00:00,7,Monday,0,Highway,100,Clear,22.0,82.9,0,1126,14.83
2026-06-15 07:15:00,7,Monday,0,Downtown,50,Foggy,23.7,64.4,0,487,38.05
2026-06-15 07:30:00,7,Monday,0,Arterial,70,Rainy,17.1,81.1,0,743,25.33
2026-06-15 07:45:00,7,Monday,0,Downtown,50,Foggy,32.8,87.9,0,643,35.98
2026-06-15 08:00:00,8,Monday,0,Downtown,50,Clear,22.3,85.2,0,1411,54.05
2026-06-15 08:15:00,8,Monday,0,Arterial,70,Clear,25.3,80.7,0,1761,58.19
2026-06-15 08:30:00,8,Monday,0,Highway,100,Foggy,32.9,49.7,0,2771,76.78
2026-06-15 08:45:00,8,Monday,0,Arterial,70,Clear,29.9,65.3,0,1219,48.8
2026-06-15 09:00:00,9,Monday,0,Highway,100,Clear,18.2,49.8,1,2463,85.96
2026-06-15 09:15:00,9,Monday,0,Arterial,70,Clear,18.1,79.7,0,1585,49.08
2026-06-15 09:30:00,9,Monday,0,Residential,30,Rainy,29.0,44.1,0,541,59.34
2026-06-15 09:45:00,9,Monday,0,Arterial,70,Clear,21.5,79.0,0,1790,54.46
2026-06-15 10:00:00,10,Monday,0,Highway,100,Rainy,18.1,44.1,0,2627,66.98
2026-06-15 10:15:00,10,Monday,0,Arterial,70,Clear,25.0,62.8,0,1806,58.57
2026-06-15 10:30:00,10,Monday,0,Residential,30,Heavy Rain,20.3,75.8,0,667,86.35
2026-06-15 10:45:00,10,Monday,0,Residential,30,Rainy,34.0,81.7,0,679,68.88
2026-06-15 11:00:00,11,Monday,0,Highway,100,Clear,15.4,66.2,0,1314,16.66
2026-06-15 11:15:00,11,Monday,0,Residential,30,Clear,22.4,61.2,0,363,20.78
2026-06-15 11:30:00,11,Monday,0,Arterial,70,Foggy,31.1,46.6,0,629,28.26
2026-06-15 11:45:00,11,Monday,0,Highway,100,Clear,22.1,52.6,0,1169,17.14
2026-06-15 12:00:00,12,Monday,0,Highway,100,Rainy,15.2,86.9,0,1124,23.81
2026-06-15 12:15:00,12,Monday,0,Highway,100,Clear,17.8,70.6,0,1555,21.98
2026-06-15 12:30:00,12,Monday,0,Highway,100,Clear,15.7,41.3,0,1383,15.57
2026-06-15 12:45:00,12,Monday,0,Arterial,70,Clear,25.3,75.7,0,858,13.18
2026-06-15 13:00:00,13,Monday,0,Arterial,70,Clear,27.9,64.7,0,1040,20.62
2026-06-15 13:15:00,13,Monday,0,Downtown,50,Clear,28.6,83.7,0,874,18.42
2026-06-15 13:30:00,13,Monday,0,Arterial,70,Clear,32.8,41.5,0,855,14.42
2026-06-15 13:45:00,13,Monday,0,Arterial,70,Clear,16.8,68.1,0,869,13.91
2026-06-15 14:00:00,14,Monday,0,Downtown,50,Rainy,33.1,60.5,1,650,63.99
2026-06-15 14:15:00,14,Monday,0,Highway,100,Clear,23.0,68.8,0,1267,20.99
2026-06-15 14:30:00,14,Monday,0,Highway,100,Foggy,21.2,88.6,0,1354,36.48
2026-06-15 14:45:00,14,Monday,0,Arterial,70,Foggy,26.8,71.5,0,723,27.63
2026-06-15 15:00:00,15,Monday,0,Residential,30,Foggy,34.5,85.1,0,309,35.69
2026-06-15 15:15:00,15,Monday,0,Residential,30,Clear,26.1,66.5,0,304,14.77
2026-06-15 15:30:00,15,Monday,0,Downtown,50,Clear,23.2,52.7,0,752,22.59
2026-06-15 15:45:00,15,Monday,0,Downtown,50,Clear,24.5,49.7,0,778,18.45
2026-06-15 16:00:00,16,Monday,0,Arterial,70,Clear,28.0,83.6,0,852,19.4
2026-06-15 16:15:00,16,Monday,0,Downtown,50,Clear,22.0,59.5,0,677,14.77
2026-06-15 16:30:00,16,Monday,0,Arterial,70,Clear,27.3,85.1,1,959,54.52
2026-06-15 16:45:00,16,Monday,0,Arterial,70,Clear,25.5,67.8,0,769,10.8
2026-06-15 17:00:00,17,Monday,0,Arterial,70,Heavy Rain,23.9,77.8,0,1739,78.09
2026-06-15 17:15:00,17,Monday,0,Residential,30,Clear,33.9,50.7,0,728,58.59
2026-06-15 17:30:00,17,Monday,0,Arterial,70,Foggy,23.6,66.9,0,1541,76.81
2026-06-15 17:45:00,17,Monday,0,Highway,100,Foggy,23.9,69.4,0,2450,71.82
2026-06-15 18:00:00,18,Monday,0,Residential,30,Clear,19.1,49.1,0,753,57.2
2026-06-15 18:15:00,18,Monday,0,Downtown,50,Clear,20.7,63.8,1,1499,88.35
2026-06-15 18:30:00,18,Monday,0,Arterial,70,Clear,24.1,43.6,0,1777,52.87
2026-06-15 18:45:00,18,Monday,0,Highway,100,Heavy Rain,18.9,84.1,0,2517,83.31
2026-06-15 19:00:00,19,Monday,0,Downtown,50,Clear,18.7,62.2,0,1612,62.38
2026-06-15 19:15:00,19,Monday,0,Arterial,70,Rainy,17.3,67.8,0,1573,61.92
2026-06-15 19:30:00,19,Monday,0,Highway,100,Clear,28.6,51.6,0,2560,56.35
2026-06-15 19:45:00,19,Monday,0,Arterial,70,Clear,24.1,48.9,0,1798,54.91
2026-06-15 20:00:00,20,Monday,0,Downtown,50,Clear,22.3,50.5,0,514,11.45
2026-06-15 20:15:00,20,Monday,0,Highway,100,Clear,30.5,51.4,0,1525,15.21
2026-06-15 20:30:00,20,Monday,0,Residential,30,Foggy,24.0,40.8,0,486,46.37
2026-06-15 20:45:00,20,Monday,0,Downtown,50,Clear,27.9,49.1,0,851,16.43
2026-06-15 21:00:00,21,Monday,0,Highway,100,Clear,29.1,51.3,0,1403,23.07
2026-06-15 21:15:00,21,Monday,0,Arterial,70,Clear,26.9,63.6,0,675,11.87
2026-06-15 21:30:00,21,Monday,0,Highway,100,Clear,21.0,77.4,0,1362,17.21
2026-06-15 21:45:00,21,Monday,0,Downtown,50,Rainy,16.7,51.0,0,588,29.23
2026-06-15 22:00:00,22,Monday,0,Downtown,50,Clear,31.4,46.5,0,580,7.98
2026-06-15 22:15:00,22,Monday,0,Arterial,70,Rainy,16.9,57.6,0,734,21.57
2026-06-15 22:30:00,22,Monday,0,Downtown,50,Clear,27.9,77.9,0,762,19.84
2026-06-15 22:45:00,22,Monday,0,Arterial,70,Foggy,29.0,50.1,0,757,32.31
2026-06-15 23:00:00,23,Monday,0,Residential,30,Clear,28.9,65.3,0,50,2.69
2026-06-15 23:15:00,23,Monday,0,Highway,100,Clear,20.1,65.3,1,473,41.52
2026-06-15 23:30:00,23,Monday,0,Downtown,50,Clear,32.1,63.6,0,116,1.46
2026-06-15 23:45:00,23,Monday,0,Residential,30,Clear,32.8,86.9,0,50,2.33
2026-06-16 00:00:00,0,Tuesday,0,Downtown,50,Rainy,20.6,67.8,0,229,16.33
2026-06-16 00:15:00,0,Tuesday,0,Downtown,50,Foggy,21.8,45.4,0,50,20.43
2026-06-16 00:30:00,0,Tuesday,0,Highway,100,Clear,26.7,54.0,0,303,0.0
2026-06-16 00:45:00,0,Tuesday,0,Arterial,70,Clear,33.6,58.7,0,414,2.93
2026-06-16 01:00:00,1,Tuesday,0,Arterial,70,Rainy,16.1,54.2,0,392,14.69
2026-06-16 01:15:00,1,Tuesday,0,Highway,100,Clear,19.3,46.4,0,670,9.72
2026-06-16 01:30:00,1,Tuesday,0,Downtown,50,Rainy,27.2,60.6,0,337,18.8
2026-06-16 01:45:00,1,Tuesday,0,Highway,100,Clear,28.0,50.1,0,358,1.59
2026-06-16 02:00:00,2,Tuesday,0,Downtown,50,Clear,29.3,69.7,0,265,4.63
2026-06-16 02:15:00,2,Tuesday,0,Arterial,70,Clear,32.5,83.2,0,317,3.95
2026-06-16 02:30:00,2,Tuesday,0,Arterial,70,Clear,33.1,49.9,0,245,4.06
2026-06-16 02:45:00,2,Tuesday,0,Downtown,50,Clear,21.4,57.0,0,261,4.08
2026-06-16 03:00:00,3,Tuesday,0,Highway,100,Clear,32.5,82.9,0,420,10.68
2026-06-16 03:15:00,3,Tuesday,0,Residential,30,Clear,25.5,64.3,0,129,2.49
2026-06-16 03:30:00,3,Tuesday,0,Downtown,50,Clear,22.8,87.3,0,343,10.31
2026-06-16 03:45:00,3,Tuesday,0,Arterial,70,Foggy,29.7,62.9,0,335,29.34
2026-06-16 04:00:00,4,Tuesday,0,Residential,30,Clear,21.0,50.7,0,237,14.59
2026-06-16 04:15:00,4,Tuesday,0,Downtown,50,Rainy,24.6,83.5,0,224,18.43
2026-06-16 04:30:00,4,Tuesday,0,Highway,100,Clear,25.7,46.9,0,320,3.63
2026-06-16 04:45:00,4,Tuesday,0,Residential,30,Clear,32.5,73.8,0,344,16.08
2026-06-16 05:00:00,5,Tuesday,0,Residential,30,Clear,32.5,86.2,0,80,5.66
2026-06-16 05:15:00,5,Tuesday,0,Residential,30,Rainy,15.8,85.3,0,381,25.12
2026-06-16 05:30:00,5,Tuesday,0,Highway,100,Clear,31.6,40.8,0,461,7.77
2026-06-16 05:45:00,5,Tuesday,0,Residential,30,Clear,20.1,86.2,0,309,16.04
2026-06-16 06:00:00,6,Tuesday,0,Residential,30,Rainy,22.4,75.7,0,181,15.11
2026-06-16 06:15:00,6,Tuesday,0,Highway,100,Clear,17.7,72.7,0,1337,17.32
2026-06-16 06:30:00,6,Tuesday,0,Highway,100,Rainy,30.1,44.4,0,1274,21.79
2026-06-16 06:45:00,6,Tuesday,0,Arterial,70,Clear,33.2,58.4,0,875,10.93
2026-06-16 07:00:00,7,Tuesday,0,Arterial,70,Clear,17.6,81.0,1,711,43.84
2026-06-16 07:15:00,7,Tuesday,0,Downtown,50,Rainy,22.8,85.2,0,946,31.42
2026-06-16 07:30:00,7,Tuesday,0,Residential,30,Rainy,15.8,56.6,0,486,30.92
2026-06-16 07:45:00,7,Tuesday,0,Downtown,50,Rainy,34.8,53.6,0,621,29.92
2026-06-16 08:00:00,8,Tuesday,0,Downtown,50,Clear,30.8,66.6,0,1550,61.36
2026-06-16 08:15:00,8,Tuesday,0,Highway,100,Clear,23.7,68.5,0,2526,56.23
2026-06-16 08:30:00,8,Tuesday,0,Downtown,50,Clear,29.9,50.2,0,1493,57.48
2026-06-16 08:45:00,8,Tuesday,0,Arterial,70,Clear,32.0,78.8,0,1822,53.01
2026-06-16 09:00:00,9,Tuesday,0,Arterial,70,Clear,21.2,85.0,0,1636,59.06
2026-06-16 09:15:00,9,Tuesday,0,Arterial,70,Foggy,32.1,41.1,0,1540,63.72
2026-06-16 09:30:00,9,Tuesday,0,Downtown,50,Clear,33.9,49.0,0,1259,53.05
2026-06-16 09:45:00,9,Tuesday,0,Arterial,70,Rainy,30.2,56.5,0,1575,63.74
2026-06-16 10:00:00,10,Tuesday,0,Downtown,50,Rainy,33.9,74.7,0,1656,75.12
2026-06-16 10:15:00,10,Tuesday,0,Residential,30,Clear,15.6,76.2,0,745,59.89
2026-06-16 10:30:00,10,Tuesday,0,Downtown,50,Heavy Rain,16.8,73.4,0,1549,90.06
2026-06-16 10:45:00,10,Tuesday,0,Highway,100,Clear,27.4,46.4,0,2461,55.9
2026-06-16 11:00:00,11,Tuesday,0,Arterial,70,Foggy,19.5,59.5,0,884,35.46
2026-06-16 11:15:00,11,Tuesday,0,Residential,30,Rainy,19.6,41.2,0,402,28.05
2026-06-16 11:30:00,11,Tuesday,0,Downtown,50,Clear,31.7,52.4,0,606,19.33
2026-06-16 11:45:00,11,Tuesday,0,Arterial,70,Clear,23.0,78.2,0,647,6.81
2026-06-16 12:00:00,12,Tuesday,0,Downtown,50,Foggy,20.3,62.0,0,593,32.23
2026-06-16 12:15:00,12,Tuesday,0,Downtown,50,Clear,25.2,66.5,0,487,10.17
2026-06-16 12:30:00,12,Tuesday,0,Highway,100,Foggy,18.4,61.3,0,1242,38.31
2026-06-16 12:45:00,12,Tuesday,0,Arterial,70,Clear,32.0,67.7,0,880,16.28
2026-06-16 13:00:00,13,Tuesday,0,Highway,100,Clear,32.9,53.7,0,1365,12.6
2026-06-16 13:15:00,13,Tuesday,0,Arterial,70,Rainy,32.9,73.7,0,826,28.29
2026-06-16 13:30:00,13,Tuesday,0,Highway,100,Clear,26.3,45.7,0,1131,11.35
2026-06-16 13:45:00,13,Tuesday,0,Downtown,50,Rainy,30.2,53.1,0,673,28.14
2026-06-16 14:00:00,14,Tuesday,0,Residential,30,Clear,23.8,75.4,0,416,13.25
2026-06-16 14:15:00,14,Tuesday,0,Downtown,50,Clear,15.2,62.9,0,565,14.77
2026-06-16 14:30:00,14,Tuesday,0,Arterial,70,Clear,26.0,45.8,0,892,14.64
2026-06-16 14:45:00,14,Tuesday,0,Highway,100,Clear,25.2,63.2,1,1141,56.13
2026-06-16 15:00:00,15,Tuesday,0,Arterial,70,Foggy,27.1,69.0,0,771,27.04
2026-06-16 15:15:00,15,Tuesday,0,Highway,100,Rainy,15.6,81.7,0,1299,30.08
2026-06-16 15:30:00,15,Tuesday,0,Highway,100,Clear,21.3,48.9,0,1063,8.76
2026-06-16 15:45:00,15,Tuesday,0,Highway,100,Clear,32.4,58.2,1,1290,50.6
2026-06-16 16:00:00,16,Tuesday,0,Arterial,70,Clear,20.5,69.9,0,856,16.9
2026-06-16 16:15:00,16,Tuesday,0,Arterial,70,Rainy,23.6,77.9,0,938,27.02
2026-06-16 16:30:00,16,Tuesday,0,Arterial,70,Heavy Rain,22.0,86.1,0,928,43.66
2026-06-16 16:45:00,16,Tuesday,0,Arterial,70,Foggy,24.0,77.2,0,758,30.51
2026-06-16 17:00:00,17,Tuesday,0,Arterial,70,Rainy,27.1,74.4,0,1607,64.36
2026-06-16 17:15:00,17,Tuesday,0,Downtown,50,Heavy Rain,23.1,40.5,0,1540,89.77
2026-06-16 17:30:00,17,Tuesday,0,Downtown,50,Clear,30.3,74.4,0,1261,51.11
2026-06-16 17:45:00,17,Tuesday,0,Arterial,70,Foggy,23.4,82.0,0,1721,68.7
2026-06-16 18:00:00,18,Tuesday,0,Arterial,70,Clear,17.4,60.8,0,1658,50.78
2026-06-16 18:15:00,18,Tuesday,0,Arterial,70,Foggy,22.5,77.9,0,1555,72.09
2026-06-16 18:30:00,18,Tuesday,0,Residential,30,Clear,31.6,58.3,0,533,45.89
2026-06-16 18:45:00,18,Tuesday,0,Downtown,50,Heavy Rain,24.3,80.9,0,1492,83.89
2026-06-16 19:00:00,19,Tuesday,0,Residential,30,Rainy,20.9,67.3,0,604,52.99
2026-06-16 19:15:00,19,Tuesday,0,Downtown,50,Foggy,23.3,40.9,0,1450,69.57
2026-06-16 19:30:00,19,Tuesday,0,Highway,100,Clear,34.7,45.0,0,2591,53.87
2026-06-16 19:45:00,19,Tuesday,0,Residential,30,Clear,16.6,71.4,0,687,53.34
2026-06-16 20:00:00,20,Tuesday,0,Highway,100,Rainy,19.2,82.9,0,1470,28.83
2026-06-16 20:15:00,20,Tuesday,0,Highway,100,Clear,29.5,55.7,0,1068,17.96
2026-06-16 20:30:00,20,Tuesday,0,Arterial,70,Clear,18.3,60.1,0,1011,17.52
2026-06-16 20:45:00,20,Tuesday,0,Arterial,70,Foggy,20.9,60.8,0,1084,44.51
2026-06-16 21:00:00,21,Tuesday,0,Highway,100,Clear,20.4,90.0,0,1300,18.65
2026-06-16 21:15:00,21,Tuesday,0,Arterial,70,Clear,31.8,84.2,0,688,9.34
2026-06-16 21:30:00,21,Tuesday,0,Highway,100,Clear,32.1,59.1,0,1089,18.12
2026-06-16 21:45:00,21,Tuesday,0,Highway,100,Rainy,32.1,74.3,0,1443,31.48
2026-06-16 22:00:00,22,Tuesday,0,Highway,100,Rainy,26.1,74.5,1,1226,59.59
2026-06-16 22:15:00,22,Tuesday,0,Residential,30,Foggy,25.1,69.7,0,340,37.59
2026-06-16 22:30:00,22,Tuesday,0,Arterial,70,Clear,25.2,87.3,0,939,19.58
2026-06-16 22:45:00,22,Tuesday,0,Downtown,50,Clear,26.3,83.0,0,517,10.16
2026-06-16 23:00:00,23,Tuesday,0,Residential,30,Clear,31.2,53.2,0,50,2.24
2026-06-16 23:15:00,23,Tuesday,0,Downtown,50,Clear,23.9,44.4,0,138,4.39
2026-06-16 23:30:00,23,Tuesday,0,Downtown,50,Foggy,28.6,80.6,0,253,22.91
2026-06-16 23:45:00,23,Tuesday,0,Downtown,50,Clear,28.3,60.7,0,280,9.57
2026-06-17 00:00:00,0,Wednesday,0,Arterial,70,Foggy,21.7,54.7,0,248,27.02
2026-06-17 00:15:00,0,Wednesday,0,Highway,100,Clear,28.1,59.3,0,510,4.84
2026-06-17 00:30:00,0,Wednesday,0,Arterial,70,Clear,15.7,59.3,0,151,0.9
2026-06-17 00:45:00,0,Wednesday,0,Residential,30,Clear,30.7,56.1,0,50,3.45
2026-06-17 01:00:00,1,Wednesday,0,Highway,100,Clear,17.3,43.6,0,103,0.71
2026-06-17 01:15:00,1,Wednesday,0,Arterial,70,Foggy,33.2,75.8,0,118,15.65
2026-06-17 01:30:00,1,Wednesday,0,Downtown,50,Clear,24.6,60.0,1,169,42.66
2026-06-17 01:45:00,1,Wednesday,0,Downtown,50,Clear,17.0,57.6,0,326,1.88
2026-06-17 02:00:00,2,Wednesday,0,Highway,100,Clear,32.8,70.4,1,452,39.41
2026-06-17 02:15:00,2,Wednesday,0,Residential,30,Clear,30.9,79.1,0,244,11.9
2026-06-17 02:30:00,2,Wednesday,0,Downtown,50,Clear,21.7,47.2,0,115,0.0
2026-06-17 02:45:00,2,Wednesday,0,Downtown,50,Clear,19.4,48.2,0,50,1.2
2026-06-17 03:00:00,3,Wednesday,0,Residential,30,Clear,16.2,76.5,0,50,4.98
2026-06-17 03:15:00,3,Wednesday,0,Arterial,70,Rainy,33.6,53.1,0,333,18.11
2026-06-17 03:30:00,3,Wednesday,0,Residential,30,Clear,17.6,64.8,0,50,1.03
2026-06-17 03:45:00,3,Wednesday,0,Downtown,50,Foggy,34.9,58.8,0,103,25.37
2026-06-17 04:00:00,4,Wednesday,0,Highway,100,Clear,16.5,74.8,0,272,2.34
2026-06-17 04:15:00,4,Wednesday,0,Residential,30,Clear,26.4,68.5,0,173,5.56
2026-06-17 04:30:00,4,Wednesday,0,Highway,100,Clear,29.2,50.4,0,50,0.0
2026-06-17 04:45:00,4,Wednesday,0,Downtown,50,Clear,27.9,75.7,0,121,0.0
2026-06-17 05:00:00,5,Wednesday,0,Arterial,70,Heavy Rain,31.3,48.2,0,250,29.71
2026-06-17 05:15:00,5,Wednesday,0,Residential,30,Rainy,19.3,60.0,0,151,20.04
2026-06-17 05:30:00,5,Wednesday,0,Residential,30,Clear,28.9,45.6,0,50,0.0
2026-06-17 05:45:00,5,Wednesday,0,Downtown,50,Clear,16.0,40.5,0,108,0.32
2026-06-17 06:00:00,6,Wednesday,0,Residential,30,Clear,17.5,67.3,0,208,12.55
2026-06-17 06:15:00,6,Wednesday,0,Arterial,70,Rainy,29.6,73.3,0,866,31.5
2026-06-17 06:30:00,6,Wednesday,0,Arterial,70,Clear,31.4,40.3,1,824,46.59
2026-06-17 06:45:00,6,Wednesday,0,Residential,30,Clear,24.5,46.6,0,294,10.07
2026-06-17 07:00:00,7,Wednesday,0,Arterial,70,Heavy Rain,34.9,45.7,0,781,40.89
2026-06-17 07:15:00,7,Wednesday,0,Arterial,70,Clear,19.4,77.8,0,867,18.24
2026-06-17 07:30:00,7,Wednesday,0,Arterial,70,Rainy,31.4,54.5,0,833,26.06
2026-06-17 07:45:00,7,Wednesday,0,Downtown,50,Rainy,33.4,66.7,0,867,33.04
2026-06-17 08:00:00,8,Wednesday,0,Highway,100,Clear,15.2,69.7,0,2451,55.85
2026-06-17 08:15:00,8,Wednesday,0,Residential,30,Clear,32.8,84.0,0,579,48.82
2026-06-17 08:30:00,8,Wednesday,0,Arterial,70,Clear,30.8,77.9,0,1685,53.4
2026-06-17 08:45:00,8,Wednesday,0,Downtown,50,Heavy Rain,23.0,56.6,0,1361,84.94
2026-06-17 09:00:00,9,Wednesday,0,Downtown,50,Foggy,24.8,50.8,0,1364,69.66
2026-06-17 09:15:00,9,Wednesday,0,Highway,100,Clear,23.0,73.7,0,2519,50.6
2026-06-17 09:30:00,9,Wednesday,0,Arterial,70,Clear,16.3,84.8,0,1882,55.57
2026-06-17 09:45:00,9,Wednesday,0,Downtown,50,Rainy,24.6,61.5,0,1420,68.38
2026-06-17 10:00:00,10,Wednesday,0,Highway,100,Foggy,33.3,89.5,0,2560,73.4
2026-06-17 10:15:00,10,Wednesday,0,Highway,100,Clear,34.6,54.8,0,2329,50.78
2026-06-17 10:30:00,10,Wednesday,0,Downtown,50,Clear,16.5,48.1,0,1463,53.53
2026-06-17 10:45:00,10,Wednesday,0,Arterial,70,Clear,24.7,44.5,0,1747,53.87
2026-06-17 11:00:00,11,Wednesday,0,Residential,30,Rainy,21.7,53.6,0,455,34.23
2026-06-17 11:15:00,11,Wednesday,0,Downtown,50,Rainy,34.1,65.6,0,582,23.39
2026-06-17 11:30:00,11,Wednesday,0,Arterial,70,Clear,32.6,45.0,0,795,15.75
2026-06-17 11:45:00,11,Wednesday,0,Arterial,70,Clear,27.5,47.9,0,939,17.47
2026-06-17 12:00:00,12,Wednesday,0,Arterial,70,Clear,17.8,40.2,0,811,12.74
2026-06-17 12:15:00,12,Wednesday,0,Arterial,70,Clear,18.5,78.7,0,794,17.26
2026-06-17 12:30:00,12,Wednesday,0,Residential,30,Clear,28.1,44.0,0,369,21.38
2026-06-17 12:45:00,12,Wednesday,0,Residential,30,Clear,32.4,62.4,1,338,51.14
2026-06-17 13:00:00,13,Wednesday,0,Residential,30,Rainy,19.2,71.2,0,307,27.06
2026-06-17 13:15:00,13,Wednesday,0,Highway,100,Clear,26.5,82.7,1,1177,49.58
2026-06-17 13:30:00,13,Wednesday,0,Downtown,50,Clear,24.0,55.5,0,843,16.9
2026-06-17 13:45:00,13,Wednesday,0,Arterial,70,Foggy,25.9,51.9,0,670,31.51
2026-06-17 14:00:00,14,Wednesday,0,Downtown,50,Clear,31.9,62.7,0,674,12.85
2026-06-17 14:15:00,14,Wednesday,0,Residential,30,Rainy,18.2,53.9,0,499,36.86
2026-06-17 14:30:00,14,Wednesday,0,Downtown,50,Clear,31.2,61.9,0,771,17.78
2026-06-17 14:45:00,14,Wednesday,0,Downtown,50,Clear,27.9,86.5,0,651,17.28
2026-06-17 15:00:00,15,Wednesday,0,Arterial,70,Clear,18.0,87.9,0,815,16.18
2026-06-17 15:15:00,15,Wednesday,0,Arterial,70,Clear,30.3,69.0,0,815,14.22
2026-06-17 15:30:00,15,Wednesday,0,Downtown,50,Clear,27.2,67.5,0,632,13.17
2026-06-17 15:45:00,15,Wednesday,0,Downtown,50,Clear,18.7,48.9,0,797,21.81
2026-06-17 16:00:00,16,Wednesday,0,Arterial,70,Clear,34.6,79.9,0,894,18.75
2026-06-17 16:15:00,16,Wednesday,0,Highway,100,Clear,18.7,45.6,0,1353,15.38
2026-06-17 16:30:00,16,Wednesday,0,Residential,30,Clear,24.5,80.1,0,264,15.7
2026-06-17 16:45:00,16,Wednesday,0,Arterial,70,Clear,34.5,56.4,0,788,20.95
2026-06-17 17:00:00,17,Wednesday,0,Downtown,50,Clear,20.5,45.7,0,1546,55.01
2026-06-17 17:15:00,17,Wednesday,0,Downtown,50,Clear,32.0,70.1,1,1281,87.66
2026-06-17 17:30:00,17,Wednesday,0,Arterial,70,Clear,15.6,40.7,0,1626,48.1
2026-06-17 17:45:00,17,Wednesday,0,Arterial,70,Clear,28.5,69.8,0,1550,50.34
2026-06-17 18:00:00,18,Wednesday,0,Arterial,70,Clear,25.9,51.6,0,1800,57.05
2026-06-17 18:15:00,18,Wednesday,0,Downtown,50,Clear,22.2,58.3,0,1550,60.64
2026-06-17 18:30:00,18,Wednesday,0,Highway,100,Clear,24.7,45.3,0,2534,56.91
2026-06-17 18:45:00,18,Wednesday,0,Arterial,70,Clear,29.3,75.1,0,1343,48.74
2026-06-17 19:00:00,19,Wednesday,0,Arterial,70,Clear,33.8,69.4,0,1843,56.23
2026-06-17 19:15:00,19,Wednesday,0,Highway,100,Clear,28.6,55.8,0,2563,52.83
2026-06-17 19:30:00,19,Wednesday,0,Highway,100,Clear,33.0,69.1,0,2590,50.67
2026-06-17 19:45:00,19,Wednesday,0,Arterial,70,Heavy Rain,34.7,71.8,0,1920,86.07
2026-06-17 20:00:00,20,Wednesday,0,Highway,100,Clear,16.5,43.7,0,1439,17.94
2026-06-17 20:15:00,20,Wednesday,0,Arterial,70,Clear,16.6,67.5,0,871,16.69
2026-06-17 20:30:00,20,Wednesday,0,Highway,100,Clear,24.5,88.4,0,1224,17.58
2026-06-17 20:45:00,20,Wednesday,0,Residential,30,Clear,16.1,82.8,0,484,24.03
2026-06-17 21:00:00,21,Wednesday,0,Downtown,50,Clear,30.9,69.8,0,861,26.95
2026-06-17 21:15:00,21,Wednesday,0,Downtown,50,Heavy Rain,23.2,78.2,0,628,46.1
2026-06-17 21:30:00,21,Wednesday,0,Highway,100,Clear,27.2,46.0,0,1139,18.04
2026-06-17 21:45:00,21,Wednesday,0,Arterial,70,Rainy,27.0,73.6,0,874,28.53
2026-06-17 22:00:00,22,Wednesday,0,Highway,100,Clear,20.8,78.3,0,1204,14.51
2026-06-17 22:15:00,22,Wednesday,0,Highway,100,Clear,23.2,89.4,0,1318,15.74
2026-06-17 22:30:00,22,Wednesday,0,Arterial,70,Clear,16.9,59.1,0,629,14.94
2026-06-17 22:45:00,22,Wednesday,0,Downtown,50,Foggy,20.5,65.3,1,765,67.96
2026-06-17 23:00:00,23,Wednesday,0,Downtown,50,Rainy,22.0,55.7,0,152,11.27
2026-06-17 23:15:00,23,Wednesday,0,Highway,100,Clear,34.4,61.6,1,391,36.74
2026-06-17 23:30:00,23,Wednesday,0,Highway,100,Rainy,30.7,45.6,0,414,13.54
2026-06-17 23:45:00,23,Wednesday,0,Residential,30,Foggy,34.1,57.1,0,100,18.42
2026-06-18 00:00:00,0,Thursday,0,Downtown,50,Clear,28.2,56.2,0,149,9.57
2026-06-18 00:15:00,0,Thursday,0,Downtown,50,Clear,30.8,43.2,0,310,8.26
2026-06-18 00:30:00,0,Thursday,0,Highway,100,Clear,25.7,50.6,0,297,4.96
2026-06-18 00:45:00,0,Thursday,0,Arterial,70,Rainy,21.7,71.7,0,110,15.09
2026-06-18 01:00:00,1,Thursday,0,Downtown,50,Clear,20.6,82.0,0,50,0.0
2026-06-18 01:15:00,1,Thursday,0,Highway,100,Foggy,30.0,43.2,0,471,24.14
2026-06-18 01:30:00,1,Thursday,0,Arterial,70,Clear,25.0,64.5,0,318,3.76
2026-06-18 01:45:00,1,Thursday,0,Arterial,70,Heavy Rain,20.2,74.1,0,340,35.54
2026-06-18 02:00:00,2,Thursday,0,Downtown,50,Clear,27.0,47.8,0,290,4.08
2026-06-18 02:15:00,2,Thursday,0,Arterial,70,Clear,20.4,89.9,0,338,7.41
2026-06-18 02:30:00,2,Thursday,0,Highway,100,Heavy Rain,17.9,45.1,0,531,35.82
2026-06-18 02:45:00,2,Thursday,0,Arterial,70,Heavy Rain,23.7,47.5,0,352,36.18
2026-06-18 03:00:00,3,Thursday,0,Arterial,70,Clear,20.3,72.3,1,50,37.14
2026-06-18 03:15:00,3,Thursday,0,Residential,30,Clear,21.6,49.1,0,146,10.0
2026-06-18 03:30:00,3,Thursday,0,Residential,30,Clear,17.4,40.3,0,187,7.39
2026-06-18 03:45:00,3,Thursday,0,Downtown,50,Clear,31.3,55.0,0,178,0.0
2026-06-18 04:00:00,4,Thursday,0,Arterial,70,Clear,18.4,78.1,1,153,40.85
2026-06-18 04:15:00,4,Thursday,0,Highway,100,Clear,17.7,67.6,0,482,9.59
2026-06-18 04:30:00,4,Thursday,0,Highway,100,Clear,28.6,57.5,0,190,0.06
2026-06-18 04:45:00,4,Thursday,0,Highway,100,Rainy,32.1,51.0,0,260,17.34
2026-06-18 05:00:00,5,Thursday,0,Arterial,70,Clear,19.5,79.6,0,165,0.0
2026-06-18 05:15:00,5,Thursday,0,Highway,100,Clear,34.8,72.8,0,432,6.87
2026-06-18 05:30:00,5,Thursday,0,Downtown,50,Clear,18.7,72.7,0,151,5.9
2026-06-18 05:45:00,5,Thursday,0,Residential,30,Clear,25.3,79.6,0,138,6.21
2026-06-18 06:00:00,6,Thursday,0,Arterial,70,Clear,16.1,82.1,0,812,15.24
2026-06-18 06:15:00,6,Thursday,0,Arterial,70,Clear,15.0,70.8,0,905,13.86
2026-06-18 06:30:00,6,Thursday,0,Highway,100,Clear,18.0,69.0,0,1145,17.05
2026-06-18 06:45:00,6,Thursday,0,Highway,100,Clear,23.5,87.3,0,1206,14.42
2026-06-18 07:00:00,7,Thursday,0,Downtown,50,Rainy,27.9,83.1,0,650,24.63
2026-06-18 07:15:00,7,Thursday,0,Downtown,50,Clear,25.6,74.1,0,726,19.4
2026-06-18 07:30:00,7,Thursday,0,Downtown,50,Clear,28.6,85.1,0,786,20.56
2026-06-18 07:45:00,7,Thursday,0,Highway,100,Clear,17.6,88.4,0,1053,16.44
2026-06-18 08:00:00,8,Thursday,0,Highway,100,Clear,22.8,45.1,0,2539,54.85
2026-06-18 08:15:00,8,Thursday,0,Downtown,50,Clear,20.3,50.4,0,1407,54.35
2026-06-18 08:30:00,8,Thursday,0,Residential,30,Clear,22.8,61.3,0,909,57.14
2026-06-18 08:45:00,8,Thursday,0,Arterial,70,Clear,24.5,63.5,0,1656,57.27
2026-06-18 09:00:00,9,Thursday,0,Downtown,50,Foggy,32.3,84.5,0,1456,72.33
2026-06-18 09:15:00,9,Thursday,0,Downtown,50,Clear,17.7,47.8,0,1478,56.87
2026-06-18 09:30:00,9,Thursday,0,Residential,30,Clear,21.2,52.0,0,717,57.03
2026-06-18 09:45:00,9,Thursday,0,Downtown,50,Clear,15.6,43.2,0,1290,53.42
2026-06-18 10:00:00,10,Thursday,0,Downtown,50,Rainy,23.2,77.3,0,1533,71.1
2026-06-18 10:15:00,10,Thursday,0,Residential,30,Clear,23.2,48.3,0,763,57.41
2026-06-18 10:30:00,10,Thursday,0,Arterial,70,Clear,20.7,62.8,0,1772,52.94
2026-06-18 10:45:00,10,Thursday,0,Highway,100,Clear,30.9,53.3,0,2663,59.53
2026-06-18 11:00:00,11,Thursday,0,Arterial,70,Clear,31.7,77.9,0,860,13.74
2026-06-18 11:15:00,11,Thursday,0,Highway,100,Clear,30.1,54.7,0,1158,17.08
2026-06-18 11:30:00,11,Thursday,0,Downtown,50,Rainy,22.9,50.5,0,726,30.46
2026-06-18 11:45:00,11,Thursday,0,Highway,100,Rainy,23.5,69.6,0,1423,30.16
2026-06-18 12:00:00,12,Thursday,0,Downtown,50,Clear,18.0,81.8,0,695,12.41
2026-06-18 12:15:00,12,Thursday,0,Highway,100,Rainy,29.4,47.0,0,1320,27.04
2026-06-18 12:30:00,12,Thursday,0,Arterial,70,Clear,18.2,48.4,0,716,13.97
2026-06-18 12:45:00,12,Thursday,0,Highway,100,Clear,29.9,75.6,0,1160,15.01
2026-06-18 13:00:00,13,Thursday,0,Residential,30,Foggy,29.0,86.3,0,381,39.02
2026-06-18 13:15:00,13,Thursday,0,Arterial,70,Clear,21.5,71.4,0,813,10.35
2026-06-18 13:30:00,13,Thursday,0,Highway,100,Clear,33.5,77.4,0,1213,23.26
2026-06-18 13:45:00,13,Thursday,0,Highway,100,Foggy,20.0,44.6,0,1207,29.89
2026-06-18 14:00:00,14,Thursday,0,Highway,100,Clear,18.5,42.7,0,1211,18.51
2026-06-18 14:15:00,14,Thursday,0,Residential,30,Clear,21.5,47.5,0,571,22.03
2026-06-18 14:30:00,14,Thursday,0,Downtown,50,Clear,27.6,86.8,0,863,16.97
2026-06-18 14:45:00,14,Thursday,0,Downtown,50,Clear,22.5,63.4,0,686,20.39
2026-06-18 15:00:00,15,Thursday,0,Downtown,50,Foggy,17.7,52.5,0,696,34.82
2026-06-18 15:15:00,15,Thursday,0,Arterial,70,Clear,18.5,79.6,1,907,51.86
2026-06-18 15:30:00,15,Thursday,0,Downtown,50,Clear,28.5,61.7,0,717,15.29
2026-06-18 15:45:00,15,Thursday,0,Highway,100,Rainy,31.5,51.9,0,1560,30.25
2026-06-18 16:00:00,16,Thursday,0,Highway,100,Clear,21.0,42.8,0,1274,15.58
2026-06-18 16:15:00,16,Thursday,0,Residential,30,Clear,25.3,47.3,0,388,14.53
2026-06-18 16:30:00,16,Thursday,0,Residential,30,Clear,30.3,41.2,0,313,11.83
2026-06-18 16:45:00,16,Thursday,0,Highway,100,Clear,23.4,55.0,0,1238,17.89
2026-06-18 17:00:00,17,Thursday,0,Highway,100,Clear,32.1,68.6,0,2499,50.06
2026-06-18 17:15:00,17,Thursday,0,Highway,100,Foggy,32.7,44.2,0,2465,66.9
2026-06-18 17:30:00,17,Thursday,0,Residential,30,Clear,21.7,50.4,0,630,57.41
2026-06-18 17:45:00,17,Thursday,0,Highway,100,Clear,34.2,66.0,0,2702,56.47
2026-06-18 18:00:00,18,Thursday,0,Arterial,70,Clear,26.7,73.3,0,1644,55.77
2026-06-18 18:15:00,18,Thursday,0,Highway,100,Heavy Rain,23.7,71.2,0,2349,80.33
2026-06-18 18:30:00,18,Thursday,0,Downtown,50,Rainy,26.1,64.4,0,1370,63.24
2026-06-18 18:45:00,18,Thursday,0,Arterial,70,Heavy Rain,30.7,73.0,0,1579,79.11
2026-06-18 19:00:00,19,Thursday,0,Arterial,70,Foggy,32.7,40.5,0,1854,80.76
2026-06-18 19:15:00,19,Thursday,0,Downtown,50,Rainy,32.8,67.6,1,1399,100.0
2026-06-18 19:30:00,19,Thursday,0,Arterial,70,Clear,16.1,65.3,0,1636,48.78
2026-06-18 19:45:00,19,Thursday,0,Residential,30,Clear,22.2,62.0,0,842,61.84
2026-06-18 20:00:00,20,Thursday,0,Arterial,70,Rainy,25.7,56.9,0,895,34.13
2026-06-18 20:15:00,20,Thursday,0,Highway,100,Clear,20.7,54.1,0,1152,11.23
2026-06-18 20:30:00,20,Thursday,0,Arterial,70,Clear,32.7,44.3,0,881,19.84
2026-06-18 20:45:00,20,Thursday,0,Highway,100,Clear,29.1,88.7,0,1202,16.72
2026-06-18 21:00:00,21,Thursday,0,Highway,100,Clear,23.5,76.5,0,1262,11.12
2026-06-18 21:15:00,21,Thursday,0,Residential,30,Rainy,21.5,89.1,0,413,28.47
2026-06-18 21:30:00,21,Thursday,0,Highway,100,Clear,16.9,86.0,0,1258,15.29
2026-06-18 21:45:00,21,Thursday,0,Highway,100,Foggy,25.4,43.7,0,1330,34.32
2026-06-18 22:00:00,22,Thursday,0,Downtown,50,Foggy,22.3,42.2,1,731,65.76
2026-06-18 22:15:00,22,Thursday,0,Downtown,50,Rainy,18.6,88.0,0,716,31.84
2026-06-18 22:30:00,22,Thursday,0,Arterial,70,Heavy Rain,26.6,83.3,1,904,85.93
2026-06-18 22:45:00,22,Thursday,0,Highway,100,Clear,19.0,49.3,0,1140,10.22
2026-06-18 23:00:00,23,Thursday,0,Arterial,70,Clear,15.8,73.7,0,486,6.65
2026-06-18 23:15:00,23,Thursday,0,Downtown,50,Clear,27.8,87.7,0,426,6.79
2026-06-18 23:30:00,23,Thursday,0,Highway,100,Clear,34.6,65.9,0,295,4.0
2026-06-18 23:45:00,23,Thursday,0,Arterial,70,Clear,15.6,81.0,0,161,5.8
2026-06-19 00:00:00,0,Friday,0,Highway,100,Heavy Rain,22.2,70.1,0,459,34.16
2026-06-19 00:15:00,0,Friday,0,Downtown,50,Clear,32.2,49.1,0,216,6.4
2026-06-19 00:30:00,0,Friday,0,Downtown,50,Rainy,31.8,87.2,0,192,12.51
2026-06-19 00:45:00,0,Friday,0,Downtown,50,Clear,15.1,57.1,1,101,42.17
2026-06-19 01:00:00,1,Friday,0,Highway,100,Clear,18.4,45.3,0,341,3.09
2026-06-19 01:15:00,1,Friday,0,Arterial,70,Clear,21.0,50.0,0,346,10.75
2026-06-19 01:30:00,1,Friday,0,Arterial,70,Foggy,34.4,48.7,0,133,20.69
2026-06-19 01:45:00,1,Friday,0,Arterial,70,Clear,25.4,56.5,0,196,4.08
2026-06-19 02:00:00,2,Friday,0,Highway,100,Clear,17.1,41.1,0,570,8.88
2026-06-19 02:15:00,2,Friday,0,Highway,100,Rainy,18.6,70.7,0,267,14.7
2026-06-19 02:30:00,2,Friday,0,Highway,100,Rainy,33.9,70.5,0,265,17.97
2026-06-19 02:45:00,2,Friday,0,Highway,100,Clear,22.0,52.1,0,339,3.84
2026-06-19 03:00:00,3,Friday,0,Residential,30,Clear,25.8,69.7,0,64,0.95
2026-06-19 03:15:00,3,Friday,0,Highway,100,Clear,18.8,68.1,0,61,4.42
2026-06-19 03:30:00,3,Friday,0,Arterial,70,Rainy,19.4,76.7,0,50,10.92
2026-06-19 03:45:00,3,Friday,0,Arterial,70,Clear,15.9,45.6,0,383,7.3
2026-06-19 04:00:00,4,Friday,0,Highway,100,Foggy,34.1,87.9,0,284,20.99
2026-06-19 04:15:00,4,Friday,0,Arterial,70,Clear,32.0,89.8,0,111,0.52
2026-06-19 04:30:00,4,Friday,0,Highway,100,Clear,26.1,81.2,0,386,7.0
2026-06-19 04:45:00,4,Friday,0,Downtown,50,Clear,32.1,73.8,0,195,2.93
2026-06-19 05:00:00,5,Friday,0,Arterial,70,Rainy,31.8,58.0,0,222,18.98
2026-06-19 05:15:00,5,Friday,0,Highway,100,Clear,29.3,45.5,0,349,2.66
2026-06-19 05:30:00,5,Friday,0,Downtown,50,Clear,28.5,86.6,0,326,10.24
2026-06-19 05:45:00,5,Friday,0,Downtown,50,Clear,18.4,69.0,0,148,8.4
2026-06-19 06:00:00,6,Friday,0,Arterial,70,Clear,19.2,53.3,0,804,14.93
2026-06-19 06:15:00,6,Friday,0,Highway,100,Rainy,21.5,73.4,0,1322,28.97
2026-06-19 06:30:00,6,Friday,0,Highway,100,Rainy,34.2,83.1,0,1143,24.9
2026-06-19 06:45:00,6,Friday,0,Downtown,50,Rainy,21.3,67.0,0,832,30.17
2026-06-19 07:00:00,7,Friday,0,Downtown,50,Clear,27.4,51.8,0,507,9.32
2026-06-19 07:15:00,7,Friday,0,Highway,100,Clear,17.3,67.5,0,1129,12.2
2026-06-19 07:30:00,7,Friday,0,Residential,30,Rainy,22.0,44.6,0,372,24.5
2026-06-19 07:45:00,7,Friday,0,Downtown,50,Clear,27.7,67.1,0,702,18.25
2026-06-19 08:00:00,8,Friday,0,Arterial,70,Clear,18.7,71.8,0,1672,53.43
2026-06-19 08:15:00,8,Friday,0,Arterial,70,Foggy,26.3,74.1,0,1492,74.61
2026-06-19 08:30:00,8,Friday,0,Downtown,50,Clear,24.9,54.8,0,1412,48.18
2026-06-19 08:45:00,8,Friday,0,Residential,30,Clear,29.9,82.8,0,505,41.31
2026-06-19 09:00:00,9,Friday,0,Downtown,50,Clear,21.2,74.0,0,1575,50.8
2026-06-19 09:15:00,9,Friday,0,Highway,100,Clear,25.0,85.1,0,2562,57.06
2026-06-19 09:30:00,9,Friday,0,Highway,100,Rainy,15.7,89.9,0,2395,61.64
2026-06-19 09:45:00,9,Friday,0,Arterial,70,Clear,22.4,55.9,0,1712,53.63
2026-06-19 10:00:00,10,Friday,0,Downtown,50,Clear,32.1,52.4,0,1306,58.32
2026-06-19 10:15:00,10,Friday,0,Arterial,70,Foggy,34.4,71.7,0,1622,75.61
2026-06-19 10:30:00,10,Friday,0,Arterial,70,Clear,27.1,49.3,0,1543,49.07
2026-06-19 10:45:00,10,Friday,0,Residential,30,Clear,18.5,67.4,0,641,44.48
2026-06-19 11:00:00,11,Friday,0,Highway,100,Clear,28.0,84.1,0,1163,14.45
2026-06-19 11:15:00,11,Friday,0,Residential,30,Foggy,30.1,86.7,0,409,39.24
2026-06-19 11:30:00,11,Friday,0,Residential,30,Rainy,21.9,78.7,0,263,23.01
2026-06-19 11:45:00,11,Friday,0,Residential,30,Clear,25.4,59.6,1,486,55.08
2026-06-19 12:00:00,12,Friday,0,Residential,30,Clear,22.6,77.4,0,255,13.8
2026-06-19 12:15:00,12,Friday,0,Residential,30,Clear,26.5,81.6,0,404,22.42
2026-06-19 12:30:00,12,Friday,0,Residential,30,Clear,23.4,81.6,0,291,9.9
2026-06-19 12:45:00,12,Friday,0,Downtown,50,Rainy,26.6,66.5,0,660,22.41
2026-06-19 13:00:00,13,Friday,0,Highway,100,Clear,20.0,56.7,0,1177,20.24
2026-06-19 13:15:00,13,Friday,0,Residential,30,Rainy,15.2,70.8,0,585,39.6
2026-06-19 13:30:00,13,Friday,0,Highway,100,Clear,32.1,48.4,0,1471,17.22
2026-06-19 13:45:00,13,Friday,0,Arterial,70,Foggy,16.9,58.5,0,920,31.89
2026-06-19 14:00:00,14,Friday,0,Highway,100,Clear,17.4,86.5,0,1186,18.22
2026-06-19 14:15:00,14,Friday,0,Arterial,70,Clear,33.9,77.4,0,847,14.24
2026-06-19 14:30:00,14,Friday,0,Arterial,70,Foggy,20.1,53.5,0,776,31.6
2026-06-19 14:45:00,14,Friday,0,Residential,30,Clear,32.2,81.6,0,250,11.65
2026-06-19 15:00:00,15,Friday,0,Residential,30,Clear,22.9,55.1,0,267,8.03
2026-06-19 15:15:00,15,Friday,0,Downtown,50,Rainy,21.1,63.5,0,782,26.54
2026-06-19 15:30:00,15,Friday,0,Arterial,70,Clear,32.2,45.1,0,1002,19.48
2026-06-19 15:45:00,15,Friday,0,Highway,100,Rainy,23.0,49.4,0,1263,25.27
2026-06-19 16:00:00,16,Friday,0,Highway,100,Clear,27.0,67.8,0,1084,12.55
2026-06-19 16:15:00,16,Friday,0,Arterial,70,Heavy Rain,32.0,47.3,0,845,46.25
2026-06-19 16:30:00,16,Friday,0,Arterial,70,Rainy,21.3,64.1,1,731,62.2
2026-06-19 16:45:00,16,Friday,0,Highway,100,Clear,30.3,54.8,0,1207,10.81
2026-06-19 17:00:00,17,Friday,0,Residential,30,Foggy,24.1,60.5,0,684,66.86
2026-06-19 17:15:00,17,Friday,0,Arterial,70,Clear,18.0,58.9,0,1630,48.51
2026-06-19 17:30:00,17,Friday,0,Arterial,70,Foggy,21.5,46.7,0,1622,71.63
2026-06-19 17:45:00,17,Friday,0,Arterial,70,Clear,15.7,64.1,0,1719,57.86
2026-06-19 18:00:00,18,Friday,0,Arterial,70,Clear,24.9,42.0,0,1830,60.41
2026-06-19 18:15:00,18,Friday,0,Downtown,50,Rainy,24.0,70.6,0,1037,62.31
2026-06-19 18:30:00,18,Friday,0,Downtown,50,Clear,27.9,70.6,0,1436,61.26
2026-06-19 18:45:00,18,Friday,0,Downtown,50,Clear,19.8,40.1,0,1446,55.09
2026-06-19 19:00:00,19,Friday,0,Arterial,70,Clear,19.0,43.5,0,1754,50.94
2026-06-19 19:15:00,19,Friday,0,Downtown,50,Clear,32.5,62.2,0,1368,51.6
2026-06-19 19:30:00,19,Friday,0,Residential,30,Clear,22.5,84.4,0,746,55.42
2026-06-19 19:45:00,19,Friday,0,Downtown,50,Rainy,25.2,79.5,0,1434,66.72
2026-06-19 20:00:00,20,Friday,0,Highway,100,Rainy,24.8,42.0,0,1311,25.31
2026-06-19 20:15:00,20,Friday,0,Highway,100,Foggy,20.8,51.3,0,1271,34.65
2026-06-19 20:30:00,20,Friday,0,Downtown,50,Clear,24.5,45.5,0,653,18.83
2026-06-19 20:45:00,20,Friday,0,Highway,100,Rainy,17.4,49.5,0,1432,30.93
2026-06-19 21:00:00,21,Friday,0,Arterial,70,Clear,24.3,77.4,0,777,16.25
2026-06-19 21:15:00,21,Friday,0,Highway,100,Clear,21.4,87.8,0,1160,16.42
2026-06-19 21:30:00,21,Friday,0,Residential,30,Rainy,18.3,83.6,0,378,27.31
2026-06-19 21:45:00,21,Friday,0,Downtown,50,Clear,21.4,89.6,0,596,15.62
2026-06-19 22:00:00,22,Friday,0,Highway,100,Clear,20.0,51.7,0,1042,15.53
2026-06-19 22:15:00,22,Friday,0,Downtown,50,Clear,24.3,40.7,0,693,20.17
2026-06-19 22:30:00,22,Friday,0,Highway,100,Clear,30.2,49.5,0,1328,18.76
2026-06-19 22:45:00,22,Friday,0,Downtown,50,Foggy,33.8,60.3,0,780,38.68
2026-06-19 23:00:00,23,Friday,0,Residential,30,Clear,22.1,54.1,0,187,5.61
2026-06-19 23:15:00,23,Friday,0,Highway,100,Rainy,28.9,52.5,0,517,20.47
2026-06-19 23:30:00,23,Friday,0,Residential,30,Foggy,34.3,69.1,0,271,29.94
2026-06-19 23:45:00,23,Friday,0,Highway,100,Clear,20.4,54.6,0,248,1.53
2026-06-20 00:00:00,0,Saturday,1,Arterial,70,Clear,20.2,64.4,0,232,4.16
2026-06-20 00:15:00,0,Saturday,1,Highway,100,Heavy Rain,22.9,69.9,0,263,31.27
2026-06-20 00:30:00,0,Saturday,1,Highway,100,Clear,23.0,46.8,0,407,5.46
2026-06-20 00:45:00,0,Saturday,1,Downtown,50,Clear,29.7,46.4,0,107,0.92
2026-06-20 01:00:00,1,Saturday,1,Arterial,70,Clear,29.0,62.8,0,269,5.22
2026-06-20 01:15:00,1,Saturday,1,Highway,100,Clear,32.4,43.6,0,60,2.74
2026-06-20 01:30:00,1,Saturday,1,Arterial,70,Clear,21.1,84.2,0,367,8.77
2026-06-20 01:45:00,1,Saturday,1,Highway,100,Clear,24.2,79.1,0,461,6.77
2026-06-20 02:00:00,2,Saturday,1,Arterial,70,Clear,25.3,57.3,0,237,6.41
2026-06-20 02:15:00,2,Saturday,1,Arterial,70,Rainy,17.1,52.7,0,316,14.91
2026-06-20 02:30:00,2,Saturday,1,Downtown,50,Rainy,20.8,86.6,0,296,23.62
2026-06-20 02:45:00,2,Saturday,1,Highway,100,Heavy Rain,17.5,52.7,0,490,35.33
2026-06-20 03:00:00,3,Saturday,1,Arterial,70,Clear,33.4,41.8,0,307,4.51
2026-06-20 03:15:00,3,Saturday,1,Highway,100,Clear,32.8,63.7,0,434,7.89
2026-06-20 03:30:00,3,Saturday,1,Residential,30,Clear,18.5,42.4,0,121,2.13
2026-06-20 03:45:00,3,Saturday,1,Highway,100,Clear,15.7,81.6,0,454,4.88
2026-06-20 04:00:00,4,Saturday,1,Highway,100,Heavy Rain,27.3,49.2,0,311,36.44
2026-06-20 04:15:00,4,Saturday,1,Residential,30,Clear,20.6,44.7,0,124,5.25
2026-06-20 04:30:00,4,Saturday,1,Highway,100,Clear,25.6,84.9,1,305,39.53
2026-06-20 04:45:00,4,Saturday,1,Arterial,70,Clear,22.0,53.7,0,331,9.04
2026-06-20 05:00:00,5,Saturday,1,Residential,30,Foggy,30.2,66.0,0,286,31.79
2026-06-20 05:15:00,5,Saturday,1,Residential,30,Rainy,18.9,70.0,0,50,11.32
2026-06-20 05:30:00,5,Saturday,1,Residential,30,Clear,15.2,54.2,0,50,3.41
2026-06-20 05:45:00,5,Saturday,1,Arterial,70,Foggy,23.5,85.8,0,414,24.08
2026-06-20 06:00:00,6,Saturday,1,Highway,100,Clear,28.0,64.3,0,1236,17.84
2026-06-20 06:15:00,6,Saturday,1,Arterial,70,Clear,34.6,81.6,0,939,15.55
2026-06-20 06:30:00,6,Saturday,1,Highway,100,Clear,33.9,41.0,1,1297,50.36
2026-06-20 06:45:00,6,Saturday,1,Highway,100,Clear,19.3,69.3,0,1412,16.85
2026-06-20 07:00:00,7,Saturday,1,Residential,30,Clear,26.5,78.4,0,429,12.0
2026-06-20 07:15:00,7,Saturday,1,Highway,100,Clear,18.1,71.3,0,1193,11.89
2026-06-20 07:30:00,7,Saturday,1,Highway,100,Clear,33.2,41.0,0,1446,15.13
2026-06-20 07:45:00,7,Saturday,1,Arterial,70,Clear,31.9,64.6,0,866,16.27
2026-06-20 08:00:00,8,Saturday,1,Downtown,50,Heavy Rain,25.3,63.7,0,825,44.91
2026-06-20 08:15:00,8,Saturday,1,Highway,100,Clear,18.6,57.4,0,1304,13.49
2026-06-20 08:30:00,8,Saturday,1,Arterial,70,Clear,21.5,68.1,0,767,12.88
2026-06-20 08:45:00,8,Saturday,1,Arterial,70,Rainy,20.6,41.0,0,826,29.11
2026-06-20 09:00:00,9,Saturday,1,Arterial,70,Heavy Rain,28.9,76.0,0,877,46.48
2026-06-20 09:15:00,9,Saturday,1,Downtown,50,Clear,21.1,79.1,0,510,12.78
2026-06-20 09:30:00,9,Saturday,1,Downtown,50,Clear,31.6,70.1,0,487,12.1
2026-06-20 09:45:00,9,Saturday,1,Arterial,70,Clear,16.3,89.3,0,700,17.67
2026-06-20 10:00:00,10,Saturday,1,Downtown,50,Clear,28.5,76.5,0,738,14.4
2026-06-20 10:15:00,10,Saturday,1,Highway,100,Clear,23.3,61.7,0,1135,17.67
2026-06-20 10:30:00,10,Saturday,1,Arterial,70,Clear,28.7,68.4,0,880,22.19
2026-06-20 10:45:00,10,Saturday,1,Arterial,70,Clear,27.7,73.0,0,827,15.32
2026-06-20 11:00:00,11,Saturday,1,Downtown,50,Foggy,23.2,48.5,0,822,37.59
2026-06-20 11:15:00,11,Saturday,1,Highway,100,Clear,16.9,75.6,0,854,9.43
2026-06-20 11:30:00,11,Saturday,1,Arterial,70,Foggy,18.4,57.6,0,795,35.36
2026-06-20 11:45:00,11,Saturday,1,Arterial,70,Clear,20.2,44.7,0,798,17.66
2026-06-20 12:00:00,12,Saturday,1,Arterial,70,Clear,24.2,88.5,0,700,18.83
2026-06-20 12:15:00,12,Saturday,1,Highway,100,Clear,31.3,44.9,0,1314,14.82
2026-06-20 12:30:00,12,Saturday,1,Downtown,50,Clear,24.4,84.4,0,759,18.74
2026-06-20 12:45:00,12,Saturday,1,Downtown,50,Clear,32.3,86.3,0,777,16.51
2026-06-20 13:00:00,13,Saturday,1,Arterial,70,Clear,16.6,47.8,0,1068,19.9
2026-06-20 13:15:00,13,Saturday,1,Residential,30,Clear,25.4,66.1,0,318,14.48
2026-06-20 13:30:00,13,Saturday,1,Highway,100,Clear,17.0,75.2,0,1269,10.72
2026-06-20 13:45:00,13,Saturday,1,Highway,100,Rainy,32.8,82.6,0,1217,28.05
2026-06-20 14:00:00,14,Saturday,1,Highway,100,Rainy,23.5,89.8,0,1252,31.3
2026-06-20 14:15:00,14,Saturday,1,Downtown,50,Rainy,33.3,54.9,0,848,30.5
2026-06-20 14:30:00,14,Saturday,1,Arterial,70,Rainy,29.6,50.5,0,840,22.1
2026-06-20 14:45:00,14,Saturday,1,Arterial,70,Clear,22.2,49.6,0,834,11.69
2026-06-20 15:00:00,15,Saturday,1,Downtown,50,Clear,32.9,71.8,0,629,20.18
2026-06-20 15:15:00,15,Saturday,1,Downtown,50,Clear,32.2,78.9,0,784,20.15
2026-06-20 15:30:00,15,Saturday,1,Downtown,50,Clear,25.0,75.2,0,620,14.8
2026-06-20 15:45:00,15,Saturday,1,Highway,100,Clear,28.1,47.3,0,1182,12.74
2026-06-20 16:00:00,16,Saturday,1,Highway,100,Clear,28.1,61.9,0,1181,16.06
2026-06-20 16:15:00,16,Saturday,1,Highway,100,Foggy,16.6,47.4,0,1401,41.19
2026-06-20 16:30:00,16,Saturday,1,Residential,30,Foggy,23.2,58.6,0,255,26.42
2026-06-20 16:45:00,16,Saturday,1,Residential,30,Clear,34.8,58.6,0,230,8.81
2026-06-20 17:00:00,17,Saturday,1,Highway,100,Foggy,34.7,42.2,0,1105,31.01
2026-06-20 17:15:00,17,Saturday,1,Arterial,70,Clear,24.1,53.6,0,821,12.95
2026-06-20 17:30:00,17,Saturday,1,Residential,30,Clear,32.5,82.2,1,424,57.65
2026-06-20 17:45:00,17,Saturday,1,Residential,30,Clear,24.3,89.5,0,395,20.03
2026-06-20 18:00:00,18,Saturday,1,Downtown,50,Clear,33.5,81.3,0,555,15.82
2026-06-20 18:15:00,18,Saturday,1,Highway,100,Foggy,26.7,54.9,0,1301,35.45
2026-06-20 18:30:00,18,Saturday,1,Downtown,50,Clear,22.3,55.2,0,708,23.04
2026-06-20 18:45:00,18,Saturday,1,Arterial,70,Foggy,15.6,78.7,0,830,32.17
2026-06-20 19:00:00,19,Saturday,1,Highway,100,Rainy,25.6,41.5,0,1407,31.12
2026-06-20 19:15:00,19,Saturday,1,Arterial,70,Clear,31.0,70.5,0,1026,23.54
2026-06-20 19:30:00,19,Saturday,1,Downtown,50,Clear,34.4,49.9,1,939,57.67
2026-06-20 19:45:00,19,Saturday,1,Highway,100,Clear,30.4,75.3,0,1156,14.89
2026-06-20 20:00:00,20,Saturday,1,Residential,30,Foggy,15.4,82.9,0,509,38.47
2026-06-20 20:15:00,20,Saturday,1,Arterial,70,Rainy,21.8,56.1,0,868,27.68
2026-06-20 20:30:00,20,Saturday,1,Arterial,70,Clear,32.9,64.8,0,827,11.83
2026-06-20 20:45:00,20,Saturday,1,Residential,30,Clear,22.4,49.8,0,452,22.82
2026-06-20 21:00:00,21,Saturday,1,Residential,30,Rainy,19.9,42.0,1,196,52.65
2026-06-20 21:15:00,21,Saturday,1,Residential,30,Clear,19.3,84.5,1,413,46.61
2026-06-20 21:30:00,21,Saturday,1,Residential,30,Heavy Rain,20.2,50.6,0,316,42.47
2026-06-20 21:45:00,21,Saturday,1,Arterial,70,Clear,23.1,42.0,0,763,11.21
2026-06-20 22:00:00,22,Saturday,1,Residential,30,Rainy,19.4,43.6,0,515,33.71
2026-06-20 22:15:00,22,Saturday,1,Arterial,70,Clear,24.0,77.4,0,844,14.06
2026-06-20 22:30:00,22,Saturday,1,Highway,100,Clear,32.7,58.1,0,1331,17.35
2026-06-20 22:45:00,22,Saturday,1,Downtown,50,Clear,19.6,59.7,0,301,5.07
2026-06-20 23:00:00,23,Saturday,1,Residential,30,Clear,30.7,87.1,0,97,0.0
2026-06-20 23:15:00,23,Saturday,1,Arterial,70,Clear,22.2,81.3,0,284,5.43
2026-06-20 23:30:00,23,Saturday,1,Highway,100,Clear,30.5,47.6,0,423,4.22
2026-06-20 23:45:00,23,Saturday,1,Arterial,70,Clear,27.0,49.2,0,50,0.0
2026-06-21 00:00:00,0,Sunday,1,Arterial,70,Clear,26.3,72.7,0,281,3.82
2026-06-21 00:15:00,0,Sunday,1,Residential,30,Clear,23.1,64.9,0,60,3.07
2026-06-21 00:30:00,0,Sunday,1,Downtown,50,Clear,24.4,81.4,0,231,6.38
2026-06-21 00:45:00,0,Sunday,1,Arterial,70,Clear,33.8,66.6,0,86,0.0
2026-06-21 01:00:00,1,Sunday,1,Residential,30,Clear,17.8,51.0,0,94,2.52
2026-06-21 01:15:00,1,Sunday,1,Arterial,70,Rainy,22.1,89.1,0,142,15.23
2026-06-21 01:30:00,1,Sunday,1,Downtown,50,Heavy Rain,31.4,67.8,0,157,30.93
2026-06-21 01:45:00,1,Sunday,1,Highway,100,Rainy,32.1,78.9,0,583,19.74
2026-06-21 02:00:00,2,Sunday,1,Arterial,70,Rainy,28.5,74.9,0,201,17.3
2026-06-21 02:15:00,2,Sunday,1,Arterial,70,Rainy,24.9,84.5,0,341,17.61
2026-06-21 02:30:00,2,Sunday,1,Arterial,70,Clear,21.7,53.8,0,163,4.8
2026-06-21 02:45:00,2,Sunday,1,Downtown,50,Clear,18.7,53.7,0,316,11.37
2026-06-21 03:00:00,3,Sunday,1,Arterial,70,Rainy,30.2,70.9,0,334,17.3
2026-06-21 03:15:00,3,Sunday,1,Downtown,50,Rainy,25.9,50.9,0,374,17.66
2026-06-21 03:30:00,3,Sunday,1,Arterial,70,Rainy,28.6,74.2,0,163,18.36
2026-06-21 03:45:00,3,Sunday,1,Arterial,70,Clear,25.8,47.3,0,97,6.65
2026-06-21 04:00:00,4,Sunday,1,Arterial,70,Foggy,17.2,79.6,0,178,25.65
2026-06-21 04:15:00,4,Sunday,1,Residential,30,Clear,15.4,75.8,0,50,3.68
2026-06-21 04:30:00,4,Sunday,1,Arterial,70,Rainy,34.1,58.6,0,302,16.14
2026-06-21 04:45:00,4,Sunday,1,Downtown,50,Clear,21.1,46.6,0,267,2.58
2026-06-21 05:00:00,5,Sunday,1,Residential,30,Clear,25.8,68.7,0,470,22.64
2026-06-21 05:15:00,5,Sunday,1,Arterial,70,Clear,16.1,60.4,0,50,2.41
2026-06-21 05:30:00,5,Sunday,1,Arterial,70,Clear,33.7,84.7,0,377,2.41
2026-06-21 05:45:00,5,Sunday,1,Highway,100,Clear,20.0,85.8,0,439,13.35
2026-06-21 06:00:00,6,Sunday,1,Residential,30,Foggy,34.4,46.3,0,405,42.29
2026-06-21 06:15:00,6,Sunday,1,Highway,100,Clear,32.8,83.4,0,1286,18.96
2026-06-21 06:30:00,6,Sunday,1,Downtown,50,Clear,17.3,61.7,0,586,13.69
2026-06-21 06:45:00,6,Sunday,1,Residential,30,Clear,19.0,66.3,0,529,23.05
2026-06-21 07:00:00,7,Sunday,1,Arterial,70,Clear,29.5,41.3,0,926,17.06
2026-06-21 07:15:00,7,Sunday,1,Arterial,70,Clear,34.6,50.0,0,1021,10.44
2026-06-21 07:30:00,7,Sunday,1,Downtown,50,Rainy,20.3,40.8,0,525,30.24
2026-06-21 07:45:00,7,Sunday,1,Downtown,50,Rainy,25.8,44.4,0,445,20.04
2026-06-21 08:00:00,8,Sunday,1,Downtown,50,Rainy,19.2,81.8,0,655,23.14
2026-06-21 08:15:00,8,Sunday,1,Downtown,50,Heavy Rain,31.2,87.0,0,712,41.92
2026-06-21 08:30:00,8,Sunday,1,Highway,100,Rainy,28.4,88.5,0,1299,17.13
2026-06-21 08:45:00,8,Sunday,1,Highway,100,Clear,23.9,62.3,0,1262,14.84
2026-06-21 09:00:00,9,Sunday,1,Arterial,70,Clear,21.2,53.9,0,842,12.63
2026-06-21 09:15:00,9,Sunday,1,Downtown,50,Clear,31.1,62.6,0,663,18.99
2026-06-21 09:30:00,9,Sunday,1,Downtown,50,Clear,23.4,78.0,0,561,10.72
2026-06-21 09:45:00,9,Sunday,1,Arterial,70,Clear,26.6,79.9,0,640,16.77
2026-06-21 10:00:00,10,Sunday,1,Downtown,50,Rainy,30.0,49.8,0,701,31.34
2026-06-21 10:15:00,10,Sunday,1,Downtown,50,Clear,31.8,54.2,0,744,14.7
2026-06-21 10:30:00,10,Sunday,1,Downtown,50,Clear,28.5,60.7,0,542,11.29
2026-06-21 10:45:00,10,Sunday,1,Arterial,70,Clear,29.8,78.7,0,779,16.35
2026-06-21 11:00:00,11,Sunday,1,Arterial,70,Clear,23.4,84.5,0,868,18.04
2026-06-21 11:15:00,11,Sunday,1,Arterial,70,Clear,30.8,43.8,0,692,13.51
2026-06-21 11:30:00,11,Sunday,1,Highway,100,Clear,17.7,48.0,0,1339,14.19
2026-06-21 11:45:00,11,Sunday,1,Downtown,50,Clear,25.1,41.6,0,735,11.74
2026-06-21 12:00:00,12,Sunday,1,Downtown,50,Clear,22.8,45.9,0,861,17.23
2026-06-21 12:15:00,12,Sunday,1,Arterial,70,Rainy,33.1,86.1,0,631,24.21
2026-06-21 12:30:00,12,Sunday,1,Residential,30,Clear,17.6,61.6,0,697,32.04
2026-06-21 12:45:00,12,Sunday,1,Arterial,70,Clear,33.9,78.7,0,996,16.87
2026-06-21 13:00:00,13,Sunday,1,Arterial,70,Clear,17.5,57.3,0,631,5.56
2026-06-21 13:15:00,13,Sunday,1,Arterial,70,Clear,18.0,79.2,0,1032,21.58
2026-06-21 13:30:00,13,Sunday,1,Residential,30,Rainy,27.2,59.4,0,403,31.28
2026-06-21 13:45:00,13,Sunday,1,Highway,100,Clear,30.5,61.6,0,1467,14.05
2026-06-21 14:00:00,14,Sunday,1,Residential,30,Clear,19.2,48.1,0,550,31.61
2026-06-21 14:15:00,14,Sunday,1,Highway,100,Rainy,29.8,53.0,0,1225,32.17
2026-06-21 14:30:00,14,Sunday,1,Downtown,50,Rainy,28.4,82.7,0,522,25.22
2026-06-21 14:45:00,14,Sunday,1,Arterial,70,Rainy,28.0,48.9,0,705,27.82
2026-06-21 15:00:00,15,Sunday,1,Arterial,70,Rainy,26.3,44.2,0,754,23.8
2026-06-21 15:15:00,15,Sunday,1,Arterial,70,Clear,19.1,43.4,0,837,16.88
2026-06-21 15:30:00,15,Sunday,1,Residential,30,Rainy,25.2,75.3,0,215,24.55
2026-06-21 15:45:00,15,Sunday,1,Downtown,50,Clear,30.5,45.0,0,823,14.77
2026-06-21 16:00:00,16,Sunday,1,Arterial,70,Clear,27.9,87.4,0,862,18.53
2026-06-21 16:15:00,16,Sunday,1,Downtown,50,Clear,24.4,83.4,0,652,14.9
2026-06-21 16:30:00,16,Sunday,1,Highway,100,Clear,29.3,69.1,0,1016,10.54
2026-06-21 16:45:00,16,Sunday,1,Arterial,70,Foggy,30.5,44.2,0,1041,37.13
2026-06-21 17:00:00,17,Sunday,1,Highway,100,Rainy,19.7,61.9,0,1216,26.65
2026-06-21 17:15:00,17,Sunday,1,Downtown,50,Clear,27.4,47.0,0,660,15.24
2026-06-21 17:30:00,17,Sunday,1,Residential,30,Clear,15.9,57.1,0,543,21.63
2026-06-21 17:45:00,17,Sunday,1,Arterial,70,Clear,17.4,52.2,0,800,15.99
2026-06-21 18:00:00,18,Sunday,1,Arterial,70,Clear,19.5,72.0,0,1026,14.42
2026-06-21 18:15:00,18,Sunday,1,Arterial,70,Clear,26.2,73.5,0,757,14.18
2026-06-21 18:30:00,18,Sunday,1,Highway,100,Clear,32.3,84.1,0,1467,13.46
2026-06-21 18:45:00,18,Sunday,1,Highway,100,Rainy,29.9,85.2,0,1328,27.28
2026-06-21 19:00:00,19,Sunday,1,Downtown,50,Foggy,16.1,69.8,0,701,32.3
2026-06-21 19:15:00,19,Sunday,1,Downtown,50,Clear,20.5,72.0,0,652,17.54
2026-06-21 19:30:00,19,Sunday,1,Highway,100,Heavy Rain,33.2,41.4,0,1146,39.69
2026-06-21 19:45:00,19,Sunday,1,Downtown,50,Rainy,34.6,75.6,0,818,32.96
2026-06-21 20:00:00,20,Sunday,1,Residential,30,Clear,29.1,82.5,1,352,46.56
2026-06-21 20:15:00,20,Sunday,1,Downtown,50,Clear,27.0,52.9,0,852,11.71
2026-06-21 20:30:00,20,Sunday,1,Arterial,70,Clear,21.0,47.9,0,882,12.76
2026-06-21 20:45:00,20,Sunday,1,Downtown,50,Clear,17.2,77.5,0,702,16.07
2026-06-21 21:00:00,21,Sunday,1,Arterial,70,Clear,25.5,44.0,0,902,15.24
2026-06-21 21:15:00,21,Sunday,1,Arterial,70,Clear,28.5,61.2,0,871,12.15
2026-06-21 21:30:00,21,Sunday,1,Residential,30,Clear,20.7,52.1,0,489,20.9
2026-06-21 21:45:00,21,Sunday,1,Residential,30,Clear,25.9,71.8,0,190,7.78
2026-06-21 22:00:00,22,Sunday,1,Arterial,70,Clear,30.9,78.2,0,977,18.84
2026-06-21 22:15:00,22,Sunday,1,Highway,100,Clear,25.8,83.0,0,1197,10.76
2026-06-21 22:30:00,22,Sunday,1,Residential,30,Foggy,34.9,88.0,0,473,38.09
2026-06-21 22:45:00,22,Sunday,1,Residential,30,Clear,27.4,85.9,0,337,12.48
2026-06-21 23:00:00,23,Sunday,1,Arterial,70,Clear,23.8,40.9,1,52,43.74
2026-06-21 23:15:00,23,Sunday,1,Residential,30,Clear,18.8,80.4,0,50,4.81
2026-06-21 23:30:00,23,Sunday,1,Highway,100,Clear,18.9,77.9,0,419,3.7
2026-06-21 23:45:00,23,Sunday,1,Downtown,50,Rainy,31.6,68.7,0,50,15.98
2026-06-22 00:00:00,0,Monday,0,Highway,100,Clear,19.7,44.0,0,166,5.89
2026-06-22 00:15:00,0,Monday,0,Downtown,50,Clear,24.7,60.4,0,239,5.13
2026-06-22 00:30:00,0,Monday,0,Residential,30,Rainy,33.4,62.5,0,203,24.43
2026-06-22 00:45:00,0,Monday,0,Residential,30,Rainy,35.0,57.4,0,229,25.74
2026-06-22 01:00:00,1,Monday,0,Arterial,70,Rainy,33.0,50.9,0,53,12.64
2026-06-22 01:15:00,1,Monday,0,Arterial,70,Rainy,16.5,70.2,0,281,16.31
2026-06-22 01:30:00,1,Monday,0,Highway,100,Clear,30.1,69.3,0,330,5.21
2026-06-22 01:45:00,1,Monday,0,Arterial,70,Clear,18.4,88.8,0,441,10.53
2026-06-22 02:00:00,2,Monday,0,Arterial,70,Rainy,15.7,53.4,0,265,15.7
2026-06-22 02:15:00,2,Monday,0,Arterial,70,Clear,15.1,76.0,0,388,1.29
2026-06-22 02:30:00,2,Monday,0,Highway,100,Clear,15.2,64.4,0,335,6.39
2026-06-22 02:45:00,2,Monday,0,Downtown,50,Clear,33.5,59.9,0,182,7.47
2026-06-22 03:00:00,3,Monday,0,Highway,100,Clear,18.7,71.2,0,290,3.61
2026-06-22 03:15:00,3,Monday,0,Downtown,50,Rainy,29.4,81.5,0,160,17.79
2026-06-22 03:30:00,3,Monday,0,Highway,100,Rainy,33.8,72.8,0,333,11.26
2026-06-22 03:45:00,3,Monday,0,Residential,30,Clear,31.5,54.6,0,83,6.13
2026-06-22 04:00:00,4,Monday,0,Arterial,70,Rainy,25.6,74.2,0,264,16.37
2026-06-22 04:15:00,4,Monday,0,Highway,100,Foggy,20.0,76.7,0,221,17.46
2026-06-22 04:30:00,4,Monday,0,Downtown,50,Clear,32.7,55.4,0,124,4.18
2026-06-22 04:45:00,4,Monday,0,Arterial,70,Clear,22.1,56.1,0,324,3.29
2026-06-22 05:00:00,5,Monday,0,Residential,30,Clear,27.2,43.4,0,196,4.42
2026-06-22 05:15:00,5,Monday,0,Residential,30,Clear,29.5,62.3,0,90,4.33
2026-06-22 05:30:00,5,Monday,0,Arterial,70,Clear,24.2,57.0,0,168,0.0
2026-06-22 05:45:00,5,Monday,0,Arterial,70,Clear,19.8,89.4,0,227,0.12
2026-06-22 06:00:00,6,Monday,0,Residential,30,Clear,28.6,67.4,0,293,16.72
2026-06-22 06:15:00,6,Monday,0,Highway,100,Rainy,27.8,84.9,0,1344,30.49
2026-06-22 06:30:00,6,Monday,0,Highway,100,Rainy,27.3,43.5,0,1284,27.15
2026-06-22 06:45:00,6,Monday,0,Arterial,70,Heavy Rain,18.7,70.3,0,1017,49.54
2026-06-22 07:00:00,7,Monday,0,Downtown,50,Rainy,32.1,43.9,0,698,33.81
2026-06-22 07:15:00,7,Monday,0,Highway,100,Clear,23.1,59.5,0,1215,15.12
2026-06-22 07:30:00,7,Monday,0,Highway,100,Foggy,34.2,74.4,0,1281,35.62
2026-06-22 07:45:00,7,Monday,0,Downtown,50,Rainy,22.6,63.9,0,816,28.38
2026-06-22 08:00:00,8,Monday,0,Residential,30,Rainy,24.3,44.3,0,623,55.64
2026-06-22 08:15:00,8,Monday,0,Downtown,50,Clear,34.8,58.2,0,1269,51.15
2026-06-22 08:30:00,8,Monday,0,Downtown,50,Rainy,25.5,65.7,0,1480,68.4
2026-06-22 08:45:00,8,Monday,0,Highway,100,Clear,33.0,54.2,0,2804,59.97
2026-06-22 09:00:00,9,Monday,0,Arterial,70,Clear,16.0,77.2,0,1818,60.56
2026-06-22 09:15:00,9,Monday,0,Highway,100,Clear,31.2,64.6,0,2653,53.84
2026-06-22 09:30:00,9,Monday,0,Residential,30,Foggy,33.4,85.4,0,778,73.52
2026-06-22 09:45:00,9,Monday,0,Highway,100,Clear,19.7,65.7,0,2500,50.0
2026-06-22 10:00:00,10,Monday,0,Residential,30,Clear,32.6,49.8,0,560,54.66
2026-06-22 10:15:00,10,Monday,0,Downtown,50,Rainy,30.0,87.1,0,1429,62.22
2026-06-22 10:30:00,10,Monday,0,Highway,100,Clear,19.2,59.8,0,2528,53.28
2026-06-22 10:45:00,10,Monday,0,Downtown,50,Rainy,28.2,45.7,0,1306,65.61
2026-06-22 11:00:00,11,Monday,0,Arterial,70,Heavy Rain,26.9,80.1,0,916,43.39
2026-06-22 11:15:00,11,Monday,0,Downtown,50,Rainy,26.1,68.2,0,599,21.68
2026-06-22 11:30:00,11,Monday,0,Residential,30,Clear,25.9,75.1,1,121,35.36
2026-06-22 11:45:00,11,Monday,0,Downtown,50,Rainy,29.6,63.2,0,813,31.3
2026-06-22 12:00:00,12,Monday,0,Residential,30,Clear,23.6,63.2,1,244,51.17
2026-06-22 12:15:00,12,Monday,0,Highway,100,Clear,16.9,81.7,0,977,8.39
2026-06-22 12:30:00,12,Monday,0,Residential,30,Clear,20.0,87.0,0,292,14.79
2026-06-22 12:45:00,12,Monday,0,Highway,100,Clear,19.7,78.7,0,1149,17.06
2026-06-22 13:00:00,13,Monday,0,Arterial,70,Heavy Rain,19.9,58.8,0,836,40.85
2026-06-22 13:15:00,13,Monday,0,Arterial,70,Rainy,31.4,67.2,0,773,27.09
2026-06-22 13:30:00,13,Monday,0,Downtown,50,Rainy,19.0,81.0,0,630,29.13
2026-06-22 13:45:00,13,Monday,0,Arterial,70,Foggy,21.4,81.0,0,928,37.59
2026-06-22 14:00:00,14,Monday,0,Residential,30,Clear,19.6,85.2,0,389,23.59
2026-06-22 14:15:00,14,Monday,0,Highway,100,Clear,25.4,82.6,0,1250,22.91
2026-06-22 14:30:00,14,Monday,0,Highway,100,Clear,23.2,41.4,0,1029,8.22
2026-06-22 14:45:00,14,Monday,0,Highway,100,Clear,26.0,43.9,0,1420,15.6
2026-06-22 15:00:00,15,Monday,0,Arterial,70,Clear,30.4,43.6,0,836,13.88
2026-06-22 15:15:00,15,Monday,0,Downtown,50,Clear,19.3,78.0,0,675,17.39
2026-06-22 15:30:00,15,Monday,0,Arterial,70,Clear,20.1,77.6,0,610,7.27
2026-06-22 15:45:00,15,Monday,0,Downtown,50,Foggy,28.3,63.6,0,635,32.95
2026-06-22 16:00:00,16,Monday,0,Highway,100,Clear,24.1,81.3,0,1352,16.41
2026-06-22 16:15:00,16,Monday,0,Downtown,50,Rainy,20.3,45.9,0,661,25.2
2026-06-22 16:30:00,16,Monday,0,Arterial,70,Clear,17.7,49.1,0,952,24.47
2026-06-22 16:45:00,16,Monday,0,Highway,100,Clear,16.9,51.3,0,1287,18.27
2026-06-22 17:00:00,17,Monday,0,Highway,100,Heavy Rain,17.0,74.1,0,2714,80.67
2026-06-22 17:15:00,17,Monday,0,Arterial,70,Clear,21.7,57.1,1,1656,92.59
2026-06-22 17:30:00,17,Monday,0,Highway,100,Rainy,18.1,50.5,0,2517,62.6
2026-06-22 17:45:00,17,Monday,0,Highway,100,Clear,24.0,61.7,0,2550,53.33
2026-06-22 18:00:00,18,Monday,0,Residential,30,Clear,17.3,42.7,0,598,53.48
2026-06-22 18:15:00,18,Monday,0,Downtown,50,Rainy,33.7,43.2,0,1442,70.9
2026-06-22 18:30:00,18,Monday,0,Highway,100,Clear,21.0,68.0,0,2539,53.15
2026-06-22 18:45:00,18,Monday,0,Highway,100,Clear,17.6,80.1,0,2518,56.6
2026-06-22 19:00:00,19,Monday,0,Residential,30,Foggy,26.5,86.7,0,646,68.97
2026-06-22 19:15:00,19,Monday,0,Arterial,70,Rainy,30.5,47.5,0,1741,63.92
2026-06-22 19:30:00,19,Monday,0,Highway,100,Foggy,19.6,54.6,0,2469,71.06
2026-06-22 19:45:00,19,Monday,0,Arterial,70,Clear,34.7,69.4,0,1586,52.39
2026-06-22 20:00:00,20,Monday,0,Downtown,50,Foggy,32.5,57.1,0,711,33.31
2026-06-22 20:15:00,20,Monday,0,Arterial,70,Clear,33.2,48.4,0,840,14.33
2026-06-22 20:30:00,20,Monday,0,Arterial,70,Clear,30.0,50.2,0,860,9.75
2026-06-22 20:45:00,20,Monday,0,Residential,30,Clear,25.0,82.7,0,265,7.45
2026-06-22 21:00:00,21,Monday,0,Downtown,50,Foggy,15.8,43.6,0,607,29.17
2026-06-22 21:15:00,21,Monday,0,Highway,100,Clear,17.6,86.7,0,1181,12.64
2026-06-22 21:30:00,21,Monday,0,Residential,30,Rainy,30.8,45.2,0,165,17.72
2026-06-22 21:45:00,21,Monday,0,Arterial,70,Rainy,30.6,84.5,0,787,22.42
2026-06-22 22:00:00,22,Monday,0,Highway,100,Foggy,18.1,83.1,0,1212,32.96
2026-06-22 22:15:00,22,Monday,0,Arterial,70,Foggy,15.5,60.3,0,707,30.09
2026-06-22 22:30:00,22,Monday,0,Highway,100,Foggy,23.7,53.7,0,1208,31.34
2026-06-22 22:45:00,22,Monday,0,Arterial,70,Clear,28.6,64.6,0,690,9.64
2026-06-22 23:00:00,23,Monday,0,Highway,100,Rainy,30.2,64.2,0,370,14.62
2026-06-22 23:15:00,23,Monday,0,Downtown,50,Clear,20.3,73.4,0,101,11.2
2026-06-22 23:30:00,23,Monday,0,Arterial,70,Rainy,32.7,40.3,0,468,21.19
2026-06-22 23:45:00,23,Monday,0,Residential,30,Clear,31.7,48.9,0,203,10.32
2026-06-23 00:00:00,0,Tuesday,0,Residential,30,Clear,25.5,56.6,1,236,43.21
2026-06-23 00:15:00,0,Tuesday,0,Arterial,70,Clear,22.9,88.2,0,441,10.03
2026-06-23 00:30:00,0,Tuesday,0,Downtown,50,Foggy,15.1,40.0,0,182,17.58
2026-06-23 00:45:00,0,Tuesday,0,Highway,100,Clear,22.6,42.2,0,386,0.57
2026-06-23 01:00:00,1,Tuesday,0,Residential,30,Rainy,34.9,88.4,0,50,15.27
2026-06-23 01:15:00,1,Tuesday,0,Arterial,70,Rainy,25.1,75.1,0,305,16.7
2026-06-23 01:30:00,1,Tuesday,0,Arterial,70,Clear,32.3,60.9,0,50,3.59
2026-06-23 01:45:00,1,Tuesday,0,Downtown,50,Clear,22.8,45.5,0,363,4.15
2026-06-23 02:00:00,2,Tuesday,0,Residential,30,Clear,26.3,78.2,0,374,18.41
2026-06-23 02:15:00,2,Tuesday,0,Downtown,50,Rainy,30.2,57.7,1,151,50.27
2026-06-23 02:30:00,2,Tuesday,0,Arterial,70,Clear,17.4,54.1,0,181,4.07
2026-06-23 02:45:00,2,Tuesday,0,Highway,100,Clear,16.3,53.4,0,346,4.76
2026-06-23 03:00:00,3,Tuesday,0,Highway,100,Clear,30.6,43.5,0,261,0.88
2026-06-23 03:15:00,3,Tuesday,0,Residential,30,Rainy,31.7,68.6,0,157,19.6
2026-06-23 03:30:00,3,Tuesday,0,Highway,100,Clear,28.8,59.6,0,359,5.75
2026-06-23 03:45:00,3,Tuesday,0,Arterial,70,Clear,32.1,72.3,0,197,3.82
2026-06-23 04:00:00,4,Tuesday,0,Downtown,50,Clear,24.4,79.9,0,160,0.29
2026-06-23 04:15:00,4,Tuesday,0,Highway,100,Clear,35.0,81.3,0,337,5.77
2026-06-23 04:30:00,4,Tuesday,0,Highway,100,Clear,31.6,74.0,0,375,0.0
2026-06-23 04:45:00,4,Tuesday,0,Arterial,70,Foggy,22.6,85.4,0,259,23.18
2026-06-23 05:00:00,5,Tuesday,0,Residential,30,Clear,19.1,63.8,0,160,7.75
2026-06-23 05:15:00,5,Tuesday,0,Highway,100,Clear,18.8,84.7,1,244,37.93
2026-06-23 05:30:00,5,Tuesday,0,Downtown,50,Rainy,22.1,84.4,1,437,62.16
2026-06-23 05:45:00,5,Tuesday,0,Highway,100,Clear,23.8,55.1,0,267,1.48
2026-06-23 06:00:00,6,Tuesday,0,Arterial,70,Clear,27.2,59.4,0,829,19.49
2026-06-23 06:15:00,6,Tuesday,0,Residential,30,Clear,28.0,42.5,0,178,14.67
2026-06-23 06:30:00,6,Tuesday,0,Arterial,70,Clear,32.1,85.5,0,755,13.0
2026-06-23 06:45:00,6,Tuesday,0,Downtown,50,Clear,33.2,73.6,0,629,14.53
2026-06-23 07:00:00,7,Tuesday,0,Residential,30,Clear,34.9,66.9,0,368,15.13
2026-06-23 07:15:00,7,Tuesday,0,Downtown,50,Rainy,30.4,51.3,1,681,63.43
2026-06-23 07:30:00,7,Tuesday,0,Downtown,50,Clear,34.4,45.1,0,480,8.64
2026-06-23 07:45:00,7,Tuesday,0,Downtown,50,Clear,29.3,89.0,0,655,17.72
2026-06-23 08:00:00,8,Tuesday,0,Arterial,70,Clear,15.9,87.3,0,1639,53.97
2026-06-23 08:15:00,8,Tuesday,0,Highway,100,Rainy,20.6,75.7,0,2721,67.33
2026-06-23 08:30:00,8,Tuesday,0,Arterial,70,Clear,21.1,50.0,0,1431,45.73
2026-06-23 08:45:00,8,Tuesday,0,Downtown,50,Rainy,15.9,56.9,0,1374,64.26
2026-06-23 09:00:00,9,Tuesday,0,Highway,100,Heavy Rain,29.7,44.4,0,2463,86.23
2026-06-23 09:15:00,9,Tuesday,0,Downtown,50,Foggy,27.0,49.4,0,1411,73.71
2026-06-23 09:30:00,9,Tuesday,0,Downtown,50,Clear,22.6,76.7,0,1547,58.8
2026-06-23 09:45:00,9,Tuesday,0,Highway,100,Clear,25.6,48.8,0,2632,53.22
2026-06-23 10:00:00,10,Tuesday,0,Downtown,50,Clear,18.6,72.3,1,1353,88.06
2026-06-23 10:15:00,10,Tuesday,0,Highway,100,Clear,18.9,80.7,0,2418,49.03
2026-06-23 10:30:00,10,Tuesday,0,Highway,100,Foggy,25.1,72.8,0,2357,74.41
2026-06-23 10:45:00,10,Tuesday,0,Arterial,70,Clear,26.8,54.7,0,1539,45.71
2026-06-23 11:00:00,11,Tuesday,0,Downtown,50,Foggy,15.7,52.2,0,364,26.55
2026-06-23 11:15:00,11,Tuesday,0,Downtown,50,Clear,26.9,84.2,0,677,16.26
2026-06-23 11:30:00,11,Tuesday,0,Highway,100,Clear,29.1,86.9,0,1418,20.11
2026-06-23 11:45:00,11,Tuesday,0,Residential,30,Clear,34.4,57.2,0,84,6.27
2026-06-23 12:00:00,12,Tuesday,0,Highway,100,Rainy,30.0,77.3,0,993,25.6
2026-06-23 12:15:00,12,Tuesday,0,Highway,100,Clear,17.5,44.0,0,1304,16.5
2026-06-23 12:30:00,12,Tuesday,0,Highway,100,Clear,22.0,82.2,0,1337,15.59
2026-06-23 12:45:00,12,Tuesday,0,Arterial,70,Clear,22.8,72.7,0,761,14.11
2026-06-23 13:00:00,13,Tuesday,0,Arterial,70,Rainy,23.3,61.0,0,784,25.66
2026-06-23 13:15:00,13,Tuesday,0,Arterial,70,Clear,34.0,43.7,0,1048,28.38
2026-06-23 13:30:00,13,Tuesday,0,Residential,30,Clear,15.8,73.6,0,462,16.41
2026-06-23 13:45:00,13,Tuesday,0,Highway,100,Clear,24.6,63.0,1,1421,54.06
2026-06-23 14:00:00,14,Tuesday,0,Arterial,70,Clear,32.6,84.8,0,837,11.58
2026-06-23 14:15:00,14,Tuesday,0,Residential,30,Clear,28.0,75.4,0,107,8.83
2026-06-23 14:30:00,14,Tuesday,0,Residential,30,Clear,29.6,57.2,0,246,8.73
2026-06-23 14:45:00,14,Tuesday,0,Downtown,50,Clear,28.7,53.5,0,954,18.01
2026-06-23 15:00:00,15,Tuesday,0,Highway,100,Rainy,31.1,53.0,0,1412,32.97
2026-06-23 15:15:00,15,Tuesday,0,Downtown,50,Rainy,22.9,59.7,0,757,26.64
2026-06-23 15:30:00,15,Tuesday,0,Highway,100,Foggy,31.5,82.9,0,1393,34.71
2026-06-23 15:45:00,15,Tuesday,0,Highway,100,Clear,30.7,43.7,1,1397,55.01
2026-06-23 16:00:00,16,Tuesday,0,Highway,100,Rainy,15.9,81.9,0,1138,28.55
2026-06-23 16:15:00,16,Tuesday,0,Highway,100,Clear,18.4,76.5,0,1357,11.43
2026-06-23 16:30:00,16,Tuesday,0,Highway,100,Clear,31.3,49.0,0,1164,9.26
2026-06-23 16:45:00,16,Tuesday,0,Arterial,70,Clear,30.8,42.0,0,1025,15.72
2026-06-23 17:00:00,17,Tuesday,0,Residential,30,Clear,34.7,55.1,0,657,48.45
2026-06-23 17:15:00,17,Tuesday,0,Arterial,70,Clear,23.7,56.9,0,1757,54.25
2026-06-23 17:30:00,17,Tuesday,0,Arterial,70,Rainy,27.2,61.4,0,1827,63.37
2026-06-23 17:45:00,17,Tuesday,0,Arterial,70,Clear,17.3,84.0,0,1658,60.43
2026-06-23 18:00:00,18,Tuesday,0,Residential,30,Clear,24.6,86.2,0,764,58.1
2026-06-23 18:15:00,18,Tuesday,0,Arterial,70,Clear,27.6,62.0,0,1764,59.42
2026-06-23 18:30:00,18,Tuesday,0,Arterial,70,Clear,23.2,73.1,0,1856,52.58
2026-06-23 18:45:00,18,Tuesday,0,Downtown,50,Clear,24.0,77.9,0,1428,60.96
2026-06-23 19:00:00,19,Tuesday,0,Residential,30,Clear,24.8,44.6,0,571,46.87
2026-06-23 19:15:00,19,Tuesday,0,Residential,30,Foggy,21.7,72.0,0,755,77.77
2026-06-23 19:30:00,19,Tuesday,0,Highway,100,Rainy,29.9,65.5,0,2526,68.58
2026-06-23 19:45:00,19,Tuesday,0,Downtown,50,Heavy Rain,21.0,56.2,0,1433,83.94
2026-06-23 20:00:00,20,Tuesday,0,Highway,100,Heavy Rain,29.6,82.5,0,1490,46.96
2026-06-23 20:15:00,20,Tuesday,0,Arterial,70,Rainy,31.4,58.7,0,779,24.51
2026-06-23 20:30:00,20,Tuesday,0,Highway,100,Clear,22.6,80.3,0,1493,16.42
2026-06-23 20:45:00,20,Tuesday,0,Highway,100,Clear,27.5,72.1,0,1447,16.23
2026-06-23 21:00:00,21,Tuesday,0,Downtown,50,Heavy Rain,19.3,67.6,0,443,39.04
2026-06-23 21:15:00,21,Tuesday,0,Arterial,70,Clear,16.0,68.6,0,774,11.7
2026-06-23 21:30:00,21,Tuesday,0,Highway,100,Heavy Rain,26.6,80.7,0,1255,46.62
2026-06-23 21:45:00,21,Tuesday,0,Arterial,70,Clear,29.7,68.3,0,877,13.46
2026-06-23 22:00:00,22,Tuesday,0,Arterial,70,Clear,22.9,65.7,0,813,13.57
2026-06-23 22:15:00,22,Tuesday,0,Downtown,50,Clear,20.8,82.3,0,752,17.09
2026-06-23 22:30:00,22,Tuesday,0,Residential,30,Clear,17.8,56.3,0,342,14.73
2026-06-23 22:45:00,22,Tuesday,0,Residential,30,Foggy,25.2,68.3,0,278,31.93
2026-06-23 23:00:00,23,Tuesday,0,Residential,30,Clear,19.6,47.9,0,134,7.68
2026-06-23 23:15:00,23,Tuesday,0,Arterial,70,Clear,21.2,90.0,0,88,7.32
2026-06-23 23:30:00,23,Tuesday,0,Downtown,50,Clear,15.6,59.8,0,114,3.24
2026-06-23 23:45:00,23,Tuesday,0,Residential,30,Clear,19.9,54.9,0,50,11.39
2026-06-24 00:00:00,0,Wednesday,0,Downtown,50,Clear,30.6,48.8,0,350,11.32
2026-06-24 00:15:00,0,Wednesday,0,Arterial,70,Rainy,16.6,82.6,0,269,13.73
2026-06-24 00:30:00,0,Wednesday,0,Downtown,50,Clear,33.4,88.7,0,403,8.76
2026-06-24 00:45:00,0,Wednesday,0,Arterial,70,Clear,33.3,87.8,0,136,0.27
2026-06-24 01:00:00,1,Wednesday,0,Highway,100,Clear,21.3,58.7,0,454,8.37
2026-06-24 01:15:00,1,Wednesday,0,Downtown,50,Clear,16.0,79.5,0,126,3.18
2026-06-24 01:30:00,1,Wednesday,0,Highway,100,Clear,32.2,85.8,0,509,6.94
2026-06-24 01:45:00,1,Wednesday,0,Arterial,70,Clear,33.1,79.5,0,255,0.32
2026-06-24 02:00:00,2,Wednesday,0,Downtown,50,Clear,30.9,49.1,0,52,2.52
2026-06-24 02:15:00,2,Wednesday,0,Arterial,70,Rainy,27.7,61.4,0,365,29.2
2026-06-24 02:30:00,2,Wednesday,0,Highway,100,Foggy,18.5,66.4,0,377,18.29
2026-06-24 02:45:00,2,Wednesday,0,Highway,100,Rainy,26.3,82.8,0,517,21.12
2026-06-24 03:00:00,3,Wednesday,0,Arterial,70,Clear,28.0,85.4,0,126,0.0
2026-06-24 03:15:00,3,Wednesday,0,Arterial,70,Clear,25.0,64.7,0,395,2.77
2026-06-24 03:30:00,3,Wednesday,0,Residential,30,Heavy Rain,26.7,42.1,1,50,69.03
2026-06-24 03:45:00,3,Wednesday,0,Highway,100,Clear,18.4,42.3,0,582,8.48
2026-06-24 04:00:00,4,Wednesday,0,Downtown,50,Rainy,32.7,88.4,0,224,15.63
2026-06-24 04:15:00,4,Wednesday,0,Downtown,50,Foggy,22.5,69.2,0,143,20.71
2026-06-24 04:30:00,4,Wednesday,0,Arterial,70,Rainy,19.1,66.4,0,243,13.45
2026-06-24 04:45:00,4,Wednesday,0,Highway,100,Clear,15.6,45.3,0,312,4.17
2026-06-24 05:00:00,5,Wednesday,0,Arterial,70,Rainy,29.4,46.6,0,214,16.29
2026-06-24 05:15:00,5,Wednesday,0,Residential,30,Foggy,32.0,81.2,0,272,33.59
2026-06-24 05:30:00,5,Wednesday,0,Downtown,50,Rainy,21.6,58.8,0,203,16.81
2026-06-24 05:45:00,5,Wednesday,0,Residential,30,Rainy,15.7,81.4,0,50,12.67
2026-06-24 06:00:00,6,Wednesday,0,Highway,100,Clear,22.6,71.7,0,1143,12.37
2026-06-24 06:15:00,6,Wednesday,0,Downtown,50,Rainy,33.0,40.8,0,979,35.46
2026-06-24 06:30:00,6,Wednesday,0,Highway,100,Clear,19.5,52.7,0,1331,19.09
2026-06-24 06:45:00,6,Wednesday,0,Arterial,70,Clear,23.5,88.6,0,740,11.75
2026-06-24 07:00:00,7,Wednesday,0,Downtown,50,Clear,15.2,81.5,0,635,15.04
2026-06-24 07:15:00,7,Wednesday,0,Arterial,70,Foggy,32.3,54.3,0,593,27.06
2026-06-24 07:30:00,7,Wednesday,0,Downtown,50,Heavy Rain,22.3,43.1,0,754,45.65
2026-06-24 07:45:00,7,Wednesday,0,Highway,100,Clear,24.8,62.5,0,1143,15.83
2026-06-24 08:00:00,8,Wednesday,0,Downtown,50,Rainy,23.5,86.2,0,1378,65.03
2026-06-24 08:15:00,8,Wednesday,0,Downtown,50,Clear,21.3,48.2,0,1379,49.6
2026-06-24 08:30:00,8,Wednesday,0,Highway,100,Clear,32.5,65.8,0,2507,52.6
2026-06-24 08:45:00,8,Wednesday,0,Arterial,70,Clear,17.4,83.5,0,1653,51.42
2026-06-24 09:00:00,9,Wednesday,0,Residential,30,Clear,27.9,88.6,1,550,81.68
2026-06-24 09:15:00,9,Wednesday,0,Highway,100,Foggy,33.2,70.4,0,2619,76.75
2026-06-24 09:30:00,9,Wednesday,0,Downtown,50,Rainy,25.7,51.8,0,1176,60.0
2026-06-24 09:45:00,9,Wednesday,0,Downtown,50,Rainy,33.7,48.3,0,1443,66.11
2026-06-24 10:00:00,10,Wednesday,0,Highway,100,Rainy,30.8,57.7,1,2464,100.0
2026-06-24 10:15:00,10,Wednesday,0,Highway,100,Clear,20.6,84.5,1,2513,86.41
2026-06-24 10:30:00,10,Wednesday,0,Arterial,70,Clear,22.5,55.9,0,1832,59.71
2026-06-24 10:45:00,10,Wednesday,0,Highway,100,Rainy,28.6,84.5,0,2275,59.56
2026-06-24 11:00:00,11,Wednesday,0,Residential,30,Rainy,33.6,79.8,0,308,24.07
2026-06-24 11:15:00,11,Wednesday,0,Residential,30,Clear,16.9,75.4,0,230,7.28
2026-06-24 11:30:00,11,Wednesday,0,Arterial,70,Clear,30.8,55.9,0,909,20.47
2026-06-24 11:45:00,11,Wednesday,0,Arterial,70,Clear,23.9,56.9,0,992,18.6
2026-06-24 12:00:00,12,Wednesday,0,Highway,100,Clear,34.5,69.4,0,1081,14.01
2026-06-24 12:15:00,12,Wednesday,0,Downtown,50,Clear,26.5,68.5,0,565,13.08
2026-06-24 12:30:00,12,Wednesday,0,Arterial,70,Clear,19.1,41.6,0,832,13.2
2026-06-24 12:45:00,12,Wednesday,0,Residential,30,Rainy,16.5,51.2,0,381,33.27
2026-06-24 13:00:00,13,Wednesday,0,Arterial,70,Heavy Rain,30.0,82.5,0,1093,51.69
2026-06-24 13:15:00,13,Wednesday,0,Arterial,70,Clear,19.7,47.2,0,881,17.29
2026-06-24 13:30:00,13,Wednesday,0,Arterial,70,Clear,17.1,85.2,0,919,19.29
2026-06-24 13:45:00,13,Wednesday,0,Highway,100,Clear,34.2,44.5,0,1160,16.92
2026-06-24 14:00:00,14,Wednesday,0,Arterial,70,Clear,31.6,82.5,0,765,13.84
2026-06-24 14:15:00,14,Wednesday,0,Downtown,50,Rainy,33.3,76.5,0,786,33.92
2026-06-24 14:30:00,14,Wednesday,0,Arterial,70,Foggy,28.0,59.9,0,885,29.35
2026-06-24 14:45:00,14,Wednesday,0,Highway,100,Clear,25.5,48.5,0,1582,18.27
2026-06-24 15:00:00,15,Wednesday,0,Highway,100,Clear,23.2,80.4,0,1326,12.79
2026-06-24 15:15:00,15,Wednesday,0,Highway,100,Heavy Rain,34.0,68.2,0,1336,47.48
2026-06-24 15:30:00,15,Wednesday,0,Downtown,50,Heavy Rain,26.9,71.8,0,843,49.78
2026-06-24 15:45:00,15,Wednesday,0,Highway,100,Clear,17.9,65.3,0,1182,18.26
2026-06-24 16:00:00,16,Wednesday,0,Downtown,50,Clear,28.9,54.7,0,841,24.43
2026-06-24 16:15:00,16,Wednesday,0,Residential,30,Foggy,34.4,73.4,1,287,68.33
2026-06-24 16:30:00,16,Wednesday,0,Arterial,70,Clear,15.1,49.4,0,772,19.6
2026-06-24 16:45:00,16,Wednesday,0,Arterial,70,Rainy,31.6,88.8,0,613,22.49
2026-06-24 17:00:00,17,Wednesday,0,Highway,100,Clear,23.2,89.6,0,2455,51.43
2026-06-24 17:15:00,17,Wednesday,0,Downtown,50,Clear,24.1,47.4,0,1409,51.17
2026-06-24 17:30:00,17,Wednesday,0,Highway,100,Rainy,26.3,76.2,0,2423,63.88
2026-06-24 17:45:00,17,Wednesday,0,Arterial,70,Clear,24.4,77.0,0,1607,53.72
2026-06-24 18:00:00,18,Wednesday,0,Downtown,50,Clear,28.9,59.1,0,1437,57.66
2026-06-24 18:15:00,18,Wednesday,0,Arterial,70,Clear,25.7,86.2,0,1844,57.86
2026-06-24 18:30:00,18,Wednesday,0,Arterial,70,Clear,26.7,70.6,0,1772,57.78
2026-06-24 18:45:00,18,Wednesday,0,Downtown,50,Clear,23.1,78.8,1,1408,86.55
2026-06-24 19:00:00,19,Wednesday,0,Arterial,70,Clear,25.1,70.3,0,1752,56.77
2026-06-24 19:15:00,19,Wednesday,0,Residential,30,Clear,26.9,61.3,0,872,62.64
2026-06-24 19:30:00,19,Wednesday,0,Highway,100,Heavy Rain,31.2,77.6,0,2689,82.08
2026-06-24 19:45:00,19,Wednesday,0,Arterial,70,Foggy,18.5,54.6,0,1590,64.76
2026-06-24 20:00:00,20,Wednesday,0,Arterial,70,Foggy,25.5,58.1,0,892,27.22
2026-06-24 20:15:00,20,Wednesday,0,Downtown,50,Clear,19.4,59.0,0,854,17.99
2026-06-24 20:30:00,20,Wednesday,0,Arterial,70,Clear,27.5,51.6,0,589,16.71
2026-06-24 20:45:00,20,Wednesday,0,Downtown,50,Clear,32.7,68.1,0,720,16.96
2026-06-24 21:00:00,21,Wednesday,0,Downtown,50,Rainy,23.7,67.4,0,775,24.73
2026-06-24 21:15:00,21,Wednesday,0,Arterial,70,Rainy,25.1,65.5,0,1136,33.42
2026-06-24 21:30:00,21,Wednesday,0,Residential,30,Clear,22.7,40.2,0,350,14.42
2026-06-24 21:45:00,21,Wednesday,0,Downtown,50,Clear,20.4,79.3,0,783,22.21
2026-06-24 22:00:00,22,Wednesday,0,Highway,100,Foggy,19.0,89.5,0,1162,30.75
2026-06-24 22:15:00,22,Wednesday,0,Highway,100,Rainy,28.9,79.6,0,1496,28.82
2026-06-24 22:30:00,22,Wednesday,0,Arterial,70,Rainy,27.7,45.7,0,948,33.8
2026-06-24 22:45:00,22,Wednesday,0,Highway,100,Clear,22.9,54.0,0,1322,20.15
2026-06-24 23:00:00,23,Wednesday,0,Arterial,70,Clear,33.4,49.6,0,162,1.22
2026-06-24 23:15:00,23,Wednesday,0,Arterial,70,Clear,28.6,53.4,0,202,0.0
2026-06-24 23:30:00,23,Wednesday,0,Residential,30,Clear,29.4,77.8,0,50,2.32
2026-06-24 23:45:00,23,Wednesday,0,Downtown,50,Clear,24.5,79.0,0,267,7.24
2026-06-25 00:00:00,0,Thursday,0,Residential,30,Rainy,23.2,89.1,0,50,15.54
2026-06-25 00:15:00,0,Thursday,0,Residential,30,Rainy,30.1,43.3,0,183,23.67
2026-06-25 00:30:00,0,Thursday,0,Highway,100,Clear,17.2,63.6,0,239,1.67
2026-06-25 00:45:00,0,Thursday,0,Highway,100,Clear,33.4,66.5,0,626,9.72
2026-06-25 01:00:00,1,Thursday,0,Residential,30,Clear,20.9,88.8,0,145,6.0
2026-06-25 01:15:00,1,Thursday,0,Residential,30,Clear,15.7,44.1,0,301,9.22
2026-06-25 01:30:00,1,Thursday,0,Arterial,70,Foggy,25.7,74.7,0,190,19.97
2026-06-25 01:45:00,1,Thursday,0,Highway,100,Clear,25.3,56.1,0,249,3.43
2026-06-25 02:00:00,2,Thursday,0,Arterial,70,Clear,33.9,59.6,0,115,1.19
2026-06-25 02:15:00,2,Thursday,0,Highway,100,Clear,16.3,63.2,0,321,3.9
2026-06-25 02:30:00,2,Thursday,0,Residential,30,Clear,30.6,56.3,0,50,0.0
2026-06-25 02:45:00,2,Thursday,0,Highway,100,Clear,32.8,74.5,0,468,6.54
2026-06-25 03:00:00,3,Thursday,0,Downtown,50,Clear,32.4,55.1,0,342,8.04
2026-06-25 03:15:00,3,Thursday,0,Residential,30,Foggy,15.2,86.1,0,113,17.93
2026-06-25 03:30:00,3,Thursday,0,Arterial,70,Clear,24.6,86.7,0,285,4.79
2026-06-25 03:45:00,3,Thursday,0,Highway,100,Clear,28.6,65.3,0,394,4.17
2026-06-25 04:00:00,4,Thursday,0,Highway,100,Clear,16.5,67.3,0,449,5.88
2026-06-25 04:15:00,4,Thursday,0,Arterial,70,Clear,26.9,60.5,0,267,1.1
2026-06-25 04:30:00,4,Thursday,0,Downtown,50,Foggy,32.7,65.4,0,115,13.55
2026-06-25 04:45:00,4,Thursday,0,Residential,30,Foggy,32.9,46.9,0,82,23.17
2026-06-25 05:00:00,5,Thursday,0,Arterial,70,Rainy,26.2,89.7,0,349,20.62
2026-06-25 05:15:00,5,Thursday,0,Arterial,70,Foggy,25.9,60.6,0,418,23.89
2026-06-25 05:30:00,5,Thursday,0,Residential,30,Clear,22.1,47.7,0,113,6.26
2026-06-25 05:45:00,5,Thursday,0,Downtown,50,Clear,16.8,76.5,0,286,7.37
2026-06-25 06:00:00,6,Thursday,0,Downtown,50,Rainy,33.5,89.5,0,687,24.69
2026-06-25 06:15:00,6,Thursday,0,Downtown,50,Clear,16.1,43.4,0,422,9.65
2026-06-25 06:30:00,6,Thursday,0,Highway,100,Rainy,21.4,53.3,0,1017,27.44
2026-06-25 06:45:00,6,Thursday,0,Downtown,50,Clear,30.9,51.5,0,784,20.7
2026-06-25 07:00:00,7,Thursday,0,Highway,100,Clear,31.8,78.8,0,1160,15.7
2026-06-25 07:15:00,7,Thursday,0,Arterial,70,Clear,22.8,43.7,0,661,6.24
2026-06-25 07:30:00,7,Thursday,0,Highway,100,Clear,30.1,58.4,0,1127,8.58
2026-06-25 07:45:00,7,Thursday,0,Arterial,70,Heavy Rain,17.2,41.6,0,490,32.95
2026-06-25 08:00:00,8,Thursday,0,Downtown,50,Clear,27.7,83.7,0,1016,44.31
2026-06-25 08:15:00,8,Thursday,0,Downtown,50,Clear,24.2,40.8,0,1558,57.27
2026-06-25 08:30:00,8,Thursday,0,Highway,100,Clear,21.9,45.2,1,2411,91.34
2026-06-25 08:45:00,8,Thursday,0,Residential,30,Clear,19.8,68.4,0,773,54.44
2026-06-25 09:00:00,9,Thursday,0,Highway,100,Foggy,16.6,85.7,0,2572,72.33
2026-06-25 09:15:00,9,Thursday,0,Residential,30,Rainy,17.5,65.3,0,1028,82.43
2026-06-25 09:30:00,9,Thursday,0,Highway,100,Rainy,29.2,45.8,0,2738,70.61
2026-06-25 09:45:00,9,Thursday,0,Highway,100,Clear,20.6,65.4,0,2439,53.88
2026-06-25 10:00:00,10,Thursday,0,Arterial,70,Heavy Rain,18.1,82.6,0,1590,82.92
2026-06-25 10:15:00,10,Thursday,0,Highway,100,Foggy,22.2,43.2,0,2551,71.22
2026-06-25 10:30:00,10,Thursday,0,Downtown,50,Foggy,30.7,45.6,0,1348,74.92
2026-06-25 10:45:00,10,Thursday,0,Residential,30,Rainy,15.3,84.0,0,751,66.17
2026-06-25 11:00:00,11,Thursday,0,Residential,30,Clear,20.8,57.6,0,212,7.32
2026-06-25 11:15:00,11,Thursday,0,Downtown,50,Foggy,21.1,49.3,0,722,34.73
2026-06-25 11:30:00,11,Thursday,0,Highway,100,Clear,25.8,70.7,0,1114,15.19
2026-06-25 11:45:00,11,Thursday,0,Arterial,70,Rainy,23.7,74.0,0,690,21.91
2026-06-25 12:00:00,12,Thursday,0,Arterial,70,Clear,28.4,82.3,0,768,13.42
2026-06-25 12:15:00,12,Thursday,0,Arterial,70,Rainy,20.9,68.7,0,798,24.8
2026-06-25 12:30:00,12,Thursday,0,Downtown,50,Clear,17.4,48.2,0,637,17.74
2026-06-25 12:45:00,12,Thursday,0,Arterial,70,Clear,21.2,41.0,0,986,17.52
2026-06-25 13:00:00,13,Thursday,0,Downtown,50,Rainy,20.7,49.3,1,795,66.63
2026-06-25 13:15:00,13,Thursday,0,Highway,100,Clear,29.9,43.9,0,1222,15.29
2026-06-25 13:30:00,13,Thursday,0,Highway,100,Clear,17.2,71.6,0,1323,15.82
2026-06-25 13:45:00,13,Thursday,0,Arterial,70,Clear,29.5,85.5,0,1098,17.78
2026-06-25 14:00:00,14,Thursday,0,Arterial,70,Rainy,34.4,87.2,0,667,24.02
2026-06-25 14:15:00,14,Thursday,0,Downtown,50,Clear,20.3,84.0,0,686,14.96
2026-06-25 14:30:00,14,Thursday,0,Downtown,50,Clear,24.4,71.4,0,777,16.0
2026-06-25 14:45:00,14,Thursday,0,Highway,100,Rainy,23.6,45.7,0,1189,25.47
2026-06-25 15:00:00,15,Thursday,0,Arterial,70,Rainy,19.7,49.2,0,534,19.08
2026-06-25 15:15:00,15,Thursday,0,Highway,100,Clear,23.6,79.4,0,1250,16.47
2026-06-25 15:30:00,15,Thursday,0,Residential,30,Clear,24.4,57.7,0,407,20.51
2026-06-25 15:45:00,15,Thursday,0,Residential,30,Clear,24.3,44.5,1,568,62.22
2026-06-25 16:00:00,16,Thursday,0,Arterial,70,Clear,33.9,48.3,0,887,15.38
2026-06-25 16:15:00,16,Thursday,0,Highway,100,Clear,21.0,65.7,0,1325,21.54
2026-06-25 16:30:00,16,Thursday,0,Highway,100,Clear,24.8,61.0,0,1249,19.94
2026-06-25 16:45:00,16,Thursday,0,Downtown,50,Clear,25.7,55.9,0,783,19.97
2026-06-25 17:00:00,17,Thursday,0,Arterial,70,Rainy,33.8,71.3,0,1597,65.18
2026-06-25 17:15:00,17,Thursday,0,Residential,30,Clear,22.7,42.9,0,791,57.82
2026-06-25 17:30:00,17,Thursday,0,Arterial,70,Clear,26.6,63.1,0,1685,53.26
2026-06-25 17:45:00,17,Thursday,0,Residential,30,Clear,19.2,58.5,0,769,55.91
2026-06-25 18:00:00,18,Thursday,0,Highway,100,Foggy,26.2,72.9,0,2452,72.39
2026-06-25 18:15:00,18,Thursday,0,Highway,100,Clear,32.1,77.7,0,2394,52.84
2026-06-25 18:30:00,18,Thursday,0,Downtown,50,Rainy,28.1,63.3,1,1439,100.0
2026-06-25 18:45:00,18,Thursday,0,Arterial,70,Clear,26.5,59.7,0,1859,51.58
2026-06-25 19:00:00,19,Thursday,0,Arterial,70,Clear,30.2,66.6,0,1783,54.89
2026-06-25 19:15:00,19,Thursday,0,Downtown,50,Clear,33.8,43.8,1,1165,80.72
2026-06-25 19:30:00,19,Thursday,0,Arterial,70,Rainy,31.8,60.1,0,1612,65.08
2026-06-25 19:45:00,19,Thursday,0,Downtown,50,Clear,19.0,67.0,0,1564,56.7
2026-06-25 20:00:00,20,Thursday,0,Arterial,70,Clear,29.5,49.3,0,508,5.92
2026-06-25 20:15:00,20,Thursday,0,Residential,30,Rainy,15.7,54.8,0,354,27.01
2026-06-25 20:30:00,20,Thursday,0,Downtown,50,Clear,30.2,76.3,0,758,20.45
2026-06-25 20:45:00,20,Thursday,0,Arterial,70,Clear,29.3,83.8,0,906,16.55
2026-06-25 21:00:00,21,Thursday,0,Arterial,70,Clear,28.3,89.5,0,744,16.1
2026-06-25 21:15:00,21,Thursday,0,Residential,30,Clear,32.8,56.5,0,140,5.82
2026-06-25 21:30:00,21,Thursday,0,Downtown,50,Heavy Rain,28.8,84.3,0,768,46.81
2026-06-25 21:45:00,21,Thursday,0,Downtown,50,Clear,27.5,75.0,0,923,20.01
2026-06-25 22:00:00,22,Thursday,0,Downtown,50,Rainy,25.9,84.1,0,806,31.65
2026-06-25 22:15:00,22,Thursday,0,Highway,100,Clear,33.7,47.4,0,1326,19.32
2026-06-25 22:30:00,22,Thursday,0,Highway,100,Rainy,32.8,61.3,0,1161,26.32
2026-06-25 22:45:00,22,Thursday,0,Residential,30,Foggy,35.0,69.3,0,422,33.95
2026-06-25 23:00:00,23,Thursday,0,Downtown,50,Foggy,31.6,86.9,0,240,26.71
2026-06-25 23:15:00,23,Thursday,0,Arterial,70,Clear,28.6,56.4,0,311,6.68
2026-06-25 23:30:00,23,Thursday,0,Downtown,50,Clear,22.8,52.0,0,76,2.34
2026-06-25 23:45:00,23,Thursday,0,Arterial,70,Clear,25.7,41.8,1,257,37.6
2026-06-26 00:00:00,0,Friday,0,Highway,100,Clear,22.6,71.1,0,268,0.0
2026-06-26 00:15:00,0,Friday,0,Highway,100,Clear,16.7,42.3,0,315,3.28
2026-06-26 00:30:00,0,Friday,0,Arterial,70,Foggy,29.5,80.8,0,50,22.83
2026-06-26 00:45:00,0,Friday,0,Highway,100,Rainy,34.9,63.4,0,50,12.02
2026-06-26 01:00:00,1,Friday,0,Arterial,70,Clear,22.3,77.4,0,205,5.1
2026-06-26 01:15:00,1,Friday,0,Residential,30,Clear,21.2,76.3,0,82,2.16
2026-06-26 01:30:00,1,Friday,0,Downtown,50,Clear,27.6,73.0,0,181,6.86
2026-06-26 01:45:00,1,Friday,0,Highway,100,Clear,23.6,75.7,0,486,4.05
2026-06-26 02:00:00,2,Friday,0,Downtown,50,Rainy,31.2,79.2,0,238,17.29
2026-06-26 02:15:00,2,Friday,0,Arterial,70,Clear,20.9,74.7,0,145,0.0
2026-06-26 02:30:00,2,Friday,0,Downtown,50,Clear,32.5,45.4,0,119,0.0
2026-06-26 02:45:00,2,Friday,0,Highway,100,Clear,30.1,48.2,0,534,3.38
2026-06-26 03:00:00,3,Friday,0,Highway,100,Clear,26.5,68.0,0,451,9.16
2026-06-26 03:15:00,3,Friday,0,Arterial,70,Foggy,27.5,89.5,0,227,21.5
2026-06-26 03:30:00,3,Friday,0,Arterial,70,Rainy,26.0,79.3,0,452,22.63
2026-06-26 03:45:00,3,Friday,0,Arterial,70,Clear,16.0,45.0,0,414,4.49
2026-06-26 04:00:00,4,Friday,0,Downtown,50,Foggy,18.4,64.3,0,283,26.45
2026-06-26 04:15:00,4,Friday,0,Highway,100,Clear,26.8,77.1,0,397,3.32
2026-06-26 04:30:00,4,Friday,0,Highway,100,Clear,18.0,55.7,0,355,4.45
2026-06-26 04:45:00,4,Friday,0,Highway,100,Clear,28.2,44.9,0,328,3.11
2026-06-26 05:00:00,5,Friday,0,Highway,100,Clear,28.4,63.2,0,485,3.84
2026-06-26 05:15:00,5,Friday,0,Arterial,70,Clear,21.0,44.0,0,413,8.55
2026-06-26 05:30:00,5,Friday,0,Downtown,50,Clear,16.8,72.1,0,416,5.87
2026-06-26 05:45:00,5,Friday,0,Downtown,50,Rainy,28.4,47.5,0,193,13.77
2026-06-26 06:00:00,6,Friday,0,Residential,30,Clear,15.9,88.7,0,95,1.87
2026-06-26 06:15:00,6,Friday,0,Arterial,70,Rainy,28.2,43.0,1,893,61.99
2026-06-26 06:30:00,6,Friday,0,Downtown,50,Clear,18.4,83.5,0,706,22.54
2026-06-26 06:45:00,6,Friday,0,Downtown,50,Clear,20.7,58.2,0,523,11.39
2026-06-26 07:00:00,7,Friday,0,Residential,30,Rainy,16.1,89.9,0,292,23.42
2026-06-26 07:15:00,7,Friday,0,Downtown,50,Rainy,19.8,52.8,0,558,25.74
2026-06-26 07:30:00,7,Friday,0,Highway,100,Rainy,30.6,65.0,0,1022,21.29
2026-06-26 07:45:00,7,Friday,0,Residential,30,Rainy,19.2,59.2,0,271,31.27
2026-06-26 08:00:00,8,Friday,0,Downtown,50,Rainy,25.1,82.7,0,1290,60.57
2026-06-26 08:15:00,8,Friday,0,Residential,30,Rainy,33.5,43.2,0,701,62.36
2026-06-26 08:30:00,8,Friday,0,Highway,100,Clear,15.2,71.5,0,2482,51.26
2026-06-26 08:45:00,8,Friday,0,Highway,100,Foggy,21.4,56.7,0,2680,76.65
2026-06-26 09:00:00,9,Friday,0,Downtown,50,Foggy,19.1,89.5,0,1609,79.44
2026-06-26 09:15:00,9,Friday,0,Downtown,50,Clear,19.4,88.1,0,1561,55.61
2026-06-26 09:30:00,9,Friday,0,Arterial,70,Clear,29.7,76.6,0,1559,51.2
2026-06-26 09:45:00,9,Friday,0,Downtown,50,Clear,22.1,81.3,0,1439,58.79
2026-06-26 10:00:00,10,Friday,0,Residential,30,Clear,16.1,42.5,0,646,54.3
2026-06-26 10:15:00,10,Friday,0,Downtown,50,Clear,34.3,87.5,1,1467,88.89
2026-06-26 10:30:00,10,Friday,0,Downtown,50,Heavy Rain,26.4,44.3,0,1274,81.05
2026-06-26 10:45:00,10,Friday,0,Arterial,70,Clear,22.5,58.7,0,1838,51.97
2026-06-26 11:00:00,11,Friday,0,Arterial,70,Rainy,23.5,47.7,1,937,61.87
2026-06-26 11:15:00,11,Friday,0,Highway,100,Clear,23.8,49.6,0,1284,12.65
2026-06-26 11:30:00,11,Friday,0,Downtown,50,Clear,32.4,49.3,0,651,21.01
2026-06-26 11:45:00,11,Friday,0,Arterial,70,Clear,31.1,70.9,0,980,17.13
2026-06-26 12:00:00,12,Friday,0,Arterial,70,Clear,22.5,52.1,0,813,18.93
2026-06-26 12:15:00,12,Friday,0,Arterial,70,Foggy,26.5,68.3,0,999,42.58
2026-06-26 12:30:00,12,Friday,0,Arterial,70,Heavy Rain,32.6,77.5,0,679,40.38
2026-06-26 12:45:00,12,Friday,0,Arterial,70,Rainy,24.1,84.1,0,1104,33.29
2026-06-26 13:00:00,13,Friday,0,Arterial,70,Foggy,34.8,45.8,0,886,32.41
2026-06-26 13:15:00,13,Friday,0,Arterial,70,Rainy,23.1,71.4,0,1059,38.75
2026-06-26 13:30:00,13,Friday,0,Highway,100,Clear,25.9,63.1,0,1433,15.61
2026-06-26 13:45:00,13,Friday,0,Arterial,70,Clear,21.9,43.5,0,911,17.1
2026-06-26 14:00:00,14,Friday,0,Arterial,70,Foggy,19.6,49.5,0,803,33.55
2026-06-26 14:15:00,14,Friday,0,Highway,100,Clear,21.6,75.6,0,1383,14.7
2026-06-26 14:30:00,14,Friday,0,Downtown,50,Heavy Rain,25.0,70.8,0,651,48.71
2026-06-26 14:45:00,14,Friday,0,Arterial,70,Foggy,16.0,84.1,0,449,32.84
2026-06-26 15:00:00,15,Friday,0,Arterial,70,Heavy Rain,17.2,69.5,0,739,42.94
2026-06-26 15:15:00,15,Friday,0,Arterial,70,Clear,32.6,77.5,0,852,22.67
2026-06-26 15:30:00,15,Friday,0,Highway,100,Clear,17.7,76.2,0,1386,20.82
2026-06-26 15:45:00,15,Friday,0,Arterial,70,Clear,21.3,56.0,0,756,16.05
2026-06-26 16:00:00,16,Friday,0,Downtown,50,Rainy,30.0,49.4,0,621,22.24
2026-06-26 16:15:00,16,Friday,0,Downtown,50,Rainy,33.5,42.9,0,571,27.88
2026-06-26 16:30:00,16,Friday,0,Arterial,70,Clear,17.0,72.1,0,968,19.61
2026-06-26 16:45:00,16,Friday,0,Highway,100,Foggy,25.6,86.1,0,1077,36.55
2026-06-26 17:00:00,17,Friday,0,Downtown,50,Clear,24.9,85.6,0,1461,51.21
2026-06-26 17:15:00,17,Friday,0,Downtown,50,Clear,24.7,88.0,0,1374,52.36
2026-06-26 17:30:00,17,Friday,0,Residential,30,Rainy,33.3,55.2,0,579,63.45
2026-06-26 17:45:00,17,Friday,0,Arterial,70,Clear,24.6,81.4,0,1723,55.88
2026-06-26 18:00:00,18,Friday,0,Arterial,70,Clear,31.6,64.5,0,1541,51.26
2026-06-26 18:15:00,18,Friday,0,Downtown,50,Clear,20.2,87.8,0,1465,59.07
2026-06-26 18:30:00,18,Friday,0,Downtown,50,Rainy,27.0,88.1,0,1383,67.25
2026-06-26 18:45:00,18,Friday,0,Arterial,70,Clear,25.8,70.6,1,1819,91.01
2026-06-26 19:00:00,19,Friday,0,Highway,100,Clear,34.3,87.4,0,2456,54.47
2026-06-26 19:15:00,19,Friday,0,Downtown,50,Clear,16.8,45.7,0,1316,53.21
2026-06-26 19:30:00,19,Friday,0,Arterial,70,Clear,26.0,75.3,0,1328,50.98
2026-06-26 19:45:00,19,Friday,0,Arterial,70,Foggy,21.6,53.0,0,1799,72.86
2026-06-26 20:00:00,20,Friday,0,Arterial,70,Rainy,15.9,59.3,0,995,30.38
2026-06-26 20:15:00,20,Friday,0,Downtown,50,Heavy Rain,31.2,43.9,0,658,43.03
2026-06-26 20:30:00,20,Friday,0,Highway,100,Foggy,33.5,79.9,1,1244,68.15
2026-06-26 20:45:00,20,Friday,0,Arterial,70,Rainy,32.2,70.8,0,960,30.18
2026-06-26 21:00:00,21,Friday,0,Arterial,70,Clear,33.3,59.4,0,983,14.85
2026-06-26 21:15:00,21,Friday,0,Residential,30,Clear,33.0,40.2,0,411,16.7
2026-06-26 21:30:00,21,Friday,0,Highway,100,Clear,20.9,46.7,0,1178,12.79
2026-06-26 21:45:00,21,Friday,0,Highway,100,Clear,28.2,40.9,0,1036,10.79
2026-06-26 22:00:00,22,Friday,0,Residential,30,Rainy,27.5,56.9,0,387,32.96
2026-06-26 22:15:00,22,Friday,0,Downtown,50,Rainy,26.4,55.6,0,775,27.62
2026-06-26 22:30:00,22,Friday,0,Downtown,50,Rainy,24.5,49.6,0,761,30.26
2026-06-26 22:45:00,22,Friday,0,Downtown,50,Clear,33.7,89.5,0,866,21.1
2026-06-26 23:00:00,23,Friday,0,Downtown,50,Heavy Rain,17.3,69.0,0,201,33.84
2026-06-26 23:15:00,23,Friday,0,Downtown,50,Clear,23.4,52.7,0,252,6.07
2026-06-26 23:30:00,23,Friday,0,Highway,100,Clear,24.8,44.3,0,321,2.75
2026-06-26 23:45:00,23,Friday,0,Highway,100,Heavy Rain,20.6,62.2,0,482,38.7
2026-06-27 00:00:00,0,Saturday,1,Downtown,50,Rainy,32.6,72.1,0,50,13.98
2026-06-27 00:15:00,0,Saturday,1,Residential,30,Clear,33.1,42.0,0,119,8.4
2026-06-27 00:30:00,0,Saturday,1,Downtown,50,Foggy,30.5,71.5,1,50,51.39
2026-06-27 00:45:00,0,Saturday,1,Downtown,50,Clear,34.5,55.8,0,268,1.23
2026-06-27 01:00:00,1,Saturday,1,Highway,100,Clear,29.9,49.3,0,313,3.8
2026-06-27 01:15:00,1,Saturday,1,Arterial,70,Rainy,16.8,84.4,0,179,14.66
2026-06-27 01:30:00,1,Saturday,1,Highway,100,Clear,27.6,56.6,0,250,7.11
2026-06-27 01:45:00,1,Saturday,1,Downtown,50,Foggy,16.9,55.3,0,576,30.64
2026-06-27 02:00:00,2,Saturday,1,Arterial,70,Rainy,27.9,68.9,0,50,11.89
2026-06-27 02:15:00,2,Saturday,1,Arterial,70,Foggy,24.6,40.7,0,303,25.55
2026-06-27 02:30:00,2,Saturday,1,Arterial,70,Clear,24.3,68.2,1,404,45.7
2026-06-27 02:45:00,2,Saturday,1,Arterial,70,Clear,31.3,64.7,1,150,37.62
2026-06-27 03:00:00,3,Saturday,1,Downtown,50,Clear,20.0,57.7,0,141,3.19
2026-06-27 03:15:00,3,Saturday,1,Downtown,50,Clear,33.4,65.0,0,284,4.19
2026-06-27 03:30:00,3,Saturday,1,Downtown,50,Foggy,15.7,62.4,0,177,19.49
2026-06-27 03:45:00,3,Saturday,1,Residential,30,Clear,34.7,42.8,0,102,12.73
2026-06-27 04:00:00,4,Saturday,1,Residential,30,Clear,32.9,74.6,0,81,6.35
2026-06-27 04:15:00,4,Saturday,1,Downtown,50,Clear,32.0,71.8,0,67,3.13
2026-06-27 04:30:00,4,Saturday,1,Arterial,70,Clear,15.4,50.6,0,275,0.0
2026-06-27 04:45:00,4,Saturday,1,Highway,100,Rainy,29.1,57.9,0,522,21.33
2026-06-27 05:00:00,5,Saturday,1,Highway,100,Clear,32.3,81.1,0,538,3.3
2026-06-27 05:15:00,5,Saturday,1,Downtown,50,Foggy,17.8,61.5,0,182,22.04
2026-06-27 05:30:00,5,Saturday,1,Residential,30,Clear,32.0,43.0,0,50,0.0
2026-06-27 05:45:00,5,Saturday,1,Downtown,50,Clear,19.1,43.2,0,160,8.3
2026-06-27 06:00:00,6,Saturday,1,Downtown,50,Rainy,17.7,47.1,0,604,30.07
2026-06-27 06:15:00,6,Saturday,1,Highway,100,Clear,20.8,40.5,0,1141,13.78
2026-06-27 06:30:00,6,Saturday,1,Highway,100,Foggy,26.7,86.7,0,1134,34.2
2026-06-27 06:45:00,6,Saturday,1,Downtown,50,Clear,15.0,86.6,0,674,16.97
2026-06-27 07:00:00,7,Saturday,1,Arterial,70,Clear,29.1,68.3,0,719,12.02
2026-06-27 07:15:00,7,Saturday,1,Arterial,70,Clear,17.7,50.1,0,636,9.51
2026-06-27 07:30:00,7,Saturday,1,Highway,100,Clear,34.4,87.2,0,1286,18.36
2026-06-27 07:45:00,7,Saturday,1,Downtown,50,Foggy,24.0,42.4,0,584,30.6
2026-06-27 08:00:00,8,Saturday,1,Highway,100,Clear,21.8,63.4,0,1325,17.27
2026-06-27 08:15:00,8,Saturday,1,Highway,100,Clear,32.1,65.3,0,1327,15.29
2026-06-27 08:30:00,8,Saturday,1,Residential,30,Clear,17.1,84.8,0,303,14.73
2026-06-27 08:45:00,8,Saturday,1,Highway,100,Clear,20.3,73.1,0,1296,14.06
2026-06-27 09:00:00,9,Saturday,1,Residential,30,Clear,26.9,57.1,0,239,6.84
2026-06-27 09:15:00,9,Saturday,1,Highway,100,Heavy Rain,27.5,65.0,0,992,42.72
2026-06-27 09:30:00,9,Saturday,1,Arterial,70,Clear,20.5,49.0,0,813,16.06
2026-06-27 09:45:00,9,Saturday,1,Highway,100,Clear,34.6,81.4,0,1248,18.02
2026-06-27 10:00:00,10,Saturday,1,Residential,30,Clear,19.8,71.9,0,173,10.72
2026-06-27 10:15:00,10,Saturday,1,Downtown,50,Clear,16.0,85.6,0,772,23.13
2026-06-27 10:30:00,10,Saturday,1,Highway,100,Clear,20.8,84.5,0,1265,18.41
2026-06-27 10:45:00,10,Saturday,1,Downtown,50,Clear,20.4,87.9,0,588,11.48
2026-06-27 11:00:00,11,Saturday,1,Highway,100,Clear,27.8,62.8,0,1287,15.39
2026-06-27 11:15:00,11,Saturday,1,Downtown,50,Clear,22.7,43.4,0,754,17.94
2026-06-27 11:30:00,11,Saturday,1,Highway,100,Clear,18.7,58.6,0,1269,15.52
2026-06-27 11:45:00,11,Saturday,1,Arterial,70,Rainy,20.4,85.2,1,876,67.48
2026-06-27 12:00:00,12,Saturday,1,Highway,100,Rainy,29.3,89.3,0,1369,25.87
2026-06-27 12:15:00,12,Saturday,1,Residential,30,Clear,21.5,67.1,0,530,22.86
2026-06-27 12:30:00,12,Saturday,1,Residential,30,Heavy Rain,23.4,87.5,0,440,51.9
2026-06-27 12:45:00,12,Saturday,1,Highway,100,Clear,17.6,83.6,0,1133,15.48
2026-06-27 13:00:00,13,Saturday,1,Highway,100,Heavy Rain,30.1,88.1,0,1261,40.13
2026-06-27 13:15:00,13,Saturday,1,Arterial,70,Clear,29.7,58.1,0,926,11.86
2026-06-27 13:30:00,13,Saturday,1,Downtown,50,Clear,25.5,46.9,0,724,17.91
2026-06-27 13:45:00,13,Saturday,1,Highway,100,Clear,27.6,89.7,1,1275,52.62
2026-06-27 14:00:00,14,Saturday,1,Downtown,50,Clear,21.4,63.2,0,813,17.34
2026-06-27 14:15:00,14,Saturday,1,Highway,100,Clear,17.5,60.2,1,1226,49.7
2026-06-27 14:30:00,14,Saturday,1,Residential,30,Foggy,15.6,77.6,0,346,38.47
2026-06-27 14:45:00,14,Saturday,1,Residential,30,Clear,19.7,59.8,0,363,18.88
2026-06-27 15:00:00,15,Saturday,1,Highway,100,Clear,23.3,88.3,0,1427,20.68
2026-06-27 15:15:00,15,Saturday,1,Downtown,50,Clear,19.7,83.7,0,759,18.61
2026-06-27 15:30:00,15,Saturday,1,Residential,30,Clear,25.0,69.0,0,407,20.36
2026-06-27 15:45:00,15,Saturday,1,Downtown,50,Heavy Rain,20.2,76.8,0,593,40.02
2026-06-27 16:00:00,16,Saturday,1,Residential,30,Clear,31.5,67.3,0,215,5.15
2026-06-27 16:15:00,16,Saturday,1,Residential,30,Clear,34.7,89.0,1,415,53.78
2026-06-27 16:30:00,16,Saturday,1,Arterial,70,Clear,19.5,87.3,0,745,14.37
2026-06-27 16:45:00,16,Saturday,1,Highway,100,Clear,32.2,69.6,0,1530,19.8
2026-06-27 17:00:00,17,Saturday,1,Arterial,70,Clear,31.9,72.2,0,767,16.21
2026-06-27 17:15:00,17,Saturday,1,Downtown,50,Clear,26.7,73.9,1,679,48.25
2026-06-27 17:30:00,17,Saturday,1,Downtown,50,Rainy,29.7,84.8,0,754,31.22
2026-06-27 17:45:00,17,Saturday,1,Downtown,50,Clear,22.6,87.9,0,612,17.04
2026-06-27 18:00:00,18,Saturday,1,Highway,100,Rainy,21.6,76.1,0,1441,30.76
2026-06-27 18:15:00,18,Saturday,1,Arterial,70,Clear,29.7,69.5,0,852,18.89
2026-06-27 18:30:00,18,Saturday,1,Residential,30,Foggy,23.9,65.4,0,463,38.68
2026-06-27 18:45:00,18,Saturday,1,Downtown,50,Clear,27.2,89.8,0,780,19.88
2026-06-27 19:00:00,19,Saturday,1,Arterial,70,Clear,29.5,65.0,0,953,20.23
2026-06-27 19:15:00,19,Saturday,1,Highway,100,Clear,20.8,65.4,0,1184,15.24
2026-06-27 19:30:00,19,Saturday,1,Arterial,70,Clear,25.7,61.1,0,902,17.75
2026-06-27 19:45:00,19,Saturday,1,Arterial,70,Foggy,17.5,64.7,0,837,33.26
2026-06-27 20:00:00,20,Saturday,1,Arterial,70,Rainy,33.8,44.3,0,630,17.41
2026-06-27 20:15:00,20,Saturday,1,Downtown,50,Clear,15.5,75.5,0,1017,24.48
2026-06-27 20:30:00,20,Saturday,1,Highway,100,Clear,19.7,61.5,0,1093,14.09
2026-06-27 20:45:00,20,Saturday,1,Highway,100,Clear,27.5,62.0,0,1075,14.73
2026-06-27 21:00:00,21,Saturday,1,Highway,100,Clear,20.0,44.6,0,1349,19.86
2026-06-27 21:15:00,21,Saturday,1,Downtown,50,Foggy,20.6,84.3,0,511,24.68
2026-06-27 21:30:00,21,Saturday,1,Highway,100,Heavy Rain,17.8,57.0,0,1214,45.92
2026-06-27 21:45:00,21,Saturday,1,Highway,100,Clear,34.9,51.6,0,1066,13.67
2026-06-27 22:00:00,22,Saturday,1,Residential,30,Heavy Rain,31.3,55.7,0,401,45.38
2026-06-27 22:15:00,22,Saturday,1,Residential,30,Clear,28.1,48.3,0,188,13.19
2026-06-27 22:30:00,22,Saturday,1,Arterial,70,Clear,31.1,84.5,1,886,57.02
2026-06-27 22:45:00,22,Saturday,1,Highway,100,Heavy Rain,26.8,74.1,0,1340,41.53
2026-06-27 23:00:00,23,Saturday,1,Residential,30,Rainy,23.3,58.1,0,177,24.43
2026-06-27 23:15:00,23,Saturday,1,Highway,100,Foggy,26.0,79.5,0,461,22.77
2026-06-27 23:30:00,23,Saturday,1,Highway,100,Clear,24.6,77.6,0,249,3.64
2026-06-27 23:45:00,23,Saturday,1,Highway,100,Heavy Rain,18.9,70.5,0,397,34.41
2026-06-28 00:00:00,0,Sunday,1,Arterial,70,Clear,32.6,62.2,0,473,8.82
2026-06-28 00:15:00,0,Sunday,1,Highway,100,Rainy,21.8,57.6,0,322,15.0
2026-06-28 00:30:00,0,Sunday,1,Arterial,70,Foggy,22.4,76.2,0,179,29.03
2026-06-28 00:45:00,0,Sunday,1,Residential,30,Rainy,24.1,78.8,0,50,14.61
2026-06-28 01:00:00,1,Sunday,1,Arterial,70,Clear,29.4,64.5,0,135,2.65
2026-06-28 01:15:00,1,Sunday,1,Downtown,50,Rainy,33.1,68.6,0,122,16.18
2026-06-28 01:30:00,1,Sunday,1,Highway,100,Clear,21.4,63.7,1,558,40.53
2026-06-28 01:45:00,1,Sunday,1,Downtown,50,Clear,16.2,67.3,0,170,6.37
2026-06-28 02:00:00,2,Sunday,1,Downtown,50,Clear,16.1,43.9,0,362,6.09
2026-06-28 02:15:00,2,Sunday,1,Highway,100,Clear,20.8,79.8,0,376,9.35
2026-06-28 02:30:00,2,Sunday,1,Highway,100,Rainy,18.7,54.5,0,503,21.71
2026-06-28 02:45:00,2,Sunday,1,Downtown,50,Clear,17.0,85.6,0,393,3.88
2026-06-28 03:00:00,3,Sunday,1,Highway,100,Clear,23.1,51.4,0,369,7.58
2026-06-28 03:15:00,3,Sunday,1,Arterial,70,Rainy,34.0,45.6,0,108,14.83
2026-06-28 03:30:00,3,Sunday,1,Highway,100,Clear,28.8,52.1,0,297,9.41
2026-06-28 03:45:00,3,Sunday,1,Residential,30,Foggy,24.4,88.6,0,299,35.49
2026-06-28 04:00:00,4,Sunday,1,Arterial,70,Clear,18.4,82.6,0,381,10.96
2026-06-28 04:15:00,4,Sunday,1,Arterial,70,Clear,23.6,74.8,0,182,5.51
2026-06-28 04:30:00,4,Sunday,1,Downtown,50,Foggy,16.9,65.2,0,339,24.77
2026-06-28 04:45:00,4,Sunday,1,Arterial,70,Clear,16.3,42.1,0,133,4.49
2026-06-28 05:00:00,5,Sunday,1,Downtown,50,Rainy,20.1,70.0,0,50,11.88
2026-06-28 05:15:00,5,Sunday,1,Downtown,50,Heavy Rain,23.5,59.6,0,211,30.43
2026-06-28 05:30:00,5,Sunday,1,Arterial,70,Clear,24.3,40.2,0,263,0.66
2026-06-28 05:45:00,5,Sunday,1,Highway,100,Clear,23.7,53.5,0,445,9.09
2026-06-28 06:00:00,6,Sunday,1,Arterial,70,Clear,24.9,61.9,0,1246,23.49
2026-06-28 06:15:00,6,Sunday,1,Downtown,50,Rainy,22.6,60.7,0,424,27.04
2026-06-28 06:30:00,6,Sunday,1,Residential,30,Rainy,33.0,75.5,1,392,65.13
2026-06-28 06:45:00,6,Sunday,1,Highway,100,Clear,26.6,89.2,0,1273,11.64
2026-06-28 07:00:00,7,Sunday,1,Downtown,50,Clear,29.3,88.8,0,579,9.55
2026-06-28 07:15:00,7,Sunday,1,Arterial,70,Clear,17.0,78.1,0,861,21.85
2026-06-28 07:30:00,7,Sunday,1,Arterial,70,Clear,21.5,71.1,0,666,14.95
2026-06-28 07:45:00,7,Sunday,1,Highway,100,Clear,26.6,61.3,0,1289,18.87
2026-06-28 08:00:00,8,Sunday,1,Highway,100,Clear,24.9,43.0,0,1332,19.07
2026-06-28 08:15:00,8,Sunday,1,Highway,100,Foggy,21.9,87.3,0,1563,36.66
2026-06-28 08:30:00,8,Sunday,1,Highway,100,Rainy,27.5,40.9,0,1090,25.64
2026-06-28 08:45:00,8,Sunday,1,Residential,30,Foggy,20.9,67.1,0,487,38.55
2026-06-28 09:00:00,9,Sunday,1,Arterial,70,Clear,33.8,65.5,0,698,15.78
2026-06-28 09:15:00,9,Sunday,1,Arterial,70,Foggy,28.6,81.3,0,895,35.08
2026-06-28 09:30:00,9,Sunday,1,Arterial,70,Clear,25.2,59.4,0,1015,20.32
2026-06-28 09:45:00,9,Sunday,1,Residential,30,Rainy,15.9,47.9,0,181,18.48
2026-06-28 10:00:00,10,Sunday,1,Highway,100,Clear,20.5,79.8,0,1378,20.14
2026-06-28 10:15:00,10,Sunday,1,Residential,30,Clear,34.9,78.7,0,433,13.36
2026-06-28 10:30:00,10,Sunday,1,Downtown,50,Clear,29.1,44.1,0,506,10.17
2026-06-28 10:45:00,10,Sunday,1,Highway,100,Clear,22.3,64.7,0,1167,16.37
2026-06-28 11:00:00,11,Sunday,1,Downtown,50,Clear,34.6,77.4,0,678,15.95
2026-06-28 11:15:00,11,Sunday,1,Highway,100,Rainy,17.0,45.8,0,1354,24.9
2026-06-28 11:30:00,11,Sunday,1,Residential,30,Clear,19.3,45.3,0,130,3.82
2026-06-28 11:45:00,11,Sunday,1,Downtown,50,Foggy,30.7,66.5,0,590,35.58
2026-06-28 12:00:00,12,Sunday,1,Highway,100,Rainy,21.8,50.9,0,1226,29.59
2026-06-28 12:15:00,12,Sunday,1,Arterial,70,Clear,29.7,43.2,0,948,15.48
2026-06-28 12:30:00,12,Sunday,1,Highway,100,Rainy,30.9,52.4,0,1199,30.5
2026-06-28 12:45:00,12,Sunday,1,Highway,100,Clear,26.5,88.9,0,1424,10.77
2026-06-28 13:00:00,13,Sunday,1,Highway,100,Clear,24.6,63.2,0,1274,17.67
2026-06-28 13:15:00,13,Sunday,1,Downtown,50,Clear,34.9,78.6,0,707,8.1
2026-06-28 13:30:00,13,Sunday,1,Arterial,70,Clear,28.8,85.1,0,865,15.26
2026-06-28 13:45:00,13,Sunday,1,Highway,100,Clear,28.9,56.1,0,1389,17.98
2026-06-28 14:00:00,14,Sunday,1,Downtown,50,Foggy,15.4,52.2,0,815,36.09
2026-06-28 14:15:00,14,Sunday,1,Arterial,70,Rainy,21.5,57.0,0,1006,29.99
2026-06-28 14:30:00,14,Sunday,1,Highway,100,Foggy,26.5,78.0,0,1372,35.27
2026-06-28 14:45:00,14,Sunday,1,Residential,30,Clear,21.1,62.2,0,253,13.26
2026-06-28 15:00:00,15,Sunday,1,Arterial,70,Rainy,24.6,76.9,1,882,61.77
2026-06-28 15:15:00,15,Sunday,1,Highway,100,Clear,15.7,46.8,0,1346,16.14
2026-06-28 15:30:00,15,Sunday,1,Downtown,50,Heavy Rain,27.0,52.1,0,561,37.15
2026-06-28 15:45:00,15,Sunday,1,Downtown,50,Clear,22.7,47.5,0,663,14.42
2026-06-28 16:00:00,16,Sunday,1,Downtown,50,Clear,29.5,59.3,0,739,20.64
2026-06-28 16:15:00,16,Sunday,1,Highway,100,Foggy,15.9,50.1,0,1137,35.41
2026-06-28 16:30:00,16,Sunday,1,Highway,100,Foggy,21.3,49.8,0,1308,38.98
2026-06-28 16:45:00,16,Sunday,1,Arterial,70,Rainy,34.3,51.5,0,870,30.35
2026-06-28 17:00:00,17,Sunday,1,Arterial,70,Clear,29.9,78.7,0,634,10.19
2026-06-28 17:15:00,17,Sunday,1,Downtown,50,Clear,26.9,61.0,0,930,20.21
2026-06-28 17:30:00,17,Sunday,1,Downtown,50,Clear,18.3,60.7,0,901,18.24
2026-06-28 17:45:00,17,Sunday,1,Arterial,70,Clear,30.9,44.2,0,759,27.81
2026-06-28 18:00:00,18,Sunday,1,Downtown,50,Rainy,29.6,60.5,0,489,28.29
2026-06-28 18:15:00,18,Sunday,1,Arterial,70,Foggy,18.9,85.3,0,706,28.36
2026-06-28 18:30:00,18,Sunday,1,Downtown,50,Clear,32.6,81.4,0,789,17.72
2026-06-28 18:45:00,18,Sunday,1,Downtown,50,Clear,29.0,68.3,0,645,8.63
2026-06-28 19:00:00,19,Sunday,1,Highway,100,Clear,28.9,87.7,1,1513,57.42
2026-06-28 19:15:00,19,Sunday,1,Highway,100,Rainy,16.4,54.2,0,1226,27.12
2026-06-28 19:30:00,19,Sunday,1,Downtown,50,Clear,16.3,43.7,0,763,15.47
2026-06-28 19:45:00,19,Sunday,1,Arterial,70,Rainy,18.5,64.6,0,973,35.44
2026-06-28 20:00:00,20,Sunday,1,Residential,30,Clear,24.9,84.2,0,187,10.75
2026-06-28 20:15:00,20,Sunday,1,Highway,100,Clear,27.3,52.4,0,1327,17.18
2026-06-28 20:30:00,20,Sunday,1,Downtown,50,Rainy,22.3,53.6,0,676,31.47
2026-06-28 20:45:00,20,Sunday,1,Downtown,50,Heavy Rain,16.4,42.3,0,583,40.34
2026-06-28 21:00:00,21,Sunday,1,Residential,30,Clear,21.3,49.2,0,425,20.09
2026-06-28 21:15:00,21,Sunday,1,Residential,30,Clear,19.7,49.7,0,365,14.94
2026-06-28 21:30:00,21,Sunday,1,Downtown,50,Rainy,22.4,80.3,0,716,27.74
2026-06-28 21:45:00,21,Sunday,1,Residential,30,Clear,22.8,64.4,0,301,15.75
2026-06-28 22:00:00,22,Sunday,1,Downtown,50,Rainy,27.0,49.6,0,820,29.23
2026-06-28 22:15:00,22,Sunday,1,Arterial,70,Rainy,23.8,79.2,1,905,62.96
2026-06-28 22:30:00,22,Sunday,1,Downtown,50,Rainy,28.0,61.2,0,707,25.77
2026-06-28 22:45:00,22,Sunday,1,Residential,30,Rainy,21.5,81.4,0,289,27.64
2026-06-28 23:00:00,23,Sunday,1,Highway,100,Rainy,33.8,79.0,0,379,11.94
2026-06-28 23:15:00,23,Sunday,1,Highway,100,Rainy,22.7,81.7,0,298,18.76
2026-06-28 23:30:00,23,Sunday,1,Arterial,70,Clear,16.4,87.4,0,389,7.45
2026-06-28 23:45:00,23,Sunday,1,Residential,30,Clear,33.5,43.2,0,50,5.67
2026-06-29 00:00:00,0,Monday,0,Arterial,70,Clear,23.1,81.1,0,127,0.0
2026-06-29 00:15:00,0,Monday,0,Arterial,70,Rainy,15.5,51.5,0,90,15.62
2026-06-29 00:30:00,0,Monday,0,Highway,100,Foggy,32.9,52.8,0,418,25.08
2026-06-29 00:45:00,0,Monday,0,Downtown,50,Clear,33.2,56.3,0,241,10.93
2026-06-29 01:00:00,1,Monday,0,Residential,30,Clear,31.9,54.7,0,113,3.75
2026-06-29 01:15:00,1,Monday,0,Downtown,50,Clear,19.3,66.9,0,62,0.0
2026-06-29 01:30:00,1,Monday,0,Highway,100,Foggy,22.2,40.2,0,272,22.61
2026-06-29 01:45:00,1,Monday,0,Residential,30,Clear,25.0,59.1,0,50,0.0
2026-06-29 02:00:00,2,Monday,0,Highway,100,Rainy,26.9,70.5,0,506,20.47
2026-06-29 02:15:00,2,Monday,0,Arterial,70,Rainy,22.0,77.9,0,296,17.76
2026-06-29 02:30:00,2,Monday,0,Residential,30,Clear,23.8,43.1,0,50,5.8
2026-06-29 02:45:00,2,Monday,0,Highway,100,Foggy,25.6,54.1,0,440,19.0
2026-06-29 03:00:00,3,Monday,0,Residential,30,Foggy,24.2,81.3,0,50,16.7
2026-06-29 03:15:00,3,Monday,0,Residential,30,Clear,30.2,86.8,0,75,0.6
2026-06-29 03:30:00,3,Monday,0,Downtown,50,Clear,23.6,67.8,0,147,5.77
2026-06-29 03:45:00,3,Monday,0,Downtown,50,Clear,21.0,54.8,0,50,2.94
2026-06-29 04:00:00,4,Monday,0,Residential,30,Clear,33.4,42.3,0,50,1.77
2026-06-29 04:15:00,4,Monday,0,Arterial,70,Rainy,27.5,76.8,0,253,17.51
2026-06-29 04:30:00,4,Monday,0,Arterial,70,Clear,33.4,68.8,0,69,0.03
2026-06-29 04:45:00,4,Monday,0,Downtown,50,Clear,25.0,71.2,0,161,5.78
2026-06-29 05:00:00,5,Monday,0,Arterial,70,Rainy,26.9,67.4,0,386,28.16
2026-06-29 05:15:00,5,Monday,0,Highway,100,Clear,15.1,85.7,0,504,6.03
2026-06-29 05:30:00,5,Monday,0,Downtown,50,Clear,20.9,81.7,0,89,0.0
2026-06-29 05:45:00,5,Monday,0,Downtown,50,Clear,28.5,44.6,0,298,6.82
2026-06-29 06:00:00,6,Monday,0,Residential,30,Heavy Rain,28.0,73.8,0,227,39.38
2026-06-29 06:15:00,6,Monday,0,Arterial,70,Clear,23.9,66.2,0,772,14.08
2026-06-29 06:30:00,6,Monday,0,Residential,30,Clear,20.2,84.6,0,312,11.22
2026-06-29 06:45:00,6,Monday,0,Highway,100,Clear,16.0,61.9,0,1472,22.88
2026-06-29 07:00:00,7,Monday,0,Highway,100,Clear,31.9,44.4,0,1410,17.62
2026-06-29 07:15:00,7,Monday,0,Arterial,70,Clear,30.0,79.2,0,858,14.19
2026-06-29 07:30:00,7,Monday,0,Downtown,50,Heavy Rain,23.1,41.3,0,634,37.24
2026-06-29 07:45:00,7,Monday,0,Arterial,70,Clear,24.7,61.3,0,708,14.93
2026-06-29 08:00:00,8,Monday,0,Highway,100,Clear,18.6,72.9,1,2657,95.44
2026-06-29 08:15:00,8,Monday,0,Arterial,70,Clear,33.2,88.5,0,1796,53.75
2026-06-29 08:30:00,8,Monday,0,Highway,100,Rainy,31.4,46.2,1,2322,98.24
2026-06-29 08:45:00,8,Monday,0,Arterial,70,Clear,19.1,61.2,0,1655,51.74
2026-06-29 09:00:00,9,Monday,0,Highway,100,Rainy,27.8,43.1,1,2527,99.91
2026-06-29 09:15:00,9,Monday,0,Downtown,50,Rainy,15.7,85.3,0,1303,71.87
2026-06-29 09:30:00,9,Monday,0,Highway,100,Clear,23.2,78.6,0,2441,53.73
2026-06-29 09:45:00,9,Monday,0,Highway,100,Clear,15.9,67.1,0,2674,61.47
2026-06-29 10:00:00,10,Monday,0,Downtown,50,Clear,22.2,55.7,0,1473,55.88
2026-06-29 10:15:00,10,Monday,0,Downtown,50,Rainy,28.5,64.9,0,1337,66.23
2026-06-29 10:30:00,10,Monday,0,Arterial,70,Clear,24.0,84.3,0,1797,55.01
2026-06-29 10:45:00,10,Monday,0,Arterial,70,Clear,32.2,64.5,0,1663,45.79
2026-06-29 11:00:00,11,Monday,0,Residential,30,Heavy Rain,32.0,55.8,1,242,78.77
2026-06-29 11:15:00,11,Monday,0,Downtown,50,Clear,17.9,81.5,0,701,9.08
2026-06-29 11:30:00,11,Monday,0,Residential,30,Clear,23.0,46.0,0,344,16.76
2026-06-29 11:45:00,11,Monday,0,Arterial,70,Clear,32.7,70.2,0,797,14.85
2026-06-29 12:00:00,12,Monday,0,Residential,30,Foggy,34.0,87.2,0,454,40.04
2026-06-29 12:15:00,12,Monday,0,Downtown,50,Clear,22.8,88.6,0,555,8.6
2026-06-29 12:30:00,12,Monday,0,Highway,100,Clear,18.9,81.9,0,1370,21.81
2026-06-29 12:45:00,12,Monday,0,Downtown,50,Clear,19.2,76.0,0,695,12.38
2026-06-29 13:00:00,13,Monday,0,Highway,100,Clear,29.7,66.9,0,1524,17.1
2026-06-29 13:15:00,13,Monday,0,Arterial,70,Clear,23.0,69.7,0,819,16.02
2026-06-29 13:30:00,13,Monday,0,Arterial,70,Clear,23.1,42.0,0,774,7.26
2026-06-29 13:45:00,13,Monday,0,Arterial,70,Clear,25.5,65.5,0,860,20.07
2026-06-29 14:00:00,14,Monday,0,Arterial,70,Foggy,31.9,89.1,0,665,28.17
2026-06-29 14:15:00,14,Monday,0,Downtown,50,Heavy Rain,27.5,84.1,0,799,45.59
2026-06-29 14:30:00,14,Monday,0,Downtown,50,Heavy Rain,30.5,62.4,0,714,46.98
2026-06-29 14:45:00,14,Monday,0,Highway,100,Clear,25.3,44.8,0,1233,12.85
2026-06-29 15:00:00,15,Monday,0,Downtown,50,Clear,31.8,57.1,1,743,53.5
2026-06-29 15:15:00,15,Monday,0,Highway,100,Heavy Rain,25.0,87.6,0,951,35.75
2026-06-29 15:30:00,15,Monday,0,Arterial,70,Clear,24.1,41.8,0,890,15.88
2026-06-29 15:45:00,15,Monday,0,Arterial,70,Rainy,34.1,72.2,1,724,58.99
2026-06-29 16:00:00,16,Monday,0,Arterial,70,Clear,32.9,68.0,0,844,21.08
2026-06-29 16:15:00,16,Monday,0,Highway,100,Clear,33.2,82.1,0,1171,14.13
2026-06-29 16:30:00,16,Monday,0,Arterial,70,Rainy,22.2,51.8,0,896,32.26
2026-06-29 16:45:00,16,Monday,0,Highway,100,Clear,17.1,70.8,0,1171,8.42
2026-06-29 17:00:00,17,Monday,0,Downtown,50,Foggy,32.9,42.9,0,1496,77.25
2026-06-29 17:15:00,17,Monday,0,Highway,100,Clear,30.6,50.9,0,2334,54.37
2026-06-29 17:30:00,17,Monday,0,Downtown,50,Rainy,33.7,58.4,0,1471,74.7
2026-06-29 17:45:00,17,Monday,0,Residential,30,Clear,20.6,66.9,0,730,57.31
2026-06-29 18:00:00,18,Monday,0,Arterial,70,Rainy,24.0,67.9,0,1565,62.57
2026-06-29 18:15:00,18,Monday,0,Downtown,50,Clear,21.0,63.4,0,1404,57.26
2026-06-29 18:30:00,18,Monday,0,Downtown,50,Clear,34.3,54.1,0,1430,54.56
2026-06-29 18:45:00,18,Monday,0,Downtown,50,Clear,23.1,56.7,0,1457,59.54
2026-06-29 19:00:00,19,Monday,0,Highway,100,Foggy,20.9,89.9,1,2541,100.0
2026-06-29 19:15:00,19,Monday,0,Highway,100,Clear,27.2,42.0,1,2495,90.65
2026-06-29 19:30:00,19,Monday,0,Arterial,70,Clear,32.6,74.4,0,1427,44.3
2026-06-29 19:45:00,19,Monday,0,Residential,30,Clear,16.8,84.0,0,703,57.22
2026-06-29 20:00:00,20,Monday,0,Downtown,50,Clear,16.4,69.8,0,758,16.63
2026-06-29 20:15:00,20,Monday,0,Arterial,70,Foggy,20.0,55.7,0,841,38.76
2026-06-29 20:30:00,20,Monday,0,Residential,30,Clear,33.4,49.8,0,488,21.15
2026-06-29 20:45:00,20,Monday,0,Downtown,50,Clear,33.4,52.3,0,702,11.36
2026-06-29 21:00:00,21,Monday,0,Downtown,50,Clear,26.0,75.6,0,599,19.38
2026-06-29 21:15:00,21,Monday,0,Highway,100,Rainy,34.9,76.8,0,1551,31.35
2026-06-29 21:30:00,21,Monday,0,Downtown,50,Rainy,26.2,51.2,0,575,27.4
2026-06-29 21:45:00,21,Monday,0,Arterial,70,Foggy,32.7,60.3,0,982,42.05
2026-06-29 22:00:00,22,Monday,0,Downtown,50,Rainy,15.4,45.3,0,833,32.42
2026-06-29 22:15:00,22,Monday,0,Downtown,50,Rainy,28.3,76.8,0,616,23.18
2026-06-29 22:30:00,22,Monday,0,Residential,30,Heavy Rain,30.9,71.5,0,332,44.18
2026-06-29 22:45:00,22,Monday,0,Arterial,70,Foggy,18.0,87.3,0,814,35.11
2026-06-29 23:00:00,23,Monday,0,Downtown,50,Clear,27.5,65.2,1,70,39.09
2026-06-29 23:15:00,23,Monday,0,Residential,30,Clear,22.4,45.1,0,50,0.0
2026-06-29 23:30:00,23,Monday,0,Residential,30,Rainy,17.8,78.5,0,336,28.93
2026-06-29 23:45:00,23,Monday,0,Arterial,70,Rainy,15.7,78.1,0,98,13.4
2026-06-30 00:00:00,0,Tuesday,0,Downtown,50,Clear,24.1,61.4,0,376,8.26
2026-06-30 00:15:00,0,Tuesday,0,Highway,100,Clear,26.0,87.4,0,216,7.75
2026-06-30 00:30:00,0,Tuesday,0,Downtown,50,Clear,18.9,55.0,0,109,3.59
2026-06-30 00:45:00,0,Tuesday,0,Residential,30,Clear,29.3,66.2,0,140,7.46
2026-06-30 01:00:00,1,Tuesday,0,Arterial,70,Clear,20.2,74.5,0,188,5.14
2026-06-30 01:15:00,1,Tuesday,0,Highway,100,Clear,18.8,65.4,0,267,5.73
2026-06-30 01:30:00,1,Tuesday,0,Downtown,50,Clear,34.7,90.0,0,127,7.03
2026-06-30 01:45:00,1,Tuesday,0,Downtown,50,Heavy Rain,15.5,66.9,0,50,36.5
2026-06-30 02:00:00,2,Tuesday,0,Arterial,70,Clear,34.2,67.6,0,163,0.0
2026-06-30 02:15:00,2,Tuesday,0,Arterial,70,Clear,22.6,69.9,0,71,5.22
2026-06-30 02:30:00,2,Tuesday,0,Arterial,70,Clear,17.7,52.7,0,233,4.13
2026-06-30 02:45:00,2,Tuesday,0,Highway,100,Clear,28.1,43.1,0,416,4.6
2026-06-30 03:00:00,3,Tuesday,0,Arterial,70,Clear,34.9,83.5,0,387,10.92
2026-06-30 03:15:00,3,Tuesday,0,Highway,100,Clear,24.4,85.6,0,627,6.86
2026-06-30 03:30:00,3,Tuesday,0,Downtown,50,Clear,23.4,69.2,0,246,3.0
2026-06-30 03:45:00,3,Tuesday,0,Arterial,70,Clear,25.7,85.6,0,165,3.75
2026-06-30 04:00:00,4,Tuesday,0,Highway,100,Clear,23.5,80.1,0,209,7.96
2026-06-30 04:15:00,4,Tuesday,0,Highway,100,Clear,30.9,81.6,0,493,4.39
2026-06-30 04:30:00,4,Tuesday,0,Highway,100,Rainy,34.0,40.7,0,521,21.53
2026-06-30 04:45:00,4,Tuesday,0,Highway,100,Heavy Rain,27.3,48.2,0,387,29.62
2026-06-30 05:00:00,5,Tuesday,0,Downtown,50,Rainy,22.9,78.7,1,311,50.92
2026-06-30 05:15:00,5,Tuesday,0,Residential,30,Rainy,28.6,51.2,0,313,27.9
2026-06-30 05:30:00,5,Tuesday,0,Residential,30,Clear,16.3,43.9,0,139,3.39
2026-06-30 05:45:00,5,Tuesday,0,Arterial,70,Clear,19.3,83.3,0,252,6.68
2026-06-30 06:00:00,6,Tuesday,0,Highway,100,Clear,34.8,76.3,0,1174,19.79
2026-06-30 06:15:00,6,Tuesday,0,Arterial,70,Clear,31.8,43.2,0,736,12.46
2026-06-30 06:30:00,6,Tuesday,0,Arterial,70,Clear,21.0,86.7,0,789,8.33
2026-06-30 06:45:00,6,Tuesday,0,Arterial,70,Rainy,18.8,83.6,0,786,27.6
2026-06-30 07:00:00,7,Tuesday,0,Highway,100,Clear,32.3,69.2,0,1292,14.67
2026-06-30 07:15:00,7,Tuesday,0,Downtown,50,Clear,15.6,60.4,0,808,20.17
2026-06-30 07:30:00,7,Tuesday,0,Downtown,50,Clear,28.7,89.2,0,653,17.04
2026-06-30 07:45:00,7,Tuesday,0,Downtown,50,Foggy,28.6,52.5,1,571,65.55
2026-06-30 08:00:00,8,Tuesday,0,Highway,100,Clear,23.8,44.7,0,2597,57.36
2026-06-30 08:15:00,8,Tuesday,0,Highway,100,Rainy,15.2,55.3,0,2475,68.62
2026-06-30 08:30:00,8,Tuesday,0,Highway,100,Clear,25.0,87.5,0,2464,51.7
2026-06-30 08:45:00,8,Tuesday,0,Highway,100,Rainy,15.1,46.4,0,2478,64.64
2026-06-30 09:00:00,9,Tuesday,0,Arterial,70,Clear,25.2,89.0,0,1754,54.67
2026-06-30 09:15:00,9,Tuesday,0,Residential,30,Clear,29.0,44.4,0,704,55.37
2026-06-30 09:30:00,9,Tuesday,0,Arterial,70,Clear,27.7,69.5,0,1685,52.6
2026-06-30 09:45:00,9,Tuesday,0,Arterial,70,Clear,19.2,53.8,0,1810,57.28
2026-06-30 10:00:00,10,Tuesday,0,Highway,100,Foggy,29.9,59.8,0,2388,66.48
2026-06-30 10:15:00,10,Tuesday,0,Highway,100,Rainy,20.5,56.5,0,2283,58.41
2026-06-30 10:30:00,10,Tuesday,0,Arterial,70,Rainy,31.4,79.9,0,1645,65.83
2026-06-30 10:45:00,10,Tuesday,0,Highway,100,Foggy,31.4,67.6,0,2687,75.79
2026-06-30 11:00:00,11,Tuesday,0,Highway,100,Clear,30.2,57.2,0,1132,10.13
2026-06-30 11:15:00,11,Tuesday,0,Residential,30,Rainy,25.6,88.4,0,459,32.94
2026-06-30 11:30:00,11,Tuesday,0,Arterial,70,Clear,19.7,73.1,0,994,22.12
2026-06-30 11:45:00,11,Tuesday,0,Highway,100,Clear,25.7,49.6,0,1519,23.13
2026-06-30 12:00:00,12,Tuesday,0,Arterial,70,Clear,31.6,89.9,0,677,13.58
2026-06-30 12:15:00,12,Tuesday,0,Downtown,50,Foggy,19.2,52.8,0,627,36.84
2026-06-30 12:30:00,12,Tuesday,0,Highway,100,Foggy,26.2,56.6,0,1214,27.93
2026-06-30 12:45:00,12,Tuesday,0,Arterial,70,Clear,30.5,73.7,0,987,19.01
2026-06-30 13:00:00,13,Tuesday,0,Highway,100,Clear,26.1,72.0,0,1352,20.93
2026-06-30 13:15:00,13,Tuesday,0,Residential,30,Clear,30.0,44.2,0,92,7.18
2026-06-30 13:30:00,13,Tuesday,0,Downtown,50,Clear,25.4,50.9,0,738,17.75
2026-06-30 13:45:00,13,Tuesday,0,Highway,100,Clear,15.3,82.4,0,1468,19.24
2026-06-30 14:00:00,14,Tuesday,0,Highway,100,Clear,20.8,88.6,0,1285,16.57
2026-06-30 14:15:00,14,Tuesday,0,Arterial,70,Foggy,21.5,76.6,0,854,31.05
2026-06-30 14:30:00,14,Tuesday,0,Downtown,50,Clear,24.7,70.4,0,613,16.92
2026-06-30 14:45:00,14,Tuesday,0,Highway,100,Clear,23.2,86.0,0,992,11.73
2026-06-30 15:00:00,15,Tuesday,0,Arterial,70,Clear,25.9,80.2,0,826,11.52
2026-06-30 15:15:00,15,Tuesday,0,Highway,100,Rainy,25.4,64.8,0,1222,30.27
2026-06-30 15:30:00,15,Tuesday,0,Residential,30,Rainy,17.1,81.6,0,520,39.2
2026-06-30 15:45:00,15,Tuesday,0,Downtown,50,Rainy,28.2,78.3,0,745,28.27
2026-06-30 16:00:00,16,Tuesday,0,Highway,100,Clear,29.6,61.4,0,1282,14.52
2026-06-30 16:15:00,16,Tuesday,0,Residential,30,Clear,25.1,55.9,0,184,7.67
2026-06-30 16:30:00,16,Tuesday,0,Highway,100,Rainy,32.9,86.8,0,1298,26.18
2026-06-30 16:45:00,16,Tuesday,0,Downtown,50,Rainy,34.0,76.9,0,733,28.18
2026-06-30 17:00:00,17,Tuesday,0,Highway,100,Foggy,21.3,46.5,0,2584,71.63
2026-06-30 17:15:00,17,Tuesday,0,Downtown,50,Rainy,22.3,43.0,0,1348,61.34
2026-06-30 17:30:00,17,Tuesday,0,Downtown,50,Clear,19.0,47.0,0,1422,51.49
2026-06-30 17:45:00,17,Tuesday,0,Highway,100,Clear,32.0,42.4,0,2386,51.09
2026-06-30 18:00:00,18,Tuesday,0,Highway,100,Foggy,17.2,83.3,0,2514,70.07
2026-06-30 18:15:00,18,Tuesday,0,Downtown,50,Rainy,24.8,83.0,0,1505,69.93
2026-06-30 18:30:00,18,Tuesday,0,Arterial,70,Rainy,26.2,57.8,0,1632,60.06
2026-06-30 18:45:00,18,Tuesday,0,Highway,100,Clear,21.4,82.6,0,2434,54.37
2026-06-30 19:00:00,19,Tuesday,0,Arterial,70,Clear,17.8,70.9,0,1664,49.07
2026-06-30 19:15:00,19,Tuesday,0,Residential,30,Clear,15.4,72.6,0,706,54.82
2026-06-30 19:30:00,19,Tuesday,0,Arterial,70,Clear,26.5,44.5,0,1541,52.56
2026-06-30 19:45:00,19,Tuesday,0,Arterial,70,Clear,15.4,71.5,0,1529,51.96
2026-06-30 20:00:00,20,Tuesday,0,Downtown,50,Clear,27.2,67.7,0,748,18.95
2026-06-30 20:15:00,20,Tuesday,0,Highway,100,Clear,31.8,64.5,0,1153,9.7
2026-06-30 20:30:00,20,Tuesday,0,Downtown,50,Foggy,16.8,83.1,0,571,26.87
2026-06-30 20:45:00,20,Tuesday,0,Highway,100,Clear,24.5,44.8,0,1288,19.72
2026-06-30 21:00:00,21,Tuesday,0,Downtown,50,Clear,31.6,83.4,0,810,21.14
2026-06-30 21:15:00,21,Tuesday,0,Highway,100,Clear,16.3,40.4,0,1221,16.83
2026-06-30 21:30:00,21,Tuesday,0,Residential,30,Clear,19.7,64.9,0,299,14.26
2026-06-30 21:45:00,21,Tuesday,0,Downtown,50,Clear,19.4,77.9,0,666,15.12
2026-06-30 22:00:00,22,Tuesday,0,Residential,30,Rainy,18.2,57.1,0,221,24.02
2026-06-30 22:15:00,22,Tuesday,0,Arterial,70,Clear,27.1,73.4,0,934,16.79
2026-06-30 22:30:00,22,Tuesday,0,Highway,100,Clear,30.5,43.0,0,1322,19.79
2026-06-30 22:45:00,22,Tuesday,0,Highway,100,Clear,21.8,51.7,1,1101,51.86
2026-06-30 23:00:00,23,Tuesday,0,Residential,30,Rainy,20.7,58.9,0,102,18.09
2026-06-30 23:15:00,23,Tuesday,0,Residential,30,Clear,32.2,42.7,1,71,40.37
2026-06-30 23:30:00,23,Tuesday,0,Downtown,50,Rainy,33.0,55.4,0,242,18.89
2026-06-30 23:45:00,23,Tuesday,0,Arterial,70,Rainy,15.9,79.1,0,232,10.87
2026-07-01 00:00:00,0,Wednesday,0,Arterial,70,Clear,25.9,56.6,0,177,7.55
2026-07-01 00:15:00,0,Wednesday,0,Arterial,70,Clear,33.2,75.4,0,299,5.58
2026-07-01 00:30:00,0,Wednesday,0,Arterial,70,Clear,21.6,72.9,0,145,0.0
2026-07-01 00:45:00,0,Wednesday,0,Arterial,70,Clear,34.7,54.6,0,205,2.47
2026-07-01 01:00:00,1,Wednesday,0,Highway,100,Clear,30.0,49.8,0,412,4.81
2026-07-01 01:15:00,1,Wednesday,0,Arterial,70,Clear,22.1,69.8,1,222,31.51
2026-07-01 01:30:00,1,Wednesday,0,Arterial,70,Heavy Rain,29.2,62.4,0,282,33.39
2026-07-01 01:45:00,1,Wednesday,0,Arterial,70,Clear,15.4,57.7,0,290,10.52
2026-07-01 02:00:00,2,Wednesday,0,Arterial,70,Clear,29.1,60.9,0,196,1.97
2026-07-01 02:15:00,2,Wednesday,0,Downtown,50,Foggy,25.8,41.6,0,114,25.6
2026-07-01 02:30:00,2,Wednesday,0,Arterial,70,Clear,24.3,84.3,0,138,1.28
2026-07-01 02:45:00,2,Wednesday,0,Highway,100,Clear,19.5,56.6,0,510,12.35
2026-07-01 03:00:00,3,Wednesday,0,Highway,100,Clear,35.0,87.2,0,291,7.14
2026-07-01 03:15:00,3,Wednesday,0,Highway,100,Clear,21.4,66.2,0,260,5.73
2026-07-01 03:30:00,3,Wednesday,0,Arterial,70,Clear,22.3,90.0,0,50,0.0
2026-07-01 03:45:00,3,Wednesday,0,Arterial,70,Clear,31.6,63.3,0,302,6.93
2026-07-01 04:00:00,4,Wednesday,0,Arterial,70,Rainy,16.2,66.5,0,250,15.69
2026-07-01 04:15:00,4,Wednesday,0,Arterial,70,Rainy,32.9,47.0,0,119,14.37
2026-07-01 04:30:00,4,Wednesday,0,Downtown,50,Clear,25.3,86.3,0,200,5.37
2026-07-01 04:45:00,4,Wednesday,0,Highway,100,Clear,18.6,69.9,0,249,2.93
2026-07-01 05:00:00,5,Wednesday,0,Arterial,70,Clear,28.6,79.5,1,253,36.26
2026-07-01 05:15:00,5,Wednesday,0,Arterial,70,Foggy,27.5,47.3,0,396,28.53
2026-07-01 05:30:00,5,Wednesday,0,Residential,30,Clear,34.0,43.0,1,148,44.43
2026-07-01 05:45:00,5,Wednesday,0,Downtown,50,Clear,15.8,45.1,0,50,1.87
2026-07-01 06:00:00,6,Wednesday,0,Residential,30,Clear,28.9,72.6,0,260,8.18
2026-07-01 06:15:00,6,Wednesday,0,Downtown,50,Clear,20.1,80.9,0,634,19.78
2026-07-01 06:30:00,6,Wednesday,0,Downtown,50,Foggy,30.0,62.1,0,678,37.54
2026-07-01 06:45:00,6,Wednesday,0,Highway,100,Rainy,20.8,42.4,0,1042,24.74
2026-07-01 07:00:00,7,Wednesday,0,Downtown,50,Foggy,15.0,74.4,0,693,29.33
2026-07-01 07:15:00,7,Wednesday,0,Highway,100,Rainy,31.9,45.4,0,1178,30.47
2026-07-01 07:30:00,7,Wednesday,0,Downtown,50,Clear,33.6,67.5,0,785,23.59
2026-07-01 07:45:00,7,Wednesday,0,Residential,30,Clear,33.2,69.1,0,380,19.02
2026-07-01 08:00:00,8,Wednesday,0,Downtown,50,Heavy Rain,16.5,61.4,0,1540,86.49
2026-07-01 08:15:00,8,Wednesday,0,Residential,30,Clear,30.7,85.9,0,770,52.77
2026-07-01 08:30:00,8,Wednesday,0,Residential,30,Heavy Rain,27.8,84.3,0,667,79.35
2026-07-01 08:45:00,8,Wednesday,0,Arterial,70,Clear,27.1,54.6,0,1656,55.64
2026-07-01 09:00:00,9,Wednesday,0,Arterial,70,Rainy,28.3,59.1,0,1533,60.93
2026-07-01 09:15:00,9,Wednesday,0,Arterial,70,Rainy,29.8,78.9,0,1853,68.76
2026-07-01 09:30:00,9,Wednesday,0,Downtown,50,Clear,27.9,85.3,0,1473,60.62
2026-07-01 09:45:00,9,Wednesday,0,Highway,100,Clear,26.3,79.9,0,2458,57.67
2026-07-01 10:00:00,10,Wednesday,0,Arterial,70,Rainy,20.9,44.8,0,1851,69.47
2026-07-01 10:15:00,10,Wednesday,0,Residential,30,Clear,26.8,74.1,1,714,90.19
2026-07-01 10:30:00,10,Wednesday,0,Arterial,70,Clear,22.7,69.3,0,1847,59.63
2026-07-01 10:45:00,10,Wednesday,0,Arterial,70,Rainy,17.9,48.1,0,1605,66.49
2026-07-01 11:00:00,11,Wednesday,0,Arterial,70,Foggy,26.7,50.5,0,823,35.94
2026-07-01 11:15:00,11,Wednesday,0,Arterial,70,Clear,22.6,51.2,0,722,16.53
2026-07-01 11:30:00,11,Wednesday,0,Downtown,50,Foggy,33.4,48.1,0,661,34.17
2026-07-01 11:45:00,11,Wednesday,0,Highway,100,Foggy,21.5,60.7,0,1208,36.05
2026-07-01 12:00:00,12,Wednesday,0,Residential,30,Clear,25.5,56.3,0,241,17.27
2026-07-01 12:15:00,12,Wednesday,0,Residential,30,Clear,25.2,60.8,0,155,5.46
2026-07-01 12:30:00,12,Wednesday,0,Residential,30,Clear,26.8,70.5,0,316,15.06
2026-07-01 12:45:00,12,Wednesday,0,Downtown,50,Clear,22.5,43.2,0,576,14.53
2026-07-01 13:00:00,13,Wednesday,0,Arterial,70,Foggy,23.8,80.1,0,856,34.05
2026-07-01 13:15:00,13,Wednesday,0,Downtown,50,Rainy,15.3,87.7,0,684,27.8
2026-07-01 13:30:00,13,Wednesday,0,Highway,100,Heavy Rain,25.0,59.9,0,1240,41.22
2026-07-01 13:45:00,13,Wednesday,0,Arterial,70,Clear,21.2,50.5,0,919,18.07
2026-07-01 14:00:00,14,Wednesday,0,Arterial,70,Clear,18.2,81.5,1,681,45.04
2026-07-01 14:15:00,14,Wednesday,0,Downtown,50,Rainy,24.1,71.5,0,764,34.33
2026-07-01 14:30:00,14,Wednesday,0,Arterial,70,Rainy,22.9,46.3,0,668,24.97
2026-07-01 14:45:00,14,Wednesday,0,Residential,30,Clear,23.2,47.7,0,336,9.42
2026-07-01 15:00:00,15,Wednesday,0,Highway,100,Clear,30.6,72.1,0,1006,11.85
2026-07-01 15:15:00,15,Wednesday,0,Downtown,50,Foggy,22.4,60.4,0,727,36.01
2026-07-01 15:30:00,15,Wednesday,0,Highway,100,Clear,19.6,53.2,0,1164,15.68
2026-07-01 15:45:00,15,Wednesday,0,Arterial,70,Clear,20.8,43.3,0,777,15.28
2026-07-01 16:00:00,16,Wednesday,0,Arterial,70,Clear,26.6,66.1,0,743,12.83
2026-07-01 16:15:00,16,Wednesday,0,Downtown,50,Foggy,33.9,42.9,0,801,33.6
2026-07-01 16:30:00,16,Wednesday,0,Highway,100,Clear,22.0,78.4,0,1310,9.84
2026-07-01 16:45:00,16,Wednesday,0,Highway,100,Clear,22.2,49.2,0,1305,13.51
2026-07-01 17:00:00,17,Wednesday,0,Residential,30,Foggy,30.9,48.8,0,745,73.27
2026-07-01 17:15:00,17,Wednesday,0,Downtown,50,Rainy,16.7,69.1,0,1584,72.73
2026-07-01 17:30:00,17,Wednesday,0,Highway,100,Clear,30.7,59.2,0,2590,56.03
2026-07-01 17:45:00,17,Wednesday,0,Arterial,70,Clear,15.3,75.0,0,1810,57.85
2026-07-01 18:00:00,18,Wednesday,0,Arterial,70,Clear,33.8,67.3,0,1472,51.73
2026-07-01 18:15:00,18,Wednesday,0,Residential,30,Rainy,23.2,68.0,0,694,68.55
2026-07-01 18:30:00,18,Wednesday,0,Downtown,50,Rainy,31.5,76.1,0,1292,62.57
2026-07-01 18:45:00,18,Wednesday,0,Downtown,50,Clear,17.5,45.8,0,1500,59.08
2026-07-01 19:00:00,19,Wednesday,0,Highway,100,Rainy,20.6,79.6,0,2431,69.01
2026-07-01 19:15:00,19,Wednesday,0,Arterial,70,Rainy,15.7,88.7,0,1916,67.17
2026-07-01 19:30:00,19,Wednesday,0,Highway,100,Clear,34.7,51.8,0,2751,54.26
2026-07-01 19:45:00,19,Wednesday,0,Highway,100,Clear,34.6,49.8,0,2718,62.09
2026-07-01 20:00:00,20,Wednesday,0,Downtown,50,Clear,15.3,85.0,0,661,11.38
2026-07-01 20:15:00,20,Wednesday,0,Downtown,50,Heavy Rain,34.0,85.0,0,534,35.3
2026-07-01 20:30:00,20,Wednesday,0,Arterial,70,Rainy,20.2,41.1,0,633,22.57
2026-07-01 20:45:00,20,Wednesday,0,Downtown,50,Clear,33.3,84.8,0,641,15.47
2026-07-01 21:00:00,21,Wednesday,0,Arterial,70,Clear,34.8,56.7,0,933,21.1
2026-07-01 21:15:00,21,Wednesday,0,Arterial,70,Clear,16.9,84.2,0,972,18.31
2026-07-01 21:30:00,21,Wednesday,0,Residential,30,Rainy,16.2,52.4,0,338,30.16
2026-07-01 21:45:00,21,Wednesday,0,Arterial,70,Clear,34.4,50.7,0,696,15.43
2026-07-01 22:00:00,22,Wednesday,0,Residential,30,Clear,15.1,65.2,0,347,12.0
2026-07-01 22:15:00,22,Wednesday,0,Arterial,70,Foggy,15.2,88.8,0,652,31.02
2026-07-01 22:30:00,22,Wednesday,0,Arterial,70,Clear,28.0,67.7,0,1015,19.62
2026-07-01 22:45:00,22,Wednesday,0,Highway,100,Foggy,26.6,87.5,0,1334,43.07
2026-07-01 23:00:00,23,Wednesday,0,Highway,100,Foggy,27.9,44.6,0,375,21.1
2026-07-01 23:15:00,23,Wednesday,0,Downtown,50,Clear,21.1,66.6,0,284,5.35
2026-07-01 23:30:00,23,Wednesday,0,Downtown,50,Clear,19.5,76.9,0,121,1.15
2026-07-01 23:45:00,23,Wednesday,0,Downtown,50,Heavy Rain,30.0,54.2,0,324,34.34
2026-07-02 00:00:00,0,Thursday,0,Downtown,50,Clear,20.5,86.9,0,208,6.0
2026-07-02 00:15:00,0,Thursday,0,Downtown,50,Rainy,21.7,88.2,0,347,15.87
2026-07-02 00:30:00,0,Thursday,0,Arterial,70,Rainy,32.3,70.2,0,112,11.92
2026-07-02 00:45:00,0,Thursday,0,Arterial,70,Rainy,18.7,74.0,0,382,23.24
2026-07-02 01:00:00,1,Thursday,0,Residential,30,Rainy,30.9,85.2,0,184,19.17
2026-07-02 01:15:00,1,Thursday,0,Downtown,50,Clear,29.2,83.4,1,184,40.16
2026-07-02 01:30:00,1,Thursday,0,Arterial,70,Clear,20.0,84.1,0,423,11.34
2026-07-02 01:45:00,1,Thursday,0,Downtown,50,Clear,21.1,62.4,0,325,7.22
2026-07-02 02:00:00,2,Thursday,0,Arterial,70,Rainy,19.5,78.6,0,202,14.2
2026-07-02 02:15:00,2,Thursday,0,Arterial,70,Rainy,16.5,73.0,0,386,21.47
2026-07-02 02:30:00,2,Thursday,0,Highway,100,Clear,33.8,70.5,0,257,6.87
2026-07-02 02:45:00,2,Thursday,0,Downtown,50,Foggy,15.2,83.5,0,339,25.27
2026-07-02 03:00:00,3,Thursday,0,Downtown,50,Foggy,33.8,62.4,0,50,15.6
2026-07-02 03:15:00,3,Thursday,0,Arterial,70,Rainy,25.0,80.7,0,244,16.16
2026-07-02 03:30:00,3,Thursday,0,Arterial,70,Clear,31.4,67.4,0,292,10.82
2026-07-02 03:45:00,3,Thursday,0,Downtown,50,Clear,15.5,44.2,0,442,11.63
2026-07-02 04:00:00,4,Thursday,0,Highway,100,Clear,21.7,74.9,0,664,9.85
2026-07-02 04:15:00,4,Thursday,0,Downtown,50,Clear,30.5,68.2,0,91,0.0
2026-07-02 04:30:00,4,Thursday,0,Highway,100,Heavy Rain,24.9,89.8,0,364,28.03
2026-07-02 04:45:00,4,Thursday,0,Highway,100,Foggy,31.4,76.3,0,469,21.76
2026-07-02 05:00:00,5,Thursday,0,Arterial,70,Heavy Rain,31.6,89.9,0,242,28.23
2026-07-02 05:15:00,5,Thursday,0,Downtown,50,Rainy,15.0,65.3,0,54,15.82
2026-07-02 05:30:00,5,Thursday,0,Arterial,70,Foggy,19.8,44.8,0,509,27.86
2026-07-02 05:45:00,5,Thursday,0,Arterial,70,Rainy,16.2,82.9,0,99,8.85
2026-07-02 06:00:00,6,Thursday,0,Downtown,50,Clear,21.3,45.9,0,527,12.75
2026-07-02 06:15:00,6,Thursday,0,Highway,100,Rainy,15.4,88.7,0,1169,32.45
2026-07-02 06:30:00,6,Thursday,0,Highway,100,Clear,25.3,82.7,0,1174,13.78
2026-07-02 06:45:00,6,Thursday,0,Arterial,70,Heavy Rain,25.3,77.1,0,791,44.48
2026-07-02 07:00:00,7,Thursday,0,Downtown,50,Foggy,18.4,57.3,1,614,69.73
2026-07-02 07:15:00,7,Thursday,0,Arterial,70,Clear,24.8,57.8,0,971,20.45
2026-07-02 07:30:00,7,Thursday,0,Residential,30,Clear,31.5,52.7,0,337,18.07
2026-07-02 07:45:00,7,Thursday,0,Highway,100,Clear,24.5,78.1,1,1304,52.3
2026-07-02 08:00:00,8,Thursday,0,Downtown,50,Foggy,16.5,86.5,0,1518,77.21
2026-07-02 08:15:00,8,Thursday,0,Residential,30,Rainy,22.7,67.9,0,625,60.16
2026-07-02 08:30:00,8,Thursday,0,Highway,100,Clear,33.1,85.6,0,2503,52.93
2026-07-02 08:45:00,8,Thursday,0,Highway,100,Clear,22.8,69.4,0,2277,52.38
2026-07-02 09:00:00,9,Thursday,0,Downtown,50,Rainy,21.9,44.3,0,1387,62.16
2026-07-02 09:15:00,9,Thursday,0,Highway,100,Clear,19.4,76.9,0,2370,52.54
2026-07-02 09:30:00,9,Thursday,0,Highway,100,Foggy,28.4,44.9,0,2452,78.04
2026-07-02 09:45:00,9,Thursday,0,Arterial,70,Foggy,19.9,59.9,0,1695,72.36
2026-07-02 10:00:00,10,Thursday,0,Downtown,50,Rainy,34.7,74.9,0,1562,71.78
2026-07-02 10:15:00,10,Thursday,0,Residential,30,Foggy,31.8,87.3,0,431,64.22
2026-07-02 10:30:00,10,Thursday,0,Arterial,70,Clear,33.4,58.0,0,1679,56.59
2026-07-02 10:45:00,10,Thursday,0,Arterial,70,Rainy,29.2,56.4,0,1606,63.24
2026-07-02 11:00:00,11,Thursday,0,Highway,100,Clear,27.8,87.7,0,1188,19.76
2026-07-02 11:15:00,11,Thursday,0,Arterial,70,Rainy,33.1,62.6,0,759,29.11
2026-07-02 11:30:00,11,Thursday,0,Highway,100,Rainy,25.3,74.3,0,1289,37.72
2026-07-02 11:45:00,11,Thursday,0,Highway,100,Clear,30.9,62.5,0,1252,13.08
2026-07-02 12:00:00,12,Thursday,0,Arterial,70,Rainy,24.4,47.2,0,938,34.75
2026-07-02 12:15:00,12,Thursday,0,Downtown,50,Clear,33.8,71.0,0,798,15.52
2026-07-02 12:30:00,12,Thursday,0,Downtown,50,Clear,22.7,72.9,0,767,14.27
2026-07-02 12:45:00,12,Thursday,0,Highway,100,Heavy Rain,32.4,71.3,0,1221,44.96
2026-07-02 13:00:00,13,Thursday,0,Downtown,50,Clear,23.3,67.9,0,506,15.18
2026-07-02 13:15:00,13,Thursday,0,Downtown,50,Rainy,19.7,47.3,0,549,23.91
2026-07-02 13:30:00,13,Thursday,0,Arterial,70,Clear,17.2,67.3,0,988,19.57
2026-07-02 13:45:00,13,Thursday,0,Highway,100,Clear,27.2,73.8,0,1362,21.07
2026-07-02 14:00:00,14,Thursday,0,Highway,100,Rainy,29.5,89.7,0,1278,34.06
2026-07-02 14:15:00,14,Thursday,0,Residential,30,Heavy Rain,30.6,70.6,0,463,52.12
2026-07-02 14:30:00,14,Thursday,0,Downtown,50,Clear,28.1,54.8,0,793,14.73
2026-07-02 14:45:00,14,Thursday,0,Highway,100,Clear,27.7,45.7,0,1342,15.17
2026-07-02 15:00:00,15,Thursday,0,Arterial,70,Foggy,30.7,43.7,0,975,34.54
2026-07-02 15:15:00,15,Thursday,0,Arterial,70,Rainy,27.0,88.8,0,1038,30.05
2026-07-02 15:30:00,15,Thursday,0,Downtown,50,Foggy,16.4,55.1,0,552,29.81
2026-07-02 15:45:00,15,Thursday,0,Arterial,70,Rainy,24.9,73.3,0,948,30.8
2026-07-02 16:00:00,16,Thursday,0,Highway,100,Rainy,17.4,60.4,0,1058,27.53
2026-07-02 16:15:00,16,Thursday,0,Downtown,50,Clear,32.2,71.7,0,811,17.12
2026-07-02 16:30:00,16,Thursday,0,Arterial,70,Clear,28.0,57.4,0,661,12.13
2026-07-02 16:45:00,16,Thursday,0,Highway,100,Clear,21.1,56.0,1,1423,54.24
2026-07-02 17:00:00,17,Thursday,0,Highway,100,Clear,31.3,71.2,0,2633,48.25
2026-07-02 17:15:00,17,Thursday,0,Downtown,50,Clear,26.9,75.9,1,1325,89.65
2026-07-02 17:30:00,17,Thursday,0,Downtown,50,Rainy,29.6,81.0,0,1321,66.36
2026-07-02 17:45:00,17,Thursday,0,Highway,100,Clear,31.4,46.3,0,2440,52.1
2026-07-02 18:00:00,18,Thursday,0,Downtown,50,Foggy,30.1,52.1,0,1329,67.67
2026-07-02 18:15:00,18,Thursday,0,Arterial,70,Rainy,16.9,54.8,0,1761,67.02
2026-07-02 18:30:00,18,Thursday,0,Residential,30,Clear,20.8,79.5,0,795,56.05
2026-07-02 18:45:00,18,Thursday,0,Arterial,70,Clear,28.0,76.6,0,1571,49.58
2026-07-02 19:00:00,19,Thursday,0,Arterial,70,Rainy,29.3,73.1,0,1633,63.43
2026-07-02 19:15:00,19,Thursday,0,Highway,100,Clear,23.2,43.8,0,2563,58.55
2026-07-02 19:30:00,19,Thursday,0,Highway,100,Foggy,34.3,50.1,0,2536,75.66
2026-07-02 19:45:00,19,Thursday,0,Arterial,70,Clear,25.2,60.0,0,1578,54.29
2026-07-02 20:00:00,20,Thursday,0,Arterial,70,Rainy,17.8,57.9,0,668,25.67
2026-07-02 20:15:00,20,Thursday,0,Highway,100,Clear,26.0,56.7,0,1175,15.06
2026-07-02 20:30:00,20,Thursday,0,Residential,30,Clear,28.5,59.6,0,349,20.65
2026-07-02 20:45:00,20,Thursday,0,Downtown,50,Clear,26.9,78.0,0,853,20.92
2026-07-02 21:00:00,21,Thursday,0,Residential,30,Clear,26.5,44.3,0,490,21.35
2026-07-02 21:15:00,21,Thursday,0,Arterial,70,Rainy,15.4,63.2,0,1049,30.16
2026-07-02 21:30:00,21,Thursday,0,Arterial,70,Clear,28.4,52.7,0,800,11.89
2026-07-02 21:45:00,21,Thursday,0,Downtown,50,Rainy,30.8,76.1,0,665,25.96
2026-07-02 22:00:00,22,Thursday,0,Residential,30,Foggy,34.0,43.8,0,509,43.95
2026-07-02 22:15:00,22,Thursday,0,Downtown,50,Rainy,22.2,49.0,0,667,25.29
2026-07-02 22:30:00,22,Thursday,0,Downtown,50,Foggy,31.8,52.6,0,542,30.93
2026-07-02 22:45:00,22,Thursday,0,Downtown,50,Clear,33.0,53.0,0,817,18.61
2026-07-02 23:00:00,23,Thursday,0,Residential,30,Clear,19.4,60.2,1,259,48.3
2026-07-02 23:15:00,23,Thursday,0,Arterial,70,Clear,23.6,75.1,0,50,4.8
2026-07-02 23:30:00,23,Thursday,0,Arterial,70,Clear,33.8,55.8,0,349,8.64
2026-07-02 23:45:00,23,Thursday,0,Residential,30,Clear,33.0,48.4,0,50,4.96
2026-07-03 00:00:00,0,Friday,0,Downtown,50,Rainy,31.6,55.6,0,328,16.82
2026-07-03 00:15:00,0,Friday,0,Arterial,70,Clear,23.3,48.1,0,263,2.89
2026-07-03 00:30:00,0,Friday,0,Downtown,50,Clear,16.3,62.9,0,141,1.0
2026-07-03 00:45:00,0,Friday,0,Highway,100,Clear,19.5,57.6,0,272,4.02
2026-07-03 01:00:00,1,Friday,0,Downtown,50,Clear,33.7,54.5,0,94,4.31
2026-07-03 01:15:00,1,Friday,0,Residential,30,Clear,28.6,47.3,0,50,4.74
2026-07-03 01:30:00,1,Friday,0,Arterial,70,Clear,27.8,64.4,0,124,7.9
2026-07-03 01:45:00,1,Friday,0,Arterial,70,Clear,19.4,51.2,0,174,3.05
2026-07-03 02:00:00,2,Friday,0,Highway,100,Clear,26.8,49.3,0,501,4.81
2026-07-03 02:15:00,2,Friday,0,Arterial,70,Clear,29.4,61.7,0,124,7.59
2026-07-03 02:30:00,2,Friday,0,Arterial,70,Heavy Rain,28.2,85.2,0,347,34.46
2026-07-03 02:45:00,2,Friday,0,Arterial,70,Heavy Rain,16.9,85.1,0,286,30.78
2026-07-03 03:00:00,3,Friday,0,Residential,30,Clear,24.2,49.0,0,62,1.43
2026-07-03 03:15:00,3,Friday,0,Highway,100,Clear,32.5,65.6,0,525,7.51
2026-07-03 03:30:00,3,Friday,0,Highway,100,Clear,18.8,77.3,0,164,2.86
2026-07-03 03:45:00,3,Friday,0,Arterial,70,Heavy Rain,19.8,85.1,0,229,29.18
2026-07-03 04:00:00,4,Friday,0,Residential,30,Clear,32.3,52.8,0,369,16.09
2026-07-03 04:15:00,4,Friday,0,Highway,100,Clear,20.6,44.7,0,263,8.81
2026-07-03 04:30:00,4,Friday,0,Residential,30,Clear,24.5,72.4,0,50,3.15
2026-07-03 04:45:00,4,Friday,0,Highway,100,Clear,33.6,74.2,0,146,3.27
2026-07-03 05:00:00,5,Friday,0,Downtown,50,Clear,17.9,74.5,0,259,4.44
2026-07-03 05:15:00,5,Friday,0,Downtown,50,Clear,23.4,59.8,0,208,9.86
2026-07-03 05:30:00,5,Friday,0,Residential,30,Heavy Rain,23.2,81.0,0,50,30.33
2026-07-03 05:45:00,5,Friday,0,Arterial,70,Foggy,30.6,79.3,0,89,17.69
2026-07-03 06:00:00,6,Friday,0,Arterial,70,Clear,22.3,68.0,0,776,13.86
2026-07-03 06:15:00,6,Friday,0,Residential,30,Clear,15.0,81.3,1,384,56.43
2026-07-03 06:30:00,6,Friday,0,Highway,100,Clear,15.4,70.6,0,1165,16.15
2026-07-03 06:45:00,6,Friday,0,Arterial,70,Clear,30.3,69.2,0,859,19.8
2026-07-03 07:00:00,7,Friday,0,Residential,30,Foggy,33.4,43.9,0,349,34.8
2026-07-03 07:15:00,7,Friday,0,Highway,100,Rainy,20.3,76.4,0,1175,29.49
2026-07-03 07:30:00,7,Friday,0,Arterial,70,Clear,24.8,48.4,0,1213,26.15
2026-07-03 07:45:00,7,Friday,0,Downtown,50,Clear,19.6,73.2,0,831,14.79
2026-07-03 08:00:00,8,Friday,0,Highway,100,Clear,33.2,85.6,0,2614,56.35
2026-07-03 08:15:00,8,Friday,0,Residential,30,Clear,26.2,60.8,0,865,60.22
2026-07-03 08:30:00,8,Friday,0,Downtown,50,Foggy,16.0,66.4,0,1404,71.83
2026-07-03 08:45:00,8,Friday,0,Arterial,70,Rainy,16.3,60.8,0,1632,62.43
2026-07-03 09:00:00,9,Friday,0,Highway,100,Rainy,34.4,81.4,1,2536,100.0
2026-07-03 09:15:00,9,Friday,0,Arterial,70,Clear,23.1,80.9,0,1572,55.36
2026-07-03 09:30:00,9,Friday,0,Downtown,50,Rainy,19.9,78.5,0,1329,62.45
2026-07-03 09:45:00,9,Friday,0,Highway,100,Rainy,22.6,84.2,0,2771,66.87
2026-07-03 10:00:00,10,Friday,0,Residential,30,Clear,22.5,83.4,0,687,50.81
2026-07-03 10:15:00,10,Friday,0,Downtown,50,Clear,26.7,69.7,0,1279,48.16
2026-07-03 10:30:00,10,Friday,0,Arterial,70,Clear,29.7,72.1,0,1714,54.34
2026-07-03 10:45:00,10,Friday,0,Highway,100,Rainy,25.7,80.8,0,2624,69.34
2026-07-03 11:00:00,11,Friday,0,Highway,100,Clear,34.5,74.7,0,1207,14.86
2026-07-03 11:15:00,11,Friday,0,Arterial,70,Clear,19.2,48.7,0,663,14.02
2026-07-03 11:30:00,11,Friday,0,Arterial,70,Foggy,24.5,82.9,0,1141,37.56
2026-07-03 11:45:00,11,Friday,0,Arterial,70,Clear,27.8,40.1,1,858,50.95
2026-07-03 12:00:00,12,Friday,0,Highway,100,Clear,19.7,89.8,0,1368,18.3
2026-07-03 12:15:00,12,Friday,0,Downtown,50,Clear,34.2,84.7,0,755,17.38
2026-07-03 12:30:00,12,Friday,0,Residential,30,Clear,31.9,55.1,0,295,11.84
2026-07-03 12:45:00,12,Friday,0,Downtown,50,Clear,19.6,60.1,0,790,17.34
2026-07-03 13:00:00,13,Friday,0,Arterial,70,Rainy,34.3,59.5,0,715,22.82
2026-07-03 13:15:00,13,Friday,0,Arterial,70,Heavy Rain,24.1,86.9,0,769,38.12
2026-07-03 13:30:00,13,Friday,0,Downtown,50,Clear,16.9,89.7,0,943,18.22
2026-07-03 13:45:00,13,Friday,0,Highway,100,Clear,33.6,84.8,0,1486,19.66
2026-07-03 14:00:00,14,Friday,0,Arterial,70,Clear,25.1,70.1,0,834,15.61
2026-07-03 14:15:00,14,Friday,0,Arterial,70,Clear,20.9,53.8,0,838,12.36
2026-07-03 14:30:00,14,Friday,0,Residential,30,Clear,29.3,61.6,0,505,27.25
2026-07-03 14:45:00,14,Friday,0,Highway,100,Clear,33.3,50.3,0,1422,17.44
2026-07-03 15:00:00,15,Friday,0,Downtown,50,Rainy,22.3,43.6,0,840,34.21
2026-07-03 15:15:00,15,Friday,0,Residential,30,Clear,27.6,67.0,0,615,22.22
2026-07-03 15:30:00,15,Friday,0,Residential,30,Clear,34.6,67.1,0,306,12.98
2026-07-03 15:45:00,15,Friday,0,Arterial,70,Clear,23.9,89.4,0,783,15.79
2026-07-03 16:00:00,16,Friday,0,Arterial,70,Clear,32.9,49.1,0,889,24.62
2026-07-03 16:15:00,16,Friday,0,Downtown,50,Clear,22.5,79.6,0,653,14.6
2026-07-03 16:30:00,16,Friday,0,Downtown,50,Heavy Rain,27.4,82.8,0,688,50.15
2026-07-03 16:45:00,16,Friday,0,Downtown,50,Rainy,34.8,65.5,0,676,21.88
2026-07-03 17:00:00,17,Friday,0,Residential,30,Clear,34.6,89.7,0,565,45.63
2026-07-03 17:15:00,17,Friday,0,Highway,100,Clear,24.5,42.9,0,2376,50.47
2026-07-03 17:30:00,17,Friday,0,Arterial,70,Heavy Rain,28.9,64.6,0,1740,83.87
2026-07-03 17:45:00,17,Friday,0,Highway,100,Foggy,21.0,87.0,0,2539,72.0
2026-07-03 18:00:00,18,Friday,0,Arterial,70,Clear,28.9,88.4,0,1593,49.13
2026-07-03 18:15:00,18,Friday,0,Highway,100,Clear,18.6,52.9,0,2605,49.32
2026-07-03 18:30:00,18,Friday,0,Arterial,70,Clear,22.3,60.4,0,1554,46.87
2026-07-03 18:45:00,18,Friday,0,Downtown,50,Rainy,31.0,87.7,0,1546,68.09
2026-07-03 19:00:00,19,Friday,0,Arterial,70,Clear,21.1,51.2,0,1818,57.31
2026-07-03 19:15:00,19,Friday,0,Highway,100,Foggy,25.1,43.4,0,2497,71.29
2026-07-03 19:30:00,19,Friday,0,Arterial,70,Clear,19.7,53.3,1,1588,84.75
2026-07-03 19:45:00,19,Friday,0,Downtown,50,Foggy,22.7,83.8,0,1329,67.05
2026-07-03 20:00:00,20,Friday,0,Downtown,50,Clear,28.5,51.8,0,628,8.1
2026-07-03 20:15:00,20,Friday,0,Arterial,70,Rainy,19.8,81.8,0,771,32.56
2026-07-03 20:30:00,20,Friday,0,Highway,100,Clear,18.3,61.5,0,1156,16.44
2026-07-03 20:45:00,20,Friday,0,Downtown,50,Clear,23.9,78.6,0,590,8.77
2026-07-03 21:00:00,21,Friday,0,Arterial,70,Clear,21.7,76.3,0,787,12.43
2026-07-03 21:15:00,21,Friday,0,Highway,100,Clear,25.3,65.3,0,1104,10.89
2026-07-03 21:30:00,21,Friday,0,Downtown,50,Rainy,22.6,77.3,0,761,31.12
2026-07-03 21:45:00,21,Friday,0,Downtown,50,Rainy,34.6,61.6,0,626,26.07
2026-07-03 22:00:00,22,Friday,0,Highway,100,Clear,21.2,74.3,0,1366,16.72
2026-07-03 22:15:00,22,Friday,0,Highway,100,Rainy,31.6,56.1,0,1372,27.56
2026-07-03 22:30:00,22,Friday,0,Downtown,50,Clear,26.9,46.9,0,802,22.23
2026-07-03 22:45:00,22,Friday,0,Highway,100,Rainy,21.0,46.7,0,1231,26.31
2026-07-03 23:00:00,23,Friday,0,Arterial,70,Foggy,30.9,62.1,0,50,21.39
2026-07-03 23:15:00,23,Friday,0,Downtown,50,Rainy,27.4,70.9,0,316,18.27
2026-07-03 23:30:00,23,Friday,0,Highway,100,Foggy,21.8,46.3,0,499,22.93
2026-07-03 23:45:00,23,Friday,0,Arterial,70,Rainy,21.2,50.5,0,435,23.56
2026-07-04 00:00:00,0,Saturday,1,Arterial,70,Heavy Rain,28.8,86.6,0,219,30.97
2026-07-04 00:15:00,0,Saturday,1,Highway,100,Clear,25.4,68.8,0,319,1.63
2026-07-04 00:30:00,0,Saturday,1,Highway,100,Clear,25.9,67.7,0,480,8.81
2026-07-04 00:45:00,0,Saturday,1,Highway,100,Clear,32.8,66.0,0,258,0.83
2026-07-04 01:00:00,1,Saturday,1,Highway,100,Rainy,16.7,54.6,0,440,12.27
2026-07-04 01:15:00,1,Saturday,1,Arterial,70,Clear,20.5,79.9,1,200,38.46
2026-07-04 01:30:00,1,Saturday,1,Highway,100,Rainy,26.0,79.2,0,344,20.76
2026-07-04 01:45:00,1,Saturday,1,Arterial,70,Clear,25.0,70.5,0,171,9.38
2026-07-04 02:00:00,2,Saturday,1,Downtown,50,Clear,23.7,50.5,0,50,0.93
2026-07-04 02:15:00,2,Saturday,1,Highway,100,Rainy,19.3,89.5,0,474,14.14
2026-07-04 02:30:00,2,Saturday,1,Highway,100,Rainy,21.2,89.4,0,513,16.03
2026-07-04 02:45:00,2,Saturday,1,Downtown,50,Clear,22.1,53.2,0,50,0.0
2026-07-04 03:00:00,3,Saturday,1,Highway,100,Clear,18.9,88.1,0,342,6.8
2026-07-04 03:15:00,3,Saturday,1,Arterial,70,Clear,27.7,74.3,0,234,5.46
2026-07-04 03:30:00,3,Saturday,1,Downtown,50,Clear,21.4,43.9,0,317,7.84
2026-07-04 03:45:00,3,Saturday,1,Highway,100,Clear,30.4,52.8,0,191,0.0
2026-07-04 04:00:00,4,Saturday,1,Residential,30,Clear,23.1,66.7,1,74,37.52
2026-07-04 04:15:00,4,Saturday,1,Residential,30,Heavy Rain,18.5,47.3,0,117,32.06
2026-07-04 04:30:00,4,Saturday,1,Highway,100,Clear,24.7,87.9,0,89,2.86
2026-07-04 04:45:00,4,Saturday,1,Arterial,70,Clear,25.2,61.9,0,181,0.79
2026-07-04 05:00:00,5,Saturday,1,Arterial,70,Clear,18.1,87.4,0,260,3.74
2026-07-04 05:15:00,5,Saturday,1,Highway,100,Rainy,30.0,72.6,0,388,15.6
2026-07-04 05:30:00,5,Saturday,1,Highway,100,Clear,33.9,65.1,1,354,36.83
2026-07-04 05:45:00,5,Saturday,1,Highway,100,Clear,16.6,48.8,0,278,5.02
2026-07-04 06:00:00,6,Saturday,1,Downtown,50,Clear,15.7,59.8,1,601,51.94
2026-07-04 06:15:00,6,Saturday,1,Downtown,50,Clear,24.2,53.3,0,789,20.23
2026-07-04 06:30:00,6,Saturday,1,Arterial,70,Foggy,20.3,52.0,0,781,33.18
2026-07-04 06:45:00,6,Saturday,1,Downtown,50,Clear,29.9,80.4,0,599,16.1
2026-07-04 07:00:00,7,Saturday,1,Arterial,70,Heavy Rain,21.0,51.2,0,914,45.55
2026-07-04 07:15:00,7,Saturday,1,Downtown,50,Clear,27.8,71.2,0,749,13.91
2026-07-04 07:30:00,7,Saturday,1,Arterial,70,Clear,25.8,89.5,0,773,15.64
2026-07-04 07:45:00,7,Saturday,1,Highway,100,Clear,26.9,78.8,0,1355,17.65
2026-07-04 08:00:00,8,Saturday,1,Arterial,70,Clear,18.2,60.0,0,863,13.62
2026-07-04 08:15:00,8,Saturday,1,Highway,100,Clear,26.9,78.1,0,1154,15.08
2026-07-04 08:30:00,8,Saturday,1,Residential,30,Clear,35.0,88.9,0,354,14.94
2026-07-04 08:45:00,8,Saturday,1,Highway,100,Foggy,30.8,88.6,0,1523,44.91
2026-07-04 09:00:00,9,Saturday,1,Arterial,70,Clear,27.7,86.6,0,581,11.8
2026-07-04 09:15:00,9,Saturday,1,Downtown,50,Clear,16.6,58.9,1,711,50.48
2026-07-04 09:30:00,9,Saturday,1,Downtown,50,Clear,26.4,75.4,0,925,18.72
2026-07-04 09:45:00,9,Saturday,1,Arterial,70,Clear,34.1,79.6,0,1122,19.49
2026-07-04 10:00:00,10,Saturday,1,Highway,100,Clear,16.5,67.2,0,1305,18.37
2026-07-04 10:15:00,10,Saturday,1,Highway,100,Foggy,26.5,70.3,0,1352,33.8
2026-07-04 10:30:00,10,Saturday,1,Arterial,70,Clear,28.4,74.2,0,701,12.23
2026-07-04 10:45:00,10,Saturday,1,Highway,100,Clear,34.2,78.2,0,1276,17.42
2026-07-04 11:00:00,11,Saturday,1,Arterial,70,Clear,23.2,51.6,0,1110,27.76
2026-07-04 11:15:00,11,Saturday,1,Downtown,50,Clear,29.3,68.9,1,798,52.43
2026-07-04 11:30:00,11,Saturday,1,Downtown,50,Clear,28.1,44.2,1,718,48.49
2026-07-04 11:45:00,11,Saturday,1,Arterial,70,Clear,27.2,85.4,0,843,16.46
2026-07-04 12:00:00,12,Saturday,1,Highway,100,Clear,29.3,42.5,0,1234,12.17
2026-07-04 12:15:00,12,Saturday,1,Downtown,50,Clear,18.3,52.6,0,716,14.14
2026-07-04 12:30:00,12,Saturday,1,Downtown,50,Clear,23.0,60.7,0,463,12.74
2026-07-04 12:45:00,12,Saturday,1,Arterial,70,Rainy,18.2,71.0,0,970,27.58
2026-07-04 13:00:00,13,Saturday,1,Arterial,70,Clear,28.4,80.1,1,949,53.92
2026-07-04 13:15:00,13,Saturday,1,Highway,100,Clear,19.3,44.7,0,1195,19.63
2026-07-04 13:30:00,13,Saturday,1,Downtown,50,Clear,23.7,54.5,0,856,15.45
2026-07-04 13:45:00,13,Saturday,1,Highway,100,Clear,28.2,67.3,0,1225,12.12
2026-07-04 14:00:00,14,Saturday,1,Downtown,50,Foggy,29.1,43.0,0,606,28.49
2026-07-04 14:15:00,14,Saturday,1,Highway,100,Rainy,28.0,70.6,0,1221,22.79
2026-07-04 14:30:00,14,Saturday,1,Downtown,50,Clear,30.8,54.4,0,928,19.08
2026-07-04 14:45:00,14,Saturday,1,Arterial,70,Foggy,18.6,73.8,0,784,34.06
2026-07-04 15:00:00,15,Saturday,1,Highway,100,Heavy Rain,29.3,52.5,0,1404,46.09
2026-07-04 15:15:00,15,Saturday,1,Downtown,50,Rainy,19.2,72.0,0,720,27.31
2026-07-04 15:30:00,15,Saturday,1,Highway,100,Clear,31.8,59.0,0,1303,16.99
2026-07-04 15:45:00,15,Saturday,1,Downtown,50,Clear,19.6,40.8,0,763,16.15
2026-07-04 16:00:00,16,Saturday,1,Arterial,70,Clear,30.1,79.0,0,959,21.93
2026-07-04 16:15:00,16,Saturday,1,Highway,100,Clear,15.1,46.9,0,1346,15.3
2026-07-04 16:30:00,16,Saturday,1,Downtown,50,Foggy,35.0,88.8,0,799,33.76
2026-07-04 16:45:00,16,Saturday,1,Highway,100,Rainy,25.7,79.7,0,1600,33.27
2026-07-04 17:00:00,17,Saturday,1,Residential,30,Clear,33.7,80.2,0,408,22.5
2026-07-04 17:15:00,17,Saturday,1,Highway,100,Clear,32.3,76.3,0,1143,20.83
2026-07-04 17:30:00,17,Saturday,1,Highway,100,Clear,20.6,44.8,0,1193,15.39
2026-07-04 17:45:00,17,Saturday,1,Arterial,70,Clear,15.6,46.3,0,899,15.46
2026-07-04 18:00:00,18,Saturday,1,Arterial,70,Clear,17.0,54.9,0,715,12.3
2026-07-04 18:15:00,18,Saturday,1,Arterial,70,Clear,15.6,71.4,0,944,22.17
2026-07-04 18:30:00,18,Saturday,1,Arterial,70,Clear,22.7,75.0,0,867,14.43
2026-07-04 18:45:00,18,Saturday,1,Downtown,50,Clear,32.5,82.2,0,684,18.21
2026-07-04 19:00:00,19,Saturday,1,Downtown,50,Rainy,25.1,60.0,0,608,23.29
2026-07-04 19:15:00,19,Saturday,1,Arterial,70,Foggy,33.8,51.0,0,908,33.18
2026-07-04 19:30:00,19,Saturday,1,Highway,100,Heavy Rain,27.7,74.6,0,1297,46.57
2026-07-04 19:45:00,19,Saturday,1,Residential,30,Heavy Rain,17.5,44.8,0,378,48.31
2026-07-04 20:00:00,20,Saturday,1,Arterial,70,Rainy,21.1,51.9,0,829,23.2
2026-07-04 20:15:00,20,Saturday,1,Residential,30,Rainy,33.8,80.3,0,366,29.67
2026-07-04 20:30:00,20,Saturday,1,Highway,100,Clear,17.9,88.3,0,1246,19.2
2026-07-04 20:45:00,20,Saturday,1,Downtown,50,Clear,20.0,61.8,0,762,15.39
2026-07-04 21:00:00,21,Saturday,1,Arterial,70,Rainy,17.0,74.0,0,788,30.85
2026-07-04 21:15:00,21,Saturday,1,Downtown,50,Foggy,15.4,40.6,0,538,33.08
2026-07-04 21:30:00,21,Saturday,1,Arterial,70,Clear,18.8,61.2,0,1147,19.92
2026-07-04 21:45:00,21,Saturday,1,Residential,30,Clear,29.0,83.1,0,334,14.44
2026-07-04 22:00:00,22,Saturday,1,Arterial,70,Clear,27.4,85.0,0,840,14.14
2026-07-04 22:15:00,22,Saturday,1,Highway,100,Clear,32.9,52.1,0,1240,15.45
2026-07-04 22:30:00,22,Saturday,1,Arterial,70,Rainy,23.2,70.9,0,767,28.23
2026-07-04 22:45:00,22,Saturday,1,Downtown,50,Clear,29.9,64.7,0,662,23.4
2026-07-04 23:00:00,23,Saturday,1,Arterial,70,Foggy,32.9,62.7,0,568,35.13
2026-07-04 23:15:00,23,Saturday,1,Residential,30,Clear,20.5,66.6,0,232,15.96
2026-07-04 23:30:00,23,Saturday,1,Highway,100,Clear,21.8,61.4,0,296,6.93
2026-07-04 23:45:00,23,Saturday,1,Residential,30,Clear,16.1,64.1,0,187,8.05
2026-07-05 00:00:00,0,Sunday,1,Arterial,70,Clear,21.1,64.9,0,389,7.0
2026-07-05 00:15:00,0,Sunday,1,Residential,30,Clear,18.2,53.8,0,221,8.82
2026-07-05 00:30:00,0,Sunday,1,Downtown,50,Clear,27.5,45.7,0,149,2.15
2026-07-05 00:45:00,0,Sunday,1,Downtown,50,Clear,18.5,89.5,0,239,5.6
2026-07-05 01:00:00,1,Sunday,1,Arterial,70,Foggy,23.9,61.8,0,124,24.65
2026-07-05 01:15:00,1,Sunday,1,Residential,30,Clear,23.8,65.5,0,50,0.0
2026-07-05 01:30:00,1,Sunday,1,Arterial,70,Rainy,30.5,76.9,0,145,12.88
2026-07-05 01:45:00,1,Sunday,1,Arterial,70,Clear,32.0,78.9,0,316,1.32
2026-07-05 02:00:00,2,Sunday,1,Highway,100,Clear,28.7,47.1,0,492,7.79
2026-07-05 02:15:00,2,Sunday,1,Highway,100,Rainy,35.0,82.6,0,254,20.67
2026-07-05 02:30:00,2,Sunday,1,Downtown,50,Rainy,27.6,79.8,0,219,13.92
2026-07-05 02:45:00,2,Sunday,1,Highway,100,Clear,15.3,59.1,0,329,4.22
2026-07-05 03:00:00,3,Sunday,1,Arterial,70,Clear,24.6,60.2,0,249,4.11
2026-07-05 03:15:00,3,Sunday,1,Residential,30,Heavy Rain,18.6,66.6,0,50,30.27
2026-07-05 03:30:00,3,Sunday,1,Downtown,50,Clear,25.3,66.1,1,50,38.98
2026-07-05 03:45:00,3,Sunday,1,Highway,100,Clear,30.1,74.5,0,399,5.34
2026-07-05 04:00:00,4,Sunday,1,Arterial,70,Clear,22.6,48.8,0,129,4.37
2026-07-05 04:15:00,4,Sunday,1,Highway,100,Clear,33.2,51.7,0,283,0.0
2026-07-05 04:30:00,4,Sunday,1,Downtown,50,Foggy,18.7,74.3,0,200,21.84
2026-07-05 04:45:00,4,Sunday,1,Highway,100,Clear,29.0,76.6,0,411,11.1
2026-07-05 05:00:00,5,Sunday,1,Downtown,50,Clear,28.3,50.0,0,50,0.0
2026-07-05 05:15:00,5,Sunday,1,Downtown,50,Clear,18.3,52.6,0,173,9.12
2026-07-05 05:30:00,5,Sunday,1,Downtown,50,Clear,32.8,89.2,0,202,7.97
2026-07-05 05:45:00,5,Sunday,1,Residential,30,Rainy,34.8,71.2,0,50,15.16
2026-07-05 06:00:00,6,Sunday,1,Arterial,70,Foggy,16.1,69.6,0,948,35.16
2026-07-05 06:15:00,6,Sunday,1,Residential,30,Clear,20.5,63.8,0,258,10.88
2026-07-05 06:30:00,6,Sunday,1,Arterial,70,Clear,28.2,56.0,0,786,14.91
2026-07-05 06:45:00,6,Sunday,1,Arterial,70,Foggy,30.5,75.0,0,983,38.74
2026-07-05 07:00:00,7,Sunday,1,Arterial,70,Foggy,20.5,52.1,0,952,34.88
2026-07-05 07:15:00,7,Sunday,1,Highway,100,Clear,20.6,85.7,0,1594,23.07
2026-07-05 07:30:00,7,Sunday,1,Arterial,70,Clear,31.3,45.3,0,744,14.9
2026-07-05 07:45:00,7,Sunday,1,Arterial,70,Clear,29.8,51.7,0,876,16.72
2026-07-05 08:00:00,8,Sunday,1,Highway,100,Heavy Rain,29.3,81.3,0,1222,43.0
2026-07-05 08:15:00,8,Sunday,1,Arterial,70,Heavy Rain,17.1,68.1,0,732,43.76
2026-07-05 08:30:00,8,Sunday,1,Highway,100,Clear,30.4,45.3,0,1450,20.3
2026-07-05 08:45:00,8,Sunday,1,Downtown,50,Clear,26.9,46.6,0,903,26.48
2026-07-05 09:00:00,9,Sunday,1,Highway,100,Clear,31.0,76.3,0,1250,10.74
2026-07-05 09:15:00,9,Sunday,1,Highway,100,Clear,17.3,46.4,0,1252,21.65
2026-07-05 09:30:00,9,Sunday,1,Downtown,50,Foggy,29.8,63.1,1,581,65.87
2026-07-05 09:45:00,9,Sunday,1,Residential,30,Clear,26.0,55.5,0,164,8.5
2026-07-05 10:00:00,10,Sunday,1,Arterial,70,Rainy,20.3,59.2,0,908,31.62
2026-07-05 10:15:00,10,Sunday,1,Residential,30,Clear,16.5,46.0,0,407,18.6
2026-07-05 10:30:00,10,Sunday,1,Arterial,70,Heavy Rain,15.8,86.3,0,829,37.92
2026-07-05 10:45:00,10,Sunday,1,Arterial,70,Rainy,34.5,70.3,0,867,26.22
2026-07-05 11:00:00,11,Sunday,1,Arterial,70,Foggy,22.8,74.0,0,753,28.08
2026-07-05 11:15:00,11,Sunday,1,Arterial,70,Clear,16.0,81.8,0,852,14.0
2026-07-05 11:30:00,11,Sunday,1,Arterial,70,Clear,26.5,54.4,0,587,11.21
2026-07-05 11:45:00,11,Sunday,1,Downtown,50,Rainy,22.9,82.4,0,522,24.44
2026-07-05 12:00:00,12,Sunday,1,Residential,30,Clear,16.0,56.4,0,375,18.99
2026-07-05 12:15:00,12,Sunday,1,Residential,30,Clear,16.2,70.2,1,270,47.28
2026-07-05 12:30:00,12,Sunday,1,Highway,100,Clear,21.8,42.2,0,1507,19.59
2026-07-05 12:45:00,12,Sunday,1,Highway,100,Clear,26.7,84.4,0,1282,16.87
2026-07-05 13:00:00,13,Sunday,1,Highway,100,Clear,28.2,62.2,0,1088,7.39
2026-07-05 13:15:00,13,Sunday,1,Residential,30,Clear,20.6,66.9,0,415,19.35
2026-07-05 13:30:00,13,Sunday,1,Downtown,50,Clear,19.3,62.5,0,773,24.75
2026-07-05 13:45:00,13,Sunday,1,Highway,100,Clear,18.1,42.7,0,1402,13.47
2026-07-05 14:00:00,14,Sunday,1,Arterial,70,Clear,24.4,53.9,1,855,45.29
2026-07-05 14:15:00,14,Sunday,1,Highway,100,Clear,23.6,77.1,0,1056,14.77
2026-07-05 14:30:00,14,Sunday,1,Arterial,70,Foggy,32.1,65.8,0,908,33.56
2026-07-05 14:45:00,14,Sunday,1,Arterial,70,Heavy Rain,22.4,57.6,0,960,48.64
2026-07-05 15:00:00,15,Sunday,1,Arterial,70,Rainy,32.2,64.3,0,1126,37.6
2026-07-05 15:15:00,15,Sunday,1,Residential,30,Clear,19.2,62.8,0,461,20.94
2026-07-05 15:30:00,15,Sunday,1,Downtown,50,Foggy,18.3,85.0,0,710,33.19
2026-07-05 15:45:00,15,Sunday,1,Residential,30,Clear,26.6,85.8,0,298,20.32
2026-07-05 16:00:00,16,Sunday,1,Arterial,70,Clear,16.1,77.7,0,844,10.13
2026-07-05 16:15:00,16,Sunday,1,Arterial,70,Clear,31.6,86.7,0,962,18.4
2026-07-05 16:30:00,16,Sunday,1,Residential,30,Clear,20.7,44.9,0,360,18.28
2026-07-05 16:45:00,16,Sunday,1,Downtown,50,Clear,17.9,63.2,1,804,52.3
2026-07-05 17:00:00,17,Sunday,1,Highway,100,Clear,27.0,83.0,0,1191,13.15
2026-07-05 17:15:00,17,Sunday,1,Residential,30,Clear,15.7,66.7,0,441,20.25
2026-07-05 17:30:00,17,Sunday,1,Downtown,50,Clear,33.6,73.4,0,591,18.39
2026-07-05 17:45:00,17,Sunday,1,Highway,100,Rainy,31.5,76.4,0,1115,23.57
2026-07-05 18:00:00,18,Sunday,1,Highway,100,Clear,27.5,84.1,1,1243,54.83
2026-07-05 18:15:00,18,Sunday,1,Downtown,50,Rainy,24.3,79.3,0,764,22.31
2026-07-05 18:30:00,18,Sunday,1,Downtown,50,Rainy,22.1,68.6,0,770,26.45
2026-07-05 18:45:00,18,Sunday,1,Arterial,70,Clear,21.9,80.3,0,439,6.38
2026-07-05 19:00:00,19,Sunday,1,Arterial,70,Clear,25.5,40.6,0,990,15.23
2026-07-05 19:15:00,19,Sunday,1,Downtown,50,Clear,15.1,52.6,0,851,21.51
2026-07-05 19:30:00,19,Sunday,1,Arterial,70,Clear,33.9,87.3,0,885,20.54
2026-07-05 19:45:00,19,Sunday,1,Residential,30,Clear,30.5,78.4,0,271,14.76
2026-07-05 20:00:00,20,Sunday,1,Highway,100,Clear,33.9,65.0,0,1145,15.43
2026-07-05 20:15:00,20,Sunday,1,Arterial,70,Rainy,34.4,48.4,0,813,26.37
2026-07-05 20:30:00,20,Sunday,1,Arterial,70,Clear,19.6,51.4,0,831,16.29
2026-07-05 20:45:00,20,Sunday,1,Downtown,50,Clear,33.6,73.6,0,714,14.56
2026-07-05 21:00:00,21,Sunday,1,Arterial,70,Clear,20.2,69.0,0,848,14.63
2026-07-05 21:15:00,21,Sunday,1,Highway,100,Clear,27.5,55.5,0,1425,14.09
2026-07-05 21:30:00,21,Sunday,1,Arterial,70,Heavy Rain,22.0,77.0,0,1194,52.09
2026-07-05 21:45:00,21,Sunday,1,Arterial,70,Clear,20.6,40.3,0,961,20.44
2026-07-05 22:00:00,22,Sunday,1,Highway,100,Clear,15.7,51.9,0,1105,15.34
2026-07-05 22:15:00,22,Sunday,1,Highway,100,Rainy,19.2,56.7,0,1080,32.66
2026-07-05 22:30:00,22,Sunday,1,Residential,30,Clear,29.8,48.0,0,335,18.45
2026-07-05 22:45:00,22,Sunday,1,Downtown,50,Rainy,17.7,75.3,0,545,25.32
2026-07-05 23:00:00,23,Sunday,1,Highway,100,Clear,17.1,65.7,0,321,0.0
2026-07-05 23:15:00,23,Sunday,1,Arterial,70,Clear,29.1,42.4,0,225,2.26
2026-07-05 23:30:00,23,Sunday,1,Highway,100,Rainy,19.5,87.0,0,536,17.92
2026-07-05 23:45:00,23,Sunday,1,Downtown,50,Clear,33.7,61.1,0,330,6.35
2026-07-06 00:00:00,0,Monday,0,Highway,100,Clear,28.6,50.6,0,489,2.65
2026-07-06 00:15:00,0,Monday,0,Residential,30,Rainy,31.6,67.2,0,115,14.47
2026-07-06 00:30:00,0,Monday,0,Arterial,70,Clear,24.3,73.3,0,315,8.37
2026-07-06 00:45:00,0,Monday,0,Downtown,50,Heavy Rain,20.9,72.2,0,365,37.43
2026-07-06 01:00:00,1,Monday,0,Arterial,70,Clear,16.1,89.3,0,287,7.7
2026-07-06 01:15:00,1,Monday,0,Highway,100,Clear,32.3,59.8,0,120,6.19
2026-07-06 01:30:00,1,Monday,0,Downtown,50,Clear,28.9,82.7,0,116,0.0
2026-07-06 01:45:00,1,Monday,0,Residential,30,Clear,22.6,72.7,0,365,17.21
2026-07-06 02:00:00,2,Monday,0,Highway,100,Rainy,29.1,58.0,0,342,18.76
2026-07-06 02:15:00,2,Monday,0,Downtown,50,Clear,23.3,80.9,0,50,2.54
2026-07-06 02:30:00,2,Monday,0,Arterial,70,Foggy,26.3,85.1,0,220,20.74
2026-07-06 02:45:00,2,Monday,0,Downtown,50,Clear,15.5,63.8,0,102,5.16
2026-07-06 03:00:00,3,Monday,0,Highway,100,Clear,21.1,70.0,0,222,0.0
2026-07-06 03:15:00,3,Monday,0,Arterial,70,Heavy Rain,19.7,80.9,0,334,37.65
2026-07-06 03:30:00,3,Monday,0,Arterial,70,Clear,20.1,41.8,0,322,8.56
2026-07-06 03:45:00,3,Monday,0,Highway,100,Clear,23.5,78.0,0,376,2.11
2026-07-06 04:00:00,4,Monday,0,Downtown,50,Rainy,18.0,66.3,0,111,9.16
2026-07-06 04:15:00,4,Monday,0,Downtown,50,Clear,32.2,55.6,0,170,3.38
2026-07-06 04:30:00,4,Monday,0,Highway,100,Rainy,19.3,86.7,0,79,8.74
2026-07-06 04:45:00,4,Monday,0,Downtown,50,Clear,17.6,84.0,0,206,2.3
2026-07-06 05:00:00,5,Monday,0,Downtown,50,Clear,31.0,73.5,0,260,5.65
2026-07-06 05:15:00,5,Monday,0,Highway,100,Clear,21.2,77.2,0,130,0.0
2026-07-06 05:30:00,5,Monday,0,Downtown,50,Rainy,19.0,49.3,1,50,52.39
2026-07-06 05:45:00,5,Monday,0,Downtown,50,Clear,19.8,50.3,0,235,4.7
2026-07-06 06:00:00,6,Monday,0,Highway,100,Clear,19.3,70.3,0,1282,13.52
2026-07-06 06:15:00,6,Monday,0,Downtown,50,Rainy,27.7,65.0,0,870,34.81
2026-07-06 06:30:00,6,Monday,0,Downtown,50,Clear,18.1,50.5,0,714,16.82
2026-07-06 06:45:00,6,Monday,0,Arterial,70,Clear,17.2,84.9,0,860,15.6
2026-07-06 07:00:00,7,Monday,0,Arterial,70,Clear,29.8,70.7,0,813,13.86
2026-07-06 07:15:00,7,Monday,0,Arterial,70,Clear,25.0,54.2,0,1004,16.71
2026-07-06 07:30:00,7,Monday,0,Downtown,50,Rainy,19.2,56.3,0,662,25.5
2026-07-06 07:45:00,7,Monday,0,Highway,100,Clear,35.0,45.0,0,1301,14.1
2026-07-06 08:00:00,8,Monday,0,Downtown,50,Foggy,17.3,55.8,0,1496,73.46
2026-07-06 08:15:00,8,Monday,0,Downtown,50,Rainy,25.7,84.2,0,1427,65.72
2026-07-06 08:30:00,8,Monday,0,Highway,100,Clear,17.5,70.5,0,2626,52.35
2026-07-06 08:45:00,8,Monday,0,Downtown,50,Foggy,26.7,79.0,0,1296,66.16
2026-07-06 09:00:00,9,Monday,0,Arterial,70,Clear,20.9,63.7,0,1667,50.38
2026-07-06 09:15:00,9,Monday,0,Downtown,50,Rainy,25.9,63.7,0,1353,63.74
2026-07-06 09:30:00,9,Monday,0,Downtown,50,Clear,30.8,75.2,0,1052,47.51
2026-07-06 09:45:00,9,Monday,0,Arterial,70,Clear,34.6,80.6,0,1654,52.22
2026-07-06 10:00:00,10,Monday,0,Arterial,70,Clear,25.0,85.2,0,1707,53.67
2026-07-06 10:15:00,10,Monday,0,Arterial,70,Clear,30.7,44.7,0,1775,56.71
2026-07-06 10:30:00,10,Monday,0,Residential,30,Clear,16.9,48.3,0,595,50.67
2026-07-06 10:45:00,10,Monday,0,Arterial,70,Clear,24.9,66.8,0,1663,59.44
2026-07-06 11:00:00,11,Monday,0,Downtown,50,Rainy,19.6,42.4,0,694,28.95
2026-07-06 11:15:00,11,Monday,0,Highway,100,Clear,20.7,56.4,0,1106,16.59
2026-07-06 11:30:00,11,Monday,0,Highway,100,Clear,32.1,64.9,1,1045,48.28
2026-07-06 11:45:00,11,Monday,0,Highway,100,Rainy,25.7,70.2,0,1278,32.34
2026-07-06 12:00:00,12,Monday,0,Arterial,70,Clear,27.2,47.5,0,694,9.15
2026-07-06 12:15:00,12,Monday,0,Highway,100,Clear,18.2,58.7,0,1213,11.27
2026-07-06 12:30:00,12,Monday,0,Arterial,70,Rainy,16.0,49.8,0,842,28.32
2026-07-06 12:45:00,12,Monday,0,Highway,100,Clear,18.4,46.2,0,1537,19.18
2026-07-06 13:00:00,13,Monday,0,Arterial,70,Clear,20.2,55.4,0,882,13.57
2026-07-06 13:15:00,13,Monday,0,Residential,30,Clear,32.9,44.0,0,483,28.17
2026-07-06 13:30:00,13,Monday,0,Highway,100,Rainy,34.5,49.1,0,1345,29.26
2026-07-06 13:45:00,13,Monday,0,Highway,100,Rainy,16.2,84.2,0,1120,24.68
2026-07-06 14:00:00,14,Monday,0,Downtown,50,Clear,22.2,62.2,0,620,13.31
2026-07-06 14:15:00,14,Monday,0,Residential,30,Clear,22.0,50.2,0,421,15.45
2026-07-06 14:30:00,14,Monday,0,Residential,30,Clear,31.6,60.5,0,525,21.0
2026-07-06 14:45:00,14,Monday,0,Highway,100,Clear,34.0,40.8,0,1215,11.91
2026-07-06 15:00:00,15,Monday,0,Downtown,50,Clear,32.3,64.9,0,551,16.34
2026-07-06 15:15:00,15,Monday,0,Arterial,70,Rainy,21.2,50.0,0,838,32.08
2026-07-06 15:30:00,15,Monday,0,Arterial,70,Rainy,25.2,60.9,1,874,60.29
2026-07-06 15:45:00,15,Monday,0,Residential,30,Rainy,32.6,56.8,0,311,29.33
2026-07-06 16:00:00,16,Monday,0,Downtown,50,Clear,30.1,67.4,0,931,21.0
2026-07-06 16:15:00,16,Monday,0,Highway,100,Clear,25.8,51.0,0,1130,11.41
2026-07-06 16:30:00,16,Monday,0,Arterial,70,Rainy,33.6,47.1,0,1054,30.61
2026-07-06 16:45:00,16,Monday,0,Arterial,70,Rainy,25.7,87.2,0,1029,31.74
2026-07-06 17:00:00,17,Monday,0,Downtown,50,Clear,34.4,54.9,0,1753,58.84
2026-07-06 17:15:00,17,Monday,0,Downtown,50,Clear,23.8,66.7,0,1325,50.75
2026-07-06 17:30:00,17,Monday,0,Highway,100,Rainy,26.6,87.8,0,2571,66.42
2026-07-06 17:45:00,17,Monday,0,Downtown,50,Rainy,18.8,78.5,0,1681,74.17
2026-07-06 18:00:00,18,Monday,0,Downtown,50,Rainy,28.2,43.4,0,1249,65.41
2026-07-06 18:15:00,18,Monday,0,Arterial,70,Clear,23.4,89.3,0,1880,58.26
2026-07-06 18:30:00,18,Monday,0,Highway,100,Foggy,22.7,83.5,0,2468,68.58
2026-07-06 18:45:00,18,Monday,0,Arterial,70,Rainy,15.2,72.1,0,1742,68.8
2026-07-06 19:00:00,19,Monday,0,Arterial,70,Clear,27.7,47.8,0,1705,57.02
2026-07-06 19:15:00,19,Monday,0,Arterial,70,Heavy Rain,25.9,61.0,0,1642,80.47
2026-07-06 19:30:00,19,Monday,0,Downtown,50,Clear,22.5,61.2,0,1285,50.24
2026-07-06 19:45:00,19,Monday,0,Downtown,50,Rainy,24.6,52.3,0,1247,62.8
2026-07-06 20:00:00,20,Monday,0,Arterial,70,Clear,34.7,82.5,0,878,18.21
2026-07-06 20:15:00,20,Monday,0,Residential,30,Clear,24.1,77.3,0,289,10.07
2026-07-06 20:30:00,20,Monday,0,Arterial,70,Clear,21.9,65.7,0,924,19.03
2026-07-06 20:45:00,20,Monday,0,Residential,30,Clear,21.9,42.9,0,359,15.89
2026-07-06 21:00:00,21,Monday,0,Arterial,70,Foggy,23.4,80.8,0,932,30.78
2026-07-06 21:15:00,21,Monday,0,Residential,30,Clear,33.7,79.3,0,107,1.44
2026-07-06 21:30:00,21,Monday,0,Highway,100,Heavy Rain,34.2,77.4,0,1136,36.85
2026-07-06 21:45:00,21,Monday,0,Downtown,50,Clear,22.1,87.6,0,796,20.49
2026-07-06 22:00:00,22,Monday,0,Highway,100,Clear,24.8,58.4,0,1243,13.72
2026-07-06 22:15:00,22,Monday,0,Downtown,50,Clear,26.1,73.9,0,805,18.37
2026-07-06 22:30:00,22,Monday,0,Arterial,70,Clear,27.6,69.6,0,791,13.13
2026-07-06 22:45:00,22,Monday,0,Arterial,70,Clear,32.8,70.6,0,733,14.06
2026-07-06 23:00:00,23,Monday,0,Arterial,70,Rainy,18.9,44.6,0,53,10.32
2026-07-06 23:15:00,23,Monday,0,Highway,100,Clear,28.6,59.3,0,639,13.24
2026-07-06 23:30:00,23,Monday,0,Highway,100,Clear,15.5,61.6,0,291,1.43
2026-07-06 23:45:00,23,Monday,0,Highway,100,Clear,22.0,88.9,0,609,6.08
2026-07-07 00:00:00,0,Tuesday,0,Downtown,50,Foggy,32.2,79.7,1,269,55.1
2026-07-07 00:15:00,0,Tuesday,0,Residential,30,Clear,34.5,45.0,0,92,4.91
2026-07-07 00:30:00,0,Tuesday,0,Downtown,50,Clear,28.9,86.7,0,238,7.09
2026-07-07 00:45:00,0,Tuesday,0,Highway,100,Clear,31.1,80.5,0,480,3.93
2026-07-07 01:00:00,1,Tuesday,0,Arterial,70,Heavy Rain,24.6,73.8,0,223,34.03
2026-07-07 01:15:00,1,Tuesday,0,Highway,100,Clear,32.1,64.9,0,228,3.27
2026-07-07 01:30:00,1,Tuesday,0,Highway,100,Clear,27.1,75.6,0,342,6.5
2026-07-07 01:45:00,1,Tuesday,0,Downtown,50,Clear,16.2,46.2,0,117,0.0
2026-07-07 02:00:00,2,Tuesday,0,Downtown,50,Clear,26.1,60.6,0,218,3.24
2026-07-07 02:15:00,2,Tuesday,0,Downtown,50,Clear,22.7,80.8,0,200,1.41
2026-07-07 02:30:00,2,Tuesday,0,Downtown,50,Clear,29.3,42.8,0,293,4.3
2026-07-07 02:45:00,2,Tuesday,0,Residential,30,Clear,16.9,52.7,0,150,0.92
2026-07-07 03:00:00,3,Tuesday,0,Residential,30,Clear,19.4,48.3,0,171,5.67
2026-07-07 03:15:00,3,Tuesday,0,Highway,100,Heavy Rain,25.5,67.2,0,325,37.9
2026-07-07 03:30:00,3,Tuesday,0,Arterial,70,Clear,33.5,54.5,0,159,2.28
2026-07-07 03:45:00,3,Tuesday,0,Highway,100,Clear,28.9,60.3,0,252,5.01
2026-07-07 04:00:00,4,Tuesday,0,Arterial,70,Rainy,27.7,70.0,0,240,16.54
2026-07-07 04:15:00,4,Tuesday,0,Highway,100,Clear,19.8,81.9,0,500,8.02
2026-07-07 04:30:00,4,Tuesday,0,Residential,30,Rainy,18.0,82.7,0,186,21.02
2026-07-07 04:45:00,4,Tuesday,0,Highway,100,Clear,25.3,77.5,0,270,9.75
2026-07-07 05:00:00,5,Tuesday,0,Downtown,50,Rainy,18.6,74.8,0,50,11.42
2026-07-07 05:15:00,5,Tuesday,0,Highway,100,Rainy,21.6,57.9,0,588,19.39
2026-07-07 05:30:00,5,Tuesday,0,Downtown,50,Clear,28.3,76.0,0,335,11.66
2026-07-07 05:45:00,5,Tuesday,0,Highway,100,Rainy,26.3,82.4,1,450,48.16
2026-07-07 06:00:00,6,Tuesday,0,Highway,100,Rainy,17.2,60.5,0,1199,26.82
2026-07-07 06:15:00,6,Tuesday,0,Downtown,50,Heavy Rain,28.1,51.2,0,453,42.1
2026-07-07 06:30:00,6,Tuesday,0,Downtown,50,Foggy,21.8,73.0,0,584,28.46
2026-07-07 06:45:00,6,Tuesday,0,Arterial,70,Clear,31.2,43.5,0,743,13.07
2026-07-07 07:00:00,7,Tuesday,0,Arterial,70,Clear,29.4,87.7,0,771,7.44
2026-07-07 07:15:00,7,Tuesday,0,Arterial,70,Clear,32.9,56.6,0,927,15.64
2026-07-07 07:30:00,7,Tuesday,0,Downtown,50,Clear,28.6,75.2,0,868,25.4
2026-07-07 07:45:00,7,Tuesday,0,Highway,100,Rainy,24.4,61.9,0,1365,25.54
2026-07-07 08:00:00,8,Tuesday,0,Highway,100,Clear,34.7,54.6,0,2651,51.86
2026-07-07 08:15:00,8,Tuesday,0,Downtown,50,Clear,24.1,56.0,0,1371,56.39
2026-07-07 08:30:00,8,Tuesday,0,Arterial,70,Clear,19.4,51.5,0,1483,47.91
2026-07-07 08:45:00,8,Tuesday,0,Highway,100,Clear,31.3,82.6,0,2647,56.31
2026-07-07 09:00:00,9,Tuesday,0,Arterial,70,Foggy,33.1,50.4,0,1621,69.16
2026-07-07 09:15:00,9,Tuesday,0,Residential,30,Foggy,16.0,69.7,0,891,76.53
2026-07-07 09:30:00,9,Tuesday,0,Residential,30,Clear,17.4,41.7,0,604,43.82
2026-07-07 09:45:00,9,Tuesday,0,Arterial,70,Rainy,22.8,56.5,0,1627,66.52
2026-07-07 10:00:00,10,Tuesday,0,Arterial,70,Rainy,16.6,56.3,0,1622,63.32
2026-07-07 10:15:00,10,Tuesday,0,Arterial,70,Rainy,31.8,89.0,0,1763,65.09
2026-07-07 10:30:00,10,Tuesday,0,Arterial,70,Clear,19.1,54.0,0,1648,56.7
2026-07-07 10:45:00,10,Tuesday,0,Downtown,50,Rainy,19.3,57.0,0,1479,74.0
2026-07-07 11:00:00,11,Tuesday,0,Arterial,70,Clear,25.0,61.7,0,874,19.08
2026-07-07 11:15:00,11,Tuesday,0,Downtown,50,Clear,27.9,68.9,0,595,12.83
2026-07-07 11:30:00,11,Tuesday,0,Highway,100,Rainy,23.5,80.1,0,1156,24.07
2026-07-07 11:45:00,11,Tuesday,0,Downtown,50,Rainy,24.0,59.0,1,695,59.71
2026-07-07 12:00:00,12,Tuesday,0,Arterial,70,Clear,20.4,41.4,0,984,19.88
2026-07-07 12:15:00,12,Tuesday,0,Arterial,70,Clear,29.0,85.4,0,986,15.7
2026-07-07 12:30:00,12,Tuesday,0,Residential,30,Heavy Rain,27.8,49.7,0,338,45.27
2026-07-07 12:45:00,12,Tuesday,0,Highway,100,Foggy,17.1,76.5,0,1229,31.57
2026-07-07 13:00:00,13,Tuesday,0,Highway,100,Clear,24.5,40.2,1,1107,46.6
2026-07-07 13:15:00,13,Tuesday,0,Highway,100,Clear,35.0,54.8,0,1301,19.11
2026-07-07 13:30:00,13,Tuesday,0,Arterial,70,Foggy,30.0,51.4,0,839,36.35
2026-07-07 13:45:00,13,Tuesday,0,Downtown,50,Heavy Rain,28.8,45.1,0,512,41.62
2026-07-07 14:00:00,14,Tuesday,0,Residential,30,Clear,24.1,75.1,0,266,11.51
2026-07-07 14:15:00,14,Tuesday,0,Arterial,70,Foggy,28.7,59.1,0,1017,35.1
2026-07-07 14:30:00,14,Tuesday,0,Arterial,70,Clear,31.7,44.2,0,763,11.04
2026-07-07 14:45:00,14,Tuesday,0,Downtown,50,Clear,26.9,54.2,0,751,15.11
2026-07-07 15:00:00,15,Tuesday,0,Downtown,50,Heavy Rain,33.2,54.2,0,831,51.86
2026-07-07 15:15:00,15,Tuesday,0,Highway,100,Clear,26.7,85.6,0,1218,12.21
2026-07-07 15:30:00,15,Tuesday,0,Highway,100,Clear,30.1,79.5,0,1232,13.17
2026-07-07 15:45:00,15,Tuesday,0,Residential,30,Clear,21.4,77.3,0,325,17.07
2026-07-07 16:00:00,16,Tuesday,0,Arterial,70,Clear,33.6,78.5,0,877,15.42
2026-07-07 16:15:00,16,Tuesday,0,Arterial,70,Clear,16.2,73.9,0,887,18.67
2026-07-07 16:30:00,16,Tuesday,0,Highway,100,Rainy,18.8,61.1,0,1244,30.9
2026-07-07 16:45:00,16,Tuesday,0,Downtown,50,Rainy,23.3,65.0,0,609,28.27
2026-07-07 17:00:00,17,Tuesday,0,Residential,30,Clear,33.3,56.2,0,901,62.02
2026-07-07 17:15:00,17,Tuesday,0,Highway,100,Clear,17.0,83.3,0,2630,56.88
2026-07-07 17:30:00,17,Tuesday,0,Residential,30,Clear,32.9,49.9,0,694,48.97
2026-07-07 17:45:00,17,Tuesday,0,Arterial,70,Foggy,22.2,86.8,0,1550,70.14
2026-07-07 18:00:00,18,Tuesday,0,Highway,100,Clear,29.5,42.0,0,2425,52.99
2026-07-07 18:15:00,18,Tuesday,0,Arterial,70,Rainy,16.1,78.0,0,1622,66.41
2026-07-07 18:30:00,18,Tuesday,0,Downtown,50,Clear,23.1,50.0,0,1443,51.84
2026-07-07 18:45:00,18,Tuesday,0,Downtown,50,Foggy,34.0,72.9,0,1425,65.68
2026-07-07 19:00:00,19,Tuesday,0,Arterial,70,Clear,34.2,84.3,0,1769,53.94
2026-07-07 19:15:00,19,Tuesday,0,Downtown,50,Clear,29.6,73.6,0,1426,53.89
2026-07-07 19:30:00,19,Tuesday,0,Downtown,50,Clear,29.1,77.1,0,1438,51.39
2026-07-07 19:45:00,19,Tuesday,0,Downtown,50,Clear,24.5,84.5,0,1269,50.81
2026-07-07 20:00:00,20,Tuesday,0,Highway,100,Clear,34.1,78.2,1,1265,50.62
2026-07-07 20:15:00,20,Tuesday,0,Highway,100,Rainy,22.6,44.8,0,1370,25.51
2026-07-07 20:30:00,20,Tuesday,0,Downtown,50,Rainy,34.8,59.3,0,740,32.77
2026-07-07 20:45:00,20,Tuesday,0,Highway,100,Rainy,16.0,48.5,0,1249,25.81
2026-07-07 21:00:00,21,Tuesday,0,Highway,100,Clear,28.2,51.3,0,1052,11.05
2026-07-07 21:15:00,21,Tuesday,0,Arterial,70,Clear,28.4,70.8,0,506,14.96
2026-07-07 21:30:00,21,Tuesday,0,Highway,100,Rainy,17.8,64.6,0,1335,29.57
2026-07-07 21:45:00,21,Tuesday,0,Residential,30,Clear,20.2,80.6,0,564,24.44
2026-07-07 22:00:00,22,Tuesday,0,Downtown,50,Heavy Rain,26.7,63.3,0,753,48.77
2026-07-07 22:15:00,22,Tuesday,0,Downtown,50,Heavy Rain,27.4,59.0,0,900,47.78
2026-07-07 22:30:00,22,Tuesday,0,Arterial,70,Rainy,24.0,89.2,0,822,25.0
2026-07-07 22:45:00,22,Tuesday,0,Arterial,70,Clear,19.8,73.6,0,990,20.53
2026-07-07 23:00:00,23,Tuesday,0,Downtown,50,Clear,26.4,62.5,0,159,6.09
2026-07-07 23:15:00,23,Tuesday,0,Highway,100,Clear,22.3,68.2,0,505,2.71
2026-07-07 23:30:00,23,Tuesday,0,Residential,30,Rainy,18.2,69.0,0,57,17.22
2026-07-07 23:45:00,23,Tuesday,0,Arterial,70,Clear,25.5,76.0,0,118,2.75
2026-07-08 00:00:00,0,Wednesday,0,Arterial,70,Rainy,18.1,55.4,0,156,15.72
2026-07-08 00:15:00,0,Wednesday,0,Arterial,70,Clear,20.0,63.0,0,308,7.3
2026-07-08 00:30:00,0,Wednesday,0,Residential,30,Clear,32.5,87.9,0,50,2.17
2026-07-08 00:45:00,0,Wednesday,0,Downtown,50,Clear,19.1,79.9,0,126,3.55
2026-07-08 01:00:00,1,Wednesday,0,Highway,100,Rainy,20.6,65.6,0,511,20.23
2026-07-08 01:15:00,1,Wednesday,0,Arterial,70,Clear,23.7,78.6,0,164,1.53
2026-07-08 01:30:00,1,Wednesday,0,Residential,30,Clear,29.7,42.3,0,66,4.68
2026-07-08 01:45:00,1,Wednesday,0,Highway,100,Clear,21.0,60.9,0,289,0.1
2026-07-08 02:00:00,2,Wednesday,0,Downtown,50,Clear,21.5,73.2,0,50,2.68
2026-07-08 02:15:00,2,Wednesday,0,Highway,100,Rainy,31.5,74.9,0,508,19.4
2026-07-08 02:30:00,2,Wednesday,0,Arterial,70,Clear,26.8,81.3,0,444,11.88
2026-07-08 02:45:00,2,Wednesday,0,Downtown,50,Rainy,27.6,46.5,0,181,16.23
2026-07-08 03:00:00,3,Wednesday,0,Downtown,50,Rainy,19.8,69.9,0,168,10.77
2026-07-08 03:15:00,3,Wednesday,0,Residential,30,Clear,27.6,41.8,0,50,0.28
2026-07-08 03:30:00,3,Wednesday,0,Downtown,50,Clear,19.9,61.5,0,50,3.94
2026-07-08 03:45:00,3,Wednesday,0,Arterial,70,Foggy,32.7,81.4,0,469,29.62
2026-07-08 04:00:00,4,Wednesday,0,Arterial,70,Rainy,26.0,45.6,0,321,19.74
2026-07-08 04:15:00,4,Wednesday,0,Highway,100,Clear,20.9,65.4,0,218,1.48
2026-07-08 04:30:00,4,Wednesday,0,Highway,100,Rainy,32.1,41.1,0,484,20.81
2026-07-08 04:45:00,4,Wednesday,0,Downtown,50,Clear,32.2,48.3,0,236,4.23
2026-07-08 05:00:00,5,Wednesday,0,Highway,100,Clear,27.5,43.9,0,427,10.77
2026-07-08 05:15:00,5,Wednesday,0,Highway,100,Clear,31.2,65.1,0,172,1.33
2026-07-08 05:30:00,5,Wednesday,0,Residential,30,Clear,17.6,60.3,0,74,4.17
2026-07-08 05:45:00,5,Wednesday,0,Arterial,70,Rainy,19.2,69.6,0,396,22.42
2026-07-08 06:00:00,6,Wednesday,0,Downtown,50,Heavy Rain,21.9,83.9,0,688,43.5
2026-07-08 06:15:00,6,Wednesday,0,Downtown,50,Clear,31.9,72.3,0,785,19.11
2026-07-08 06:30:00,6,Wednesday,0,Downtown,50,Clear,32.2,76.6,0,671,9.1
2026-07-08 06:45:00,6,Wednesday,0,Residential,30,Clear,17.0,83.2,0,318,16.13
2026-07-08 07:00:00,7,Wednesday,0,Arterial,70,Clear,33.0,77.5,0,723,15.39
2026-07-08 07:15:00,7,Wednesday,0,Arterial,70,Clear,27.1,86.3,0,1031,17.89
2026-07-08 07:30:00,7,Wednesday,0,Highway,100,Clear,15.5,88.6,0,1386,18.44
2026-07-08 07:45:00,7,Wednesday,0,Highway,100,Clear,28.4,45.3,0,1086,12.83
2026-07-08 08:00:00,8,Wednesday,0,Arterial,70,Heavy Rain,20.8,50.7,0,1824,87.29
2026-07-08 08:15:00,8,Wednesday,0,Downtown,50,Clear,22.9,78.7,0,1331,52.64
2026-07-08 08:30:00,8,Wednesday,0,Arterial,70,Clear,30.0,43.2,0,1551,44.23
2026-07-08 08:45:00,8,Wednesday,0,Arterial,70,Clear,29.3,58.5,0,1559,47.46
2026-07-08 09:00:00,9,Wednesday,0,Downtown,50,Clear,29.5,68.0,0,1344,43.82
2026-07-08 09:15:00,9,Wednesday,0,Downtown,50,Clear,22.7,71.2,0,1643,55.46
2026-07-08 09:30:00,9,Wednesday,0,Residential,30,Foggy,20.6,65.4,0,792,73.82
2026-07-08 09:45:00,9,Wednesday,0,Highway,100,Clear,33.9,81.2,0,2567,56.15
2026-07-08 10:00:00,10,Wednesday,0,Highway,100,Clear,23.9,55.6,0,2435,52.57
2026-07-08 10:15:00,10,Wednesday,0,Highway,100,Clear,32.7,72.4,0,2782,57.42
2026-07-08 10:30:00,10,Wednesday,0,Downtown,50,Clear,33.8,88.8,1,1460,90.77
2026-07-08 10:45:00,10,Wednesday,0,Arterial,70,Foggy,33.2,85.2,0,1543,68.29
2026-07-08 11:00:00,11,Wednesday,0,Arterial,70,Rainy,19.7,63.9,0,917,29.83
2026-07-08 11:15:00,11,Wednesday,0,Downtown,50,Rainy,26.6,81.7,0,829,34.49
2026-07-08 11:30:00,11,Wednesday,0,Arterial,70,Clear,26.1,46.0,0,1068,13.57
2026-07-08 11:45:00,11,Wednesday,0,Downtown,50,Heavy Rain,28.0,84.2,0,624,42.74
2026-07-08 12:00:00,12,Wednesday,0,Highway,100,Clear,22.9,79.9,0,1221,12.23
2026-07-08 12:15:00,12,Wednesday,0,Downtown,50,Clear,20.3,80.7,1,715,55.87
2026-07-08 12:30:00,12,Wednesday,0,Arterial,70,Clear,24.3,65.1,0,867,17.52
2026-07-08 12:45:00,12,Wednesday,0,Downtown,50,Foggy,20.7,44.1,0,708,31.74
2026-07-08 13:00:00,13,Wednesday,0,Highway,100,Foggy,24.0,84.9,0,1326,34.33
2026-07-08 13:15:00,13,Wednesday,0,Highway,100,Clear,22.8,78.7,0,1473,16.91
2026-07-08 13:30:00,13,Wednesday,0,Arterial,70,Clear,29.1,65.2,0,926,18.12
2026-07-08 13:45:00,13,Wednesday,0,Highway,100,Clear,29.6,43.5,0,1433,17.56
2026-07-08 14:00:00,14,Wednesday,0,Highway,100,Rainy,28.1,56.6,0,1542,31.44
2026-07-08 14:15:00,14,Wednesday,0,Highway,100,Clear,15.3,56.2,0,1247,13.7
2026-07-08 14:30:00,14,Wednesday,0,Highway,100,Clear,21.5,59.7,0,1249,8.26
2026-07-08 14:45:00,14,Wednesday,0,Highway,100,Clear,33.0,44.1,1,1293,48.36
2026-07-08 15:00:00,15,Wednesday,0,Residential,30,Clear,23.5,79.0,0,287,13.75
2026-07-08 15:15:00,15,Wednesday,0,Highway,100,Clear,33.1,49.0,0,1047,16.25
2026-07-08 15:30:00,15,Wednesday,0,Arterial,70,Clear,30.0,70.1,0,880,13.1
2026-07-08 15:45:00,15,Wednesday,0,Downtown,50,Clear,15.5,50.7,0,654,14.36
2026-07-08 16:00:00,16,Wednesday,0,Arterial,70,Clear,33.4,44.0,0,987,17.46
2026-07-08 16:15:00,16,Wednesday,0,Arterial,70,Clear,33.9,44.1,0,993,19.44
2026-07-08 16:30:00,16,Wednesday,0,Residential,30,Rainy,20.6,75.0,0,444,33.52
2026-07-08 16:45:00,16,Wednesday,0,Highway,100,Clear,27.8,87.7,0,1288,18.07
2026-07-08 17:00:00,17,Wednesday,0,Arterial,70,Rainy,24.8,47.1,0,1832,65.6
2026-07-08 17:15:00,17,Wednesday,0,Highway,100,Clear,31.3,47.8,1,2527,86.6
2026-07-08 17:30:00,17,Wednesday,0,Residential,30,Foggy,19.6,47.2,0,697,69.91
2026-07-08 17:45:00,17,Wednesday,0,Downtown,50,Clear,18.8,64.4,0,1576,60.15
2026-07-08 18:00:00,18,Wednesday,0,Arterial,70,Clear,20.1,66.7,0,1897,59.03
2026-07-08 18:15:00,18,Wednesday,0,Downtown,50,Clear,30.0,73.6,0,1420,52.73
2026-07-08 18:30:00,18,Wednesday,0,Arterial,70,Clear,15.9,48.0,1,1705,94.55
2026-07-08 18:45:00,18,Wednesday,0,Residential,30,Clear,29.5,54.1,0,665,49.03
2026-07-08 19:00:00,19,Wednesday,0,Highway,100,Clear,16.5,59.4,0,2652,54.26
2026-07-08 19:15:00,19,Wednesday,0,Downtown,50,Clear,19.7,86.1,0,1516,60.97
2026-07-08 19:30:00,19,Wednesday,0,Arterial,70,Clear,23.6,83.6,0,1661,54.53
2026-07-08 19:45:00,19,Wednesday,0,Arterial,70,Clear,33.9,56.5,0,1687,56.64
2026-07-08 20:00:00,20,Wednesday,0,Arterial,70,Clear,25.0,85.9,0,938,12.21
2026-07-08 20:15:00,20,Wednesday,0,Highway,100,Clear,25.5,79.2,0,1273,20.61
2026-07-08 20:30:00,20,Wednesday,0,Arterial,70,Heavy Rain,18.2,67.1,0,1150,53.86
2026-07-08 20:45:00,20,Wednesday,0,Highway,100,Rainy,27.7,78.5,0,1378,25.41
2026-07-08 21:00:00,21,Wednesday,0,Highway,100,Rainy,16.2,56.7,0,1337,32.55
2026-07-08 21:15:00,21,Wednesday,0,Residential,30,Rainy,25.4,89.0,0,167,24.68
2026-07-08 21:30:00,21,Wednesday,0,Residential,30,Clear,15.2,49.8,0,463,19.47
2026-07-08 21:45:00,21,Wednesday,0,Downtown,50,Clear,30.8,65.2,0,812,17.4
2026-07-08 22:00:00,22,Wednesday,0,Arterial,70,Clear,21.1,75.8,0,828,15.45
2026-07-08 22:15:00,22,Wednesday,0,Downtown,50,Rainy,22.3,82.1,1,742,59.77
2026-07-08 22:30:00,22,Wednesday,0,Highway,100,Rainy,23.3,49.7,0,1247,28.0
2026-07-08 22:45:00,22,Wednesday,0,Highway,100,Clear,27.5,79.7,0,1419,18.99
2026-07-08 23:00:00,23,Wednesday,0,Arterial,70,Clear,25.3,84.0,0,167,2.02
2026-07-08 23:15:00,23,Wednesday,0,Downtown,50,Clear,22.0,89.1,0,161,5.84
2026-07-08 23:30:00,23,Wednesday,0,Highway,100,Clear,25.2,45.4,0,307,7.33
2026-07-08 23:45:00,23,Wednesday,0,Arterial,70,Clear,33.5,42.4,0,300,4.78
2026-07-09 00:00:00,0,Thursday,0,Highway,100,Clear,23.1,84.4,0,250,4.24
2026-07-09 00:15:00,0,Thursday,0,Residential,30,Clear,27.5,61.7,0,157,3.18
2026-07-09 00:30:00,0,Thursday,0,Residential,30,Clear,32.7,47.4,0,50,0.0
2026-07-09 00:45:00,0,Thursday,0,Arterial,70,Rainy,29.4,64.0,0,330,12.34
2026-07-09 01:00:00,1,Thursday,0,Arterial,70,Rainy,29.3,51.8,0,274,15.68
2026-07-09 01:15:00,1,Thursday,0,Arterial,70,Clear,28.8,41.8,0,366,8.0
2026-07-09 01:30:00,1,Thursday,0,Arterial,70,Clear,25.4,71.1,0,247,7.85
2026-07-09 01:45:00,1,Thursday,0,Highway,100,Clear,24.0,74.9,0,314,4.04
2026-07-09 02:00:00,2,Thursday,0,Residential,30,Rainy,18.9,86.7,0,211,23.27
2026-07-09 02:15:00,2,Thursday,0,Downtown,50,Foggy,32.3,89.7,0,318,20.99
2026-07-09 02:30:00,2,Thursday,0,Downtown,50,Clear,16.5,82.1,1,50,34.7
2026-07-09 02:45:00,2,Thursday,0,Highway,100,Clear,29.0,85.6,0,580,8.82
2026-07-09 03:00:00,3,Thursday,0,Highway,100,Clear,29.3,81.9,0,258,6.42
2026-07-09 03:15:00,3,Thursday,0,Highway,100,Clear,22.2,41.8,0,514,10.47
2026-07-09 03:30:00,3,Thursday,0,Highway,100,Clear,26.4,55.9,0,276,2.17
2026-07-09 03:45:00,3,Thursday,0,Highway,100,Heavy Rain,22.5,66.4,0,383,33.37
2026-07-09 04:00:00,4,Thursday,0,Arterial,70,Clear,30.1,54.8,0,159,0.0
2026-07-09 04:15:00,4,Thursday,0,Highway,100,Clear,29.8,65.7,0,570,5.69
2026-07-09 04:30:00,4,Thursday,0,Highway,100,Clear,22.4,49.7,0,161,3.93
2026-07-09 04:45:00,4,Thursday,0,Downtown,50,Clear,17.6,51.9,0,127,1.11
2026-07-09 05:00:00,5,Thursday,0,Downtown,50,Rainy,29.3,72.3,0,50,9.5
2026-07-09 05:15:00,5,Thursday,0,Arterial,70,Clear,18.0,65.5,0,181,3.08
2026-07-09 05:30:00,5,Thursday,0,Downtown,50,Clear,19.9,56.2,0,241,9.2
2026-07-09 05:45:00,5,Thursday,0,Arterial,70,Clear,17.5,86.7,0,293,5.4
2026-07-09 06:00:00,6,Thursday,0,Downtown,50,Clear,29.4,64.3,0,752,22.61
2026-07-09 06:15:00,6,Thursday,0,Highway,100,Clear,27.7,47.2,0,1132,15.05
2026-07-09 06:30:00,6,Thursday,0,Residential,30,Clear,17.1,45.8,0,187,13.58
2026-07-09 06:45:00,6,Thursday,0,Highway,100,Rainy,16.4,54.0,0,1185,24.5
2026-07-09 07:00:00,7,Thursday,0,Downtown,50,Clear,30.6,73.8,0,444,15.45
2026-07-09 07:15:00,7,Thursday,0,Highway,100,Foggy,26.4,84.0,0,1288,33.5
2026-07-09 07:30:00,7,Thursday,0,Residential,30,Clear,17.1,46.8,0,618,27.69
2026-07-09 07:45:00,7,Thursday,0,Arterial,70,Clear,19.4,78.5,0,671,9.43
2026-07-09 08:00:00,8,Thursday,0,Highway,100,Clear,27.5,65.7,0,2521,57.73
2026-07-09 08:15:00,8,Thursday,0,Arterial,70,Clear,31.4,68.8,0,1566,57.28
2026-07-09 08:30:00,8,Thursday,0,Downtown,50,Foggy,27.0,76.6,0,1587,77.17
2026-07-09 08:45:00,8,Thursday,0,Arterial,70,Clear,33.0,49.9,0,1790,57.54
2026-07-09 09:00:00,9,Thursday,0,Residential,30,Clear,31.7,75.0,0,619,51.78
2026-07-09 09:15:00,9,Thursday,0,Highway,100,Clear,21.3,56.1,0,2707,55.71
2026-07-09 09:30:00,9,Thursday,0,Residential,30,Rainy,23.3,76.5,0,718,65.45
2026-07-09 09:45:00,9,Thursday,0,Downtown,50,Rainy,27.3,47.8,0,1541,70.49
2026-07-09 10:00:00,10,Thursday,0,Downtown,50,Clear,16.5,48.8,0,1369,48.32
2026-07-09 10:15:00,10,Thursday,0,Residential,30,Foggy,29.4,41.2,0,606,68.7
2026-07-09 10:30:00,10,Thursday,0,Downtown,50,Foggy,22.1,75.3,0,1455,70.74
2026-07-09 10:45:00,10,Thursday,0,Downtown,50,Clear,24.5,73.7,0,1478,58.54
2026-07-09 11:00:00,11,Thursday,0,Arterial,70,Clear,18.3,81.0,0,708,19.56
2026-07-09 11:15:00,11,Thursday,0,Highway,100,Clear,23.4,64.3,0,1265,13.01
2026-07-09 11:30:00,11,Thursday,0,Arterial,70,Heavy Rain,32.2,61.9,1,687,76.17
2026-07-09 11:45:00,11,Thursday,0,Arterial,70,Clear,27.7,86.9,0,727,10.62
2026-07-09 12:00:00,12,Thursday,0,Highway,100,Clear,16.9,65.0,0,1107,11.1
2026-07-09 12:15:00,12,Thursday,0,Highway,100,Clear,21.0,71.7,0,1456,17.49
2026-07-09 12:30:00,12,Thursday,0,Highway,100,Foggy,18.1,49.6,0,1321,29.1
2026-07-09 12:45:00,12,Thursday,0,Residential,30,Rainy,22.6,68.8,0,416,33.19
2026-07-09 13:00:00,13,Thursday,0,Arterial,70,Rainy,29.9,46.7,0,940,31.16
2026-07-09 13:15:00,13,Thursday,0,Arterial,70,Heavy Rain,19.3,60.8,0,818,44.55
2026-07-09 13:30:00,13,Thursday,0,Arterial,70,Clear,25.4,82.9,0,847,15.73
2026-07-09 13:45:00,13,Thursday,0,Highway,100,Clear,27.0,75.3,0,1149,17.31
2026-07-09 14:00:00,14,Thursday,0,Arterial,70,Clear,21.8,66.1,0,917,15.34
2026-07-09 14:15:00,14,Thursday,0,Highway,100,Clear,20.4,61.3,0,1132,20.0
2026-07-09 14:30:00,14,Thursday,0,Highway,100,Clear,24.4,49.2,0,1468,15.43
2026-07-09 14:45:00,14,Thursday,0,Residential,30,Clear,30.7,77.7,0,417,17.48
2026-07-09 15:00:00,15,Thursday,0,Residential,30,Clear,21.3,87.6,0,500,21.19
2026-07-09 15:15:00,15,Thursday,0,Arterial,70,Clear,25.9,68.3,0,1000,18.39
2026-07-09 15:30:00,15,Thursday,0,Arterial,70,Clear,19.2,59.3,0,913,15.61
2026-07-09 15:45:00,15,Thursday,0,Highway,100,Clear,17.2,77.3,0,1417,20.93
2026-07-09 16:00:00,16,Thursday,0,Arterial,70,Clear,23.1,87.4,0,782,11.43
2026-07-09 16:15:00,16,Thursday,0,Downtown,50,Rainy,33.5,84.1,0,895,31.45
2026-07-09 16:30:00,16,Thursday,0,Residential,30,Clear,23.9,85.0,0,460,20.78
2026-07-09 16:45:00,16,Thursday,0,Downtown,50,Clear,21.5,57.6,0,666,15.11
2026-07-09 17:00:00,17,Thursday,0,Downtown,50,Clear,27.7,70.3,0,1317,56.79
2026-07-09 17:15:00,17,Thursday,0,Downtown,50,Rainy,15.2,54.3,0,1462,64.94
2026-07-09 17:30:00,17,Thursday,0,Highway,100,Clear,19.9,69.0,0,2640,50.4
2026-07-09 17:45:00,17,Thursday,0,Downtown,50,Clear,29.2,56.2,0,1218,50.44
2026-07-09 18:00:00,18,Thursday,0,Downtown,50,Clear,17.0,66.0,0,1289,53.94
2026-07-09 18:15:00,18,Thursday,0,Downtown,50,Heavy Rain,25.0,78.0,0,1375,79.74
2026-07-09 18:30:00,18,Thursday,0,Highway,100,Heavy Rain,19.6,71.8,0,2382,81.9
2026-07-09 18:45:00,18,Thursday,0,Downtown,50,Clear,32.9,82.0,0,1418,50.63
2026-07-09 19:00:00,19,Thursday,0,Highway,100,Clear,26.5,58.6,0,2244,52.46
2026-07-09 19:15:00,19,Thursday,0,Downtown,50,Clear,27.4,61.8,0,1346,55.29
2026-07-09 19:30:00,19,Thursday,0,Downtown,50,Foggy,26.3,59.9,0,1422,73.68
2026-07-09 19:45:00,19,Thursday,0,Downtown,50,Clear,31.9,75.7,0,1236,55.93
2026-07-09 20:00:00,20,Thursday,0,Highway,100,Rainy,17.5,65.5,0,1223,21.09
2026-07-09 20:15:00,20,Thursday,0,Residential,30,Clear,18.6,70.7,0,343,14.46
2026-07-09 20:30:00,20,Thursday,0,Arterial,70,Clear,30.7,46.5,0,792,15.22
2026-07-09 20:45:00,20,Thursday,0,Residential,30,Clear,24.0,54.2,0,217,9.73
2026-07-09 21:00:00,21,Thursday,0,Highway,100,Rainy,19.7,46.9,0,1184,29.55
2026-07-09 21:15:00,21,Thursday,0,Highway,100,Rainy,18.0,70.8,1,1158,60.35
2026-07-09 21:30:00,21,Thursday,0,Residential,30,Heavy Rain,19.7,73.5,0,268,38.45
2026-07-09 21:45:00,21,Thursday,0,Highway,100,Clear,33.0,85.1,0,1210,11.31
2026-07-09 22:00:00,22,Thursday,0,Downtown,50,Clear,25.3,69.6,0,729,16.53
2026-07-09 22:15:00,22,Thursday,0,Highway,100,Clear,20.9,67.0,0,1393,18.33
2026-07-09 22:30:00,22,Thursday,0,Arterial,70,Clear,15.2,79.5,0,770,16.94
2026-07-09 22:45:00,22,Thursday,0,Highway,100,Clear,34.7,56.0,0,1217,13.21
2026-07-09 23:00:00,23,Thursday,0,Highway,100,Clear,19.3,66.0,0,592,3.31
2026-07-09 23:15:00,23,Thursday,0,Highway,100,Clear,21.1,52.0,0,573,10.85
2026-07-09 23:30:00,23,Thursday,0,Highway,100,Clear,19.2,67.0,0,491,4.24
2026-07-09 23:45:00,23,Thursday,0,Highway,100,Heavy Rain,17.3,78.7,0,180,26.86
2026-07-10 00:00:00,0,Friday,0,Residential,30,Heavy Rain,18.8,71.5,0,65,30.07
2026-07-10 00:15:00,0,Friday,0,Residential,30,Clear,17.5,50.7,0,50,2.69
2026-07-10 00:30:00,0,Friday,0,Arterial,70,Clear,21.5,43.5,0,315,3.76
2026-07-10 00:45:00,0,Friday,0,Arterial,70,Clear,20.8,74.8,0,123,0.0
2026-07-10 01:00:00,1,Friday,0,Downtown,50,Clear,27.8,44.7,0,78,1.88
2026-07-10 01:15:00,1,Friday,0,Downtown,50,Clear,19.3,57.7,0,114,3.48
2026-07-10 01:30:00,1,Friday,0,Downtown,50,Clear,26.9,53.9,0,248,10.8
2026-07-10 01:45:00,1,Friday,0,Highway,100,Clear,22.7,47.3,0,470,7.47
2026-07-10 02:00:00,2,Friday,0,Arterial,70,Clear,31.7,84.5,0,429,13.23
2026-07-10 02:15:00,2,Friday,0,Arterial,70,Rainy,23.6,73.8,0,312,13.61
2026-07-10 02:30:00,2,Friday,0,Downtown,50,Heavy Rain,22.6,43.2,1,263,69.42
2026-07-10 02:45:00,2,Friday,0,Highway,100,Clear,17.7,81.8,0,195,2.48
2026-07-10 03:00:00,3,Friday,0,Highway,100,Clear,25.1,74.7,0,324,3.91
2026-07-10 03:15:00,3,Friday,0,Downtown,50,Clear,33.4,72.1,0,252,4.96
2026-07-10 03:30:00,3,Friday,0,Highway,100,Clear,33.9,72.7,0,420,3.96
2026-07-10 03:45:00,3,Friday,0,Highway,100,Clear,18.8,47.9,1,559,45.75
2026-07-10 04:00:00,4,Friday,0,Residential,30,Clear,15.1,69.9,0,50,2.16
2026-07-10 04:15:00,4,Friday,0,Arterial,70,Clear,20.5,51.1,0,77,0.0
2026-07-10 04:30:00,4,Friday,0,Residential,30,Foggy,26.5,89.1,1,50,49.19
2026-07-10 04:45:00,4,Friday,0,Residential,30,Clear,19.3,74.5,0,50,0.21
2026-07-10 05:00:00,5,Friday,0,Highway,100,Clear,32.6,54.8,0,373,2.17
2026-07-10 05:15:00,5,Friday,0,Residential,30,Clear,17.0,61.9,0,50,0.0
2026-07-10 05:30:00,5,Friday,0,Arterial,70,Clear,33.3,42.1,0,294,6.82
2026-07-10 05:45:00,5,Friday,0,Highway,100,Heavy Rain,28.9,53.6,0,264,29.95
2026-07-10 06:00:00,6,Friday,0,Highway,100,Clear,31.5,58.2,0,1518,17.74
2026-07-10 06:15:00,6,Friday,0,Downtown,50,Clear,26.7,59.5,0,638,12.39
2026-07-10 06:30:00,6,Friday,0,Arterial,70,Foggy,26.5,88.3,0,558,25.1
2026-07-10 06:45:00,6,Friday,0,Downtown,50,Rainy,31.8,73.5,0,683,29.11
2026-07-10 07:00:00,7,Friday,0,Downtown,50,Foggy,24.8,76.5,0,734,31.24
2026-07-10 07:15:00,7,Friday,0,Highway,100,Clear,32.5,44.3,0,1065,16.51
2026-07-10 07:30:00,7,Friday,0,Arterial,70,Clear,16.7,40.2,0,795,10.8
2026-07-10 07:45:00,7,Friday,0,Residential,30,Rainy,17.2,65.4,0,474,35.91
2026-07-10 08:00:00,8,Friday,0,Arterial,70,Clear,24.3,72.4,0,1799,53.78
2026-07-10 08:15:00,8,Friday,0,Arterial,70,Clear,24.3,68.4,0,1653,54.61
2026-07-10 08:30:00,8,Friday,0,Downtown,50,Clear,22.8,77.0,0,1265,51.62
2026-07-10 08:45:00,8,Friday,0,Highway,100,Clear,28.5,45.7,0,2470,52.29
2026-07-10 09:00:00,9,Friday,0,Highway,100,Clear,16.8,79.9,0,2583,54.22
2026-07-10 09:15:00,9,Friday,0,Arterial,70,Clear,20.5,51.9,0,1697,48.55
2026-07-10 09:30:00,9,Friday,0,Downtown,50,Rainy,29.2,50.3,0,1232,62.59
2026-07-10 09:45:00,9,Friday,0,Highway,100,Clear,21.5,77.8,0,2521,51.73
2026-07-10 10:00:00,10,Friday,0,Arterial,70,Rainy,25.0,64.2,0,1627,64.27
2026-07-10 10:15:00,10,Friday,0,Highway,100,Foggy,26.7,78.9,0,2544,75.98
2026-07-10 10:30:00,10,Friday,0,Highway,100,Clear,26.5,58.3,0,2822,57.52
2026-07-10 10:45:00,10,Friday,0,Highway,100,Clear,29.4,49.7,0,2563,54.47
2026-07-10 11:00:00,11,Friday,0,Downtown,50,Clear,27.3,45.9,0,789,22.18
2026-07-10 11:15:00,11,Friday,0,Arterial,70,Clear,31.1,53.7,0,652,16.47
2026-07-10 11:30:00,11,Friday,0,Highway,100,Clear,32.8,80.9,0,1516,17.68
2026-07-10 11:45:00,11,Friday,0,Arterial,70,Clear,21.1,81.9,0,956,16.61
2026-07-10 12:00:00,12,Friday,0,Arterial,70,Clear,16.6,75.0,0,906,20.43
2026-07-10 12:15:00,12,Friday,0,Highway,100,Clear,21.9,82.7,1,1354,49.76
2026-07-10 12:30:00,12,Friday,0,Arterial,70,Clear,25.9,80.3,0,811,16.45
2026-07-10 12:45:00,12,Friday,0,Highway,100,Clear,31.7,60.9,0,1055,21.55
2026-07-10 13:00:00,13,Friday,0,Downtown,50,Clear,31.0,45.0,0,771,18.43
2026-07-10 13:15:00,13,Friday,0,Highway,100,Clear,23.7,59.1,0,1271,15.73
2026-07-10 13:30:00,13,Friday,0,Downtown,50,Clear,31.6,44.0,0,864,17.51
2026-07-10 13:45:00,13,Friday,0,Arterial,70,Rainy,25.6,78.2,0,987,37.27
2026-07-10 14:00:00,14,Friday,0,Downtown,50,Rainy,33.4,79.3,0,691,27.88
2026-07-10 14:15:00,14,Friday,0,Downtown,50,Foggy,17.0,82.5,0,464,28.66
2026-07-10 14:30:00,14,Friday,0,Arterial,70,Heavy Rain,19.0,69.0,0,923,43.25
2026-07-10 14:45:00,14,Friday,0,Arterial,70,Heavy Rain,25.0,65.8,0,563,41.2
2026-07-10 15:00:00,15,Friday,0,Arterial,70,Clear,28.2,47.7,0,806,19.53
2026-07-10 15:15:00,15,Friday,0,Highway,100,Clear,19.2,46.3,0,1166,14.95
2026-07-10 15:30:00,15,Friday,0,Downtown,50,Heavy Rain,34.3,81.5,0,543,40.88
2026-07-10 15:45:00,15,Friday,0,Downtown,50,Rainy,30.1,80.8,0,599,29.58
2026-07-10 16:00:00,16,Friday,0,Downtown,50,Clear,29.1,88.6,0,493,9.49
2026-07-10 16:15:00,16,Friday,0,Downtown,50,Clear,24.7,75.9,0,850,17.16
2026-07-10 16:30:00,16,Friday,0,Downtown,50,Clear,17.9,50.7,0,819,14.93
2026-07-10 16:45:00,16,Friday,0,Downtown,50,Clear,26.3,58.4,0,801,18.98
2026-07-10 17:00:00,17,Friday,0,Highway,100,Clear,27.5,59.7,0,2538,51.05
2026-07-10 17:15:00,17,Friday,0,Arterial,70,Heavy Rain,23.1,50.6,0,1675,76.81
2026-07-10 17:30:00,17,Friday,0,Arterial,70,Clear,30.9,50.8,0,1604,55.66
2026-07-10 17:45:00,17,Friday,0,Highway,100,Clear,21.7,67.8,0,2451,51.98
2026-07-10 18:00:00,18,Friday,0,Highway,100,Rainy,27.3,51.4,0,2595,69.01
2026-07-10 18:15:00,18,Friday,0,Downtown,50,Clear,25.0,58.7,0,1516,56.88
2026-07-10 18:30:00,18,Friday,0,Arterial,70,Foggy,22.1,74.8,0,1819,78.55
2026-07-10 18:45:00,18,Friday,0,Highway,100,Clear,34.6,42.3,0,2293,47.92
2026-07-10 19:00:00,19,Friday,0,Downtown,50,Rainy,33.1,59.8,0,1442,67.78
2026-07-10 19:15:00,19,Friday,0,Downtown,50,Clear,27.8,55.8,0,1489,55.2
2026-07-10 19:30:00,19,Friday,0,Highway,100,Clear,22.2,73.2,0,2604,52.67
2026-07-10 19:45:00,19,Friday,0,Arterial,70,Clear,25.1,72.6,0,1787,54.03
2026-07-10 20:00:00,20,Friday,0,Arterial,70,Clear,20.6,72.0,0,901,19.94
2026-07-10 20:15:00,20,Friday,0,Arterial,70,Foggy,22.8,51.8,0,618,32.17
2026-07-10 20:30:00,20,Friday,0,Arterial,70,Clear,20.8,75.5,0,590,7.56
2026-07-10 20:45:00,20,Friday,0,Arterial,70,Clear,16.7,53.4,0,1021,20.13
2026-07-10 21:00:00,21,Friday,0,Arterial,70,Foggy,31.5,89.2,0,1008,42.09
2026-07-10 21:15:00,21,Friday,0,Highway,100,Rainy,27.0,65.3,0,1396,21.62
2026-07-10 21:30:00,21,Friday,0,Arterial,70,Rainy,32.5,82.0,0,908,28.2
2026-07-10 21:45:00,21,Friday,0,Highway,100,Clear,30.0,72.0,0,1323,22.47
2026-07-10 22:00:00,22,Friday,0,Highway,100,Clear,19.1,74.7,0,995,15.82
2026-07-10 22:15:00,22,Friday,0,Arterial,70,Clear,27.9,88.3,0,818,20.93
2026-07-10 22:30:00,22,Friday,0,Arterial,70,Clear,22.2,82.4,0,632,11.1
2026-07-10 22:45:00,22,Friday,0,Highway,100,Clear,27.3,62.4,0,1428,18.69
2026-07-10 23:00:00,23,Friday,0,Downtown,50,Rainy,25.0,57.7,0,421,17.66
2026-07-10 23:15:00,23,Friday,0,Highway,100,Rainy,26.2,64.2,0,210,14.87
2026-07-10 23:30:00,23,Friday,0,Highway,100,Clear,29.2,69.4,0,558,13.04
2026-07-10 23:45:00,23,Friday,0,Arterial,70,Clear,32.9,70.0,0,432,7.51
2026-07-11 00:00:00,0,Saturday,1,Arterial,70,Clear,32.8,55.3,0,269,3.72
2026-07-11 00:15:00,0,Saturday,1,Downtown,50,Rainy,33.3,57.4,0,225,17.27
2026-07-11 00:30:00,0,Saturday,1,Arterial,70,Heavy Rain,18.0,78.2,0,441,40.91
2026-07-11 00:45:00,0,Saturday,1,Residential,30,Clear,16.4,50.5,0,175,9.61
2026-07-11 01:00:00,1,Saturday,1,Residential,30,Clear,15.4,51.7,0,144,4.47
2026-07-11 01:15:00,1,Saturday,1,Downtown,50,Clear,31.3,46.4,0,73,0.03
2026-07-11 01:30:00,1,Saturday,1,Arterial,70,Rainy,24.8,73.0,0,490,18.92
2026-07-11 01:45:00,1,Saturday,1,Highway,100,Clear,25.7,50.4,0,267,6.75
2026-07-11 02:00:00,2,Saturday,1,Highway,100,Rainy,29.7,53.8,0,230,18.84
2026-07-11 02:15:00,2,Saturday,1,Arterial,70,Rainy,19.2,63.4,0,513,24.21
2026-07-11 02:30:00,2,Saturday,1,Arterial,70,Clear,23.2,66.6,0,132,8.12
2026-07-11 02:45:00,2,Saturday,1,Residential,30,Clear,19.1,57.1,0,50,2.61
2026-07-11 03:00:00,3,Saturday,1,Highway,100,Clear,28.7,83.8,0,391,1.07
2026-07-11 03:15:00,3,Saturday,1,Highway,100,Clear,31.1,62.8,0,196,1.64
2026-07-11 03:30:00,3,Saturday,1,Arterial,70,Clear,22.0,86.8,0,296,7.45
2026-07-11 03:45:00,3,Saturday,1,Downtown,50,Clear,15.0,70.7,0,182,1.12
2026-07-11 04:00:00,4,Saturday,1,Downtown,50,Heavy Rain,22.5,67.1,0,93,28.88
2026-07-11 04:15:00,4,Saturday,1,Highway,100,Foggy,18.2,56.5,0,445,23.25
2026-07-11 04:30:00,4,Saturday,1,Highway,100,Clear,34.0,65.5,0,540,6.63
2026-07-11 04:45:00,4,Saturday,1,Downtown,50,Foggy,26.4,83.3,0,368,28.11
2026-07-11 05:00:00,5,Saturday,1,Arterial,70,Clear,22.0,71.2,0,185,1.17
2026-07-11 05:15:00,5,Saturday,1,Highway,100,Rainy,20.2,46.2,0,432,16.98
2026-07-11 05:30:00,5,Saturday,1,Highway,100,Clear,19.3,44.3,0,378,5.23
2026-07-11 05:45:00,5,Saturday,1,Downtown,50,Rainy,19.2,59.4,0,242,19.99
2026-07-11 06:00:00,6,Saturday,1,Downtown,50,Clear,29.3,89.0,0,704,18.37
2026-07-11 06:15:00,6,Saturday,1,Downtown,50,Foggy,23.2,60.9,0,699,32.7
2026-07-11 06:30:00,6,Saturday,1,Highway,100,Foggy,16.8,63.0,0,1295,36.11
2026-07-11 06:45:00,6,Saturday,1,Arterial,70,Clear,22.3,44.5,0,980,14.87
2026-07-11 07:00:00,7,Saturday,1,Arterial,70,Clear,26.1,80.1,0,720,12.82
2026-07-11 07:15:00,7,Saturday,1,Highway,100,Clear,18.8,43.0,0,1127,14.54
2026-07-11 07:30:00,7,Saturday,1,Highway,100,Clear,24.4,73.4,0,1304,13.52
2026-07-11 07:45:00,7,Saturday,1,Arterial,70,Clear,31.0,56.6,0,804,16.38
2026-07-11 08:00:00,8,Saturday,1,Highway,100,Rainy,28.7,80.0,0,1155,25.56
2026-07-11 08:15:00,8,Saturday,1,Arterial,70,Clear,28.8,40.0,0,905,16.9
2026-07-11 08:30:00,8,Saturday,1,Residential,30,Heavy Rain,23.3,42.3,0,250,40.56
2026-07-11 08:45:00,8,Saturday,1,Highway,100,Clear,24.5,50.4,0,1047,10.05
2026-07-11 09:00:00,9,Saturday,1,Arterial,70,Rainy,17.3,79.6,0,1091,28.57
2026-07-11 09:15:00,9,Saturday,1,Residential,30,Clear,18.2,65.9,0,180,7.89
2026-07-11 09:30:00,9,Saturday,1,Arterial,70,Clear,29.9,69.7,0,871,19.11
2026-07-11 09:45:00,9,Saturday,1,Arterial,70,Clear,27.6,58.7,0,926,14.56
2026-07-11 10:00:00,10,Saturday,1,Residential,30,Clear,19.8,41.2,0,342,9.83
2026-07-11 10:15:00,10,Saturday,1,Downtown,50,Clear,23.6,40.6,0,740,15.39
2026-07-11 10:30:00,10,Saturday,1,Highway,100,Rainy,27.9,70.8,0,1337,27.64
2026-07-11 10:45:00,10,Saturday,1,Highway,100,Clear,27.2,80.9,0,1348,22.96
2026-07-11 11:00:00,11,Saturday,1,Highway,100,Clear,31.3,89.6,0,1146,19.8
2026-07-11 11:15:00,11,Saturday,1,Highway,100,Clear,17.4,58.9,0,1245,8.94
2026-07-11 11:30:00,11,Saturday,1,Arterial,70,Clear,19.8,71.8,0,845,11.38
2026-07-11 11:45:00,11,Saturday,1,Downtown,50,Clear,22.3,72.1,0,766,10.73
2026-07-11 12:00:00,12,Saturday,1,Highway,100,Clear,28.1,78.0,0,1102,11.77
2026-07-11 12:15:00,12,Saturday,1,Arterial,70,Foggy,25.4,73.1,0,658,28.09
2026-07-11 12:30:00,12,Saturday,1,Downtown,50,Clear,18.8,58.5,0,599,17.25
2026-07-11 12:45:00,12,Saturday,1,Residential,30,Clear,16.0,46.4,0,380,15.32
2026-07-11 13:00:00,13,Saturday,1,Downtown,50,Clear,28.8,77.8,0,845,24.77
2026-07-11 13:15:00,13,Saturday,1,Residential,30,Clear,16.2,72.7,0,416,13.86
2026-07-11 13:30:00,13,Saturday,1,Highway,100,Heavy Rain,17.2,43.4,0,1154,42.09
2026-07-11 13:45:00,13,Saturday,1,Downtown,50,Foggy,20.2,71.4,0,517,27.25
2026-07-11 14:00:00,14,Saturday,1,Highway,100,Clear,17.6,83.0,0,1299,16.88
2026-07-11 14:15:00,14,Saturday,1,Residential,30,Clear,24.9,56.8,0,439,20.15
2026-07-11 14:30:00,14,Saturday,1,Highway,100,Clear,21.3,80.3,0,987,8.29
2026-07-11 14:45:00,14,Saturday,1,Highway,100,Clear,25.3,43.3,0,1428,26.86
2026-07-11 15:00:00,15,Saturday,1,Highway,100,Heavy Rain,20.5,62.6,0,1189,42.4
2026-07-11 15:15:00,15,Saturday,1,Downtown,50,Clear,26.4,54.3,0,781,18.55
2026-07-11 15:30:00,15,Saturday,1,Highway,100,Clear,25.8,83.7,0,1107,13.07
2026-07-11 15:45:00,15,Saturday,1,Highway,100,Clear,34.5,50.7,0,1164,15.65
2026-07-11 16:00:00,16,Saturday,1,Arterial,70,Clear,22.7,62.0,0,979,20.67
2026-07-11 16:15:00,16,Saturday,1,Arterial,70,Foggy,33.8,42.0,0,1062,33.51
2026-07-11 16:30:00,16,Saturday,1,Highway,100,Clear,28.6,70.1,0,1301,18.62
2026-07-11 16:45:00,16,Saturday,1,Arterial,70,Rainy,17.3,63.4,0,826,26.7
2026-07-11 17:00:00,17,Saturday,1,Highway,100,Clear,28.5,47.4,0,1251,9.33
2026-07-11 17:15:00,17,Saturday,1,Downtown,50,Rainy,29.5,52.4,0,606,23.7
2026-07-11 17:30:00,17,Saturday,1,Arterial,70,Rainy,16.1,43.0,0,876,31.69
2026-07-11 17:45:00,17,Saturday,1,Arterial,70,Rainy,29.6,69.0,0,797,23.13
2026-07-11 18:00:00,18,Saturday,1,Highway,100,Clear,25.3,48.5,0,1252,12.3
2026-07-11 18:15:00,18,Saturday,1,Downtown,50,Clear,22.2,63.7,0,883,21.43
2026-07-11 18:30:00,18,Saturday,1,Arterial,70,Clear,32.0,69.8,0,949,19.19
2026-07-11 18:45:00,18,Saturday,1,Downtown,50,Clear,24.3,89.0,0,555,16.59
2026-07-11 19:00:00,19,Saturday,1,Arterial,70,Clear,23.7,79.9,0,975,15.33
2026-07-11 19:15:00,19,Saturday,1,Arterial,70,Clear,23.3,84.8,0,728,9.8
2026-07-11 19:30:00,19,Saturday,1,Highway,100,Clear,17.9,80.9,0,1142,15.19
2026-07-11 19:45:00,19,Saturday,1,Residential,30,Clear,31.4,78.4,0,211,12.24
2026-07-11 20:00:00,20,Saturday,1,Downtown,50,Heavy Rain,33.0,45.7,0,594,40.55
2026-07-11 20:15:00,20,Saturday,1,Highway,100,Clear,34.8,68.4,0,1508,17.93
2026-07-11 20:30:00,20,Saturday,1,Residential,30,Clear,16.3,64.6,1,520,53.53
2026-07-11 20:45:00,20,Saturday,1,Highway,100,Clear,32.5,55.0,0,1307,16.22
2026-07-11 21:00:00,21,Saturday,1,Highway,100,Rainy,21.8,82.5,1,1155,60.51
2026-07-11 21:15:00,21,Saturday,1,Highway,100,Rainy,17.9,53.0,0,1185,26.33
2026-07-11 21:30:00,21,Saturday,1,Residential,30,Foggy,23.3,70.6,0,366,39.61
2026-07-11 21:45:00,21,Saturday,1,Arterial,70,Clear,29.1,57.3,0,883,11.63
2026-07-11 22:00:00,22,Saturday,1,Arterial,70,Clear,23.1,81.8,0,1057,25.2
2026-07-11 22:15:00,22,Saturday,1,Arterial,70,Clear,31.0,54.0,0,874,18.83
2026-07-11 22:30:00,22,Saturday,1,Downtown,50,Clear,25.5,88.3,0,642,12.26
2026-07-11 22:45:00,22,Saturday,1,Downtown,50,Clear,33.2,60.6,0,601,10.36
2026-07-11 23:00:00,23,Saturday,1,Highway,100,Clear,24.8,87.3,0,241,8.77
2026-07-11 23:15:00,23,Saturday,1,Highway,100,Clear,16.3,84.2,0,540,2.91
2026-07-11 23:30:00,23,Saturday,1,Highway,100,Rainy,31.5,81.1,0,378,11.61
2026-07-11 23:45:00,23,Saturday,1,Residential,30,Foggy,22.2,79.0,0,187,24.91
2026-07-12 00:00:00,0,Sunday,1,Highway,100,Clear,19.0,65.4,0,233,3.18
2026-07-12 00:15:00,0,Sunday,1,Highway,100,Clear,26.7,68.8,0,399,5.65
2026-07-12 00:30:00,0,Sunday,1,Arterial,70,Rainy,33.3,72.1,0,124,17.01
2026-07-12 00:45:00,0,Sunday,1,Arterial,70,Rainy,20.9,84.9,0,466,17.29
2026-07-12 01:00:00,1,Sunday,1,Arterial,70,Rainy,24.6,85.1,0,293,15.54
2026-07-12 01:15:00,1,Sunday,1,Highway,100,Rainy,26.9,86.9,0,413,24.64
2026-07-12 01:30:00,1,Sunday,1,Highway,100,Clear,26.3,42.4,0,428,7.25
2026-07-12 01:45:00,1,Sunday,1,Highway,100,Clear,26.0,89.7,0,254,2.08
2026-07-12 02:00:00,2,Sunday,1,Downtown,50,Clear,17.0,63.4,0,446,9.91
2026-07-12 02:15:00,2,Sunday,1,Downtown,50,Rainy,27.3,82.7,0,61,12.21
2026-07-12 02:30:00,2,Sunday,1,Downtown,50,Clear,33.6,41.1,0,369,9.76
2026-07-12 02:45:00,2,Sunday,1,Arterial,70,Heavy Rain,19.6,53.2,0,231,34.46
2026-07-12 03:00:00,3,Sunday,1,Downtown,50,Rainy,32.5,73.2,0,319,21.76
2026-07-12 03:15:00,3,Sunday,1,Highway,100,Clear,16.5,58.7,0,415,5.59
2026-07-12 03:30:00,3,Sunday,1,Arterial,70,Rainy,25.6,51.0,0,160,15.06
2026-07-12 03:45:00,3,Sunday,1,Arterial,70,Clear,31.8,76.5,0,207,5.59
2026-07-12 04:00:00,4,Sunday,1,Downtown,50,Clear,33.0,79.9,0,278,3.0
2026-07-12 04:15:00,4,Sunday,1,Downtown,50,Rainy,25.1,40.6,0,304,17.59
2026-07-12 04:30:00,4,Sunday,1,Downtown,50,Clear,34.0,49.1,0,254,4.69
2026-07-12 04:45:00,4,Sunday,1,Downtown,50,Clear,28.6,49.2,0,50,0.0
2026-07-12 05:00:00,5,Sunday,1,Residential,30,Rainy,20.6,52.1,0,144,12.16
2026-07-12 05:15:00,5,Sunday,1,Highway,100,Rainy,23.2,55.8,0,283,11.09
2026-07-12 05:30:00,5,Sunday,1,Arterial,70,Clear,19.3,55.1,0,329,9.52
2026-07-12 05:45:00,5,Sunday,1,Arterial,70,Clear,20.3,43.7,0,156,2.93
2026-07-12 06:00:00,6,Sunday,1,Highway,100,Clear,22.3,59.7,0,1171,12.23
2026-07-12 06:15:00,6,Sunday,1,Highway,100,Clear,16.4,75.2,0,1164,13.58
2026-07-12 06:30:00,6,Sunday,1,Highway,100,Clear,34.7,81.8,0,1090,15.79
2026-07-12 06:45:00,6,Sunday,1,Highway,100,Rainy,17.6,62.2,0,1307,28.64
2026-07-12 07:00:00,7,Sunday,1,Downtown,50,Rainy,22.1,40.4,0,596,23.95
2026-07-12 07:15:00,7,Sunday,1,Arterial,70,Rainy,21.8,85.3,0,1016,30.71
2026-07-12 07:30:00,7,Sunday,1,Highway,100,Rainy,19.9,54.0,0,1280,30.79
2026-07-12 07:45:00,7,Sunday,1,Downtown,50,Rainy,20.2,81.4,0,641,23.41
2026-07-12 08:00:00,8,Sunday,1,Highway,100,Clear,20.7,49.0,0,1480,21.65
2026-07-12 08:15:00,8,Sunday,1,Arterial,70,Rainy,17.6,68.6,0,599,24.29
2026-07-12 08:30:00,8,Sunday,1,Downtown,50,Foggy,29.9,48.8,0,685,35.98
2026-07-12 08:45:00,8,Sunday,1,Residential,30,Clear,34.0,86.3,0,302,10.03
2026-07-12 09:00:00,9,Sunday,1,Downtown,50,Clear,31.9,81.3,0,611,13.76
2026-07-12 09:15:00,9,Sunday,1,Arterial,70,Clear,31.2,76.8,0,908,13.45
2026-07-12 09:30:00,9,Sunday,1,Highway,100,Clear,15.2,68.3,0,1250,15.29
2026-07-12 09:45:00,9,Sunday,1,Residential,30,Clear,19.3,61.2,0,201,4.42
2026-07-12 10:00:00,10,Sunday,1,Highway,100,Rainy,19.9,71.4,0,1383,28.49
2026-07-12 10:15:00,10,Sunday,1,Downtown,50,Clear,27.2,71.4,0,497,10.57
2026-07-12 10:30:00,10,Sunday,1,Arterial,70,Rainy,18.2,46.2,0,833,26.97
2026-07-12 10:45:00,10,Sunday,1,Highway,100,Clear,24.2,88.2,0,1459,20.61
2026-07-12 11:00:00,11,Sunday,1,Downtown,50,Clear,28.7,55.2,0,601,17.96
2026-07-12 11:15:00,11,Sunday,1,Downtown,50,Clear,17.1,73.1,0,689,17.46
2026-07-12 11:30:00,11,Sunday,1,Arterial,70,Rainy,30.4,63.8,0,754,29.55
2026-07-12 11:45:00,11,Sunday,1,Highway,100,Clear,16.8,88.6,0,1159,14.42
2026-07-12 12:00:00,12,Sunday,1,Arterial,70,Clear,21.7,71.8,0,893,21.29
2026-07-12 12:15:00,12,Sunday,1,Residential,30,Clear,34.7,68.8,1,509,59.18
2026-07-12 12:30:00,12,Sunday,1,Arterial,70,Clear,28.9,43.0,0,938,13.61
2026-07-12 12:45:00,12,Sunday,1,Residential,30,Clear,17.9,58.4,0,112,4.0
2026-07-12 13:00:00,13,Sunday,1,Arterial,70,Clear,23.0,56.6,0,849,16.45
2026-07-12 13:15:00,13,Sunday,1,Arterial,70,Clear,17.5,77.3,0,933,20.95
2026-07-12 13:30:00,13,Sunday,1,Highway,100,Rainy,33.5,85.9,0,1104,29.17
2026-07-12 13:45:00,13,Sunday,1,Highway,100,Clear,16.0,77.7,0,1251,14.83
2026-07-12 14:00:00,14,Sunday,1,Arterial,70,Clear,15.9,49.5,0,852,13.68
2026-07-12 14:15:00,14,Sunday,1,Highway,100,Clear,22.9,45.0,0,1100,10.36
2026-07-12 14:30:00,14,Sunday,1,Downtown,50,Clear,32.2,80.8,0,810,16.77
2026-07-12 14:45:00,14,Sunday,1,Highway,100,Clear,15.9,87.0,0,1234,16.76
2026-07-12 15:00:00,15,Sunday,1,Residential,30,Foggy,33.5,64.8,0,334,34.2
2026-07-12 15:15:00,15,Sunday,1,Arterial,70,Rainy,21.0,77.7,0,713,25.7
2026-07-12 15:30:00,15,Sunday,1,Highway,100,Clear,31.8,49.7,0,1259,20.27
2026-07-12 15:45:00,15,Sunday,1,Highway,100,Clear,24.3,40.4,0,1321,16.92
2026-07-12 16:00:00,16,Sunday,1,Residential,30,Foggy,31.4,55.5,0,349,35.98
2026-07-12 16:15:00,16,Sunday,1,Arterial,70,Clear,21.7,50.6,0,669,19.82
2026-07-12 16:30:00,16,Sunday,1,Highway,100,Rainy,18.5,45.7,0,1185,26.53
2026-07-12 16:45:00,16,Sunday,1,Arterial,70,Rainy,27.3,58.1,0,941,30.69
2026-07-12 17:00:00,17,Sunday,1,Downtown,50,Rainy,25.4,75.9,0,724,28.86
2026-07-12 17:15:00,17,Sunday,1,Arterial,70,Foggy,27.4,83.5,0,953,37.33
2026-07-12 17:30:00,17,Sunday,1,Highway,100,Rainy,31.5,54.4,0,1348,37.07
2026-07-12 17:45:00,17,Sunday,1,Highway,100,Clear,17.0,53.1,0,1316,21.36
2026-07-12 18:00:00,18,Sunday,1,Downtown,50,Clear,24.7,56.2,0,785,19.04
2026-07-12 18:15:00,18,Sunday,1,Highway,100,Rainy,25.8,81.3,0,1182,27.1
2026-07-12 18:30:00,18,Sunday,1,Downtown,50,Clear,15.4,43.3,1,805,52.2
2026-07-12 18:45:00,18,Sunday,1,Residential,30,Foggy,32.6,84.7,0,397,33.06
2026-07-12 19:00:00,19,Sunday,1,Arterial,70,Clear,28.6,68.1,0,995,24.58
2026-07-12 19:15:00,19,Sunday,1,Arterial,70,Clear,34.1,46.9,0,741,19.77
2026-07-12 19:30:00,19,Sunday,1,Highway,100,Clear,19.7,57.2,0,1065,13.54
2026-07-12 19:45:00,19,Sunday,1,Arterial,70,Clear,33.1,60.4,1,960,51.82
2026-07-12 20:00:00,20,Sunday,1,Highway,100,Clear,15.6,70.3,0,1415,17.18
2026-07-12 20:15:00,20,Sunday,1,Highway,100,Clear,31.9,64.6,0,1099,8.92
2026-07-12 20:30:00,20,Sunday,1,Highway,100,Foggy,32.9,89.2,0,1220,37.14
2026-07-12 20:45:00,20,Sunday,1,Arterial,70,Rainy,18.5,51.0,0,774,30.39
2026-07-12 21:00:00,21,Sunday,1,Arterial,70,Heavy Rain,22.7,52.4,0,792,43.31
2026-07-12 21:15:00,21,Sunday,1,Arterial,70,Clear,21.1,63.4,0,877,17.06
2026-07-12 21:30:00,21,Sunday,1,Downtown,50,Clear,20.3,85.3,0,586,9.13
2026-07-12 21:45:00,21,Sunday,1,Arterial,70,Clear,23.9,72.1,0,866,15.05
2026-07-12 22:00:00,22,Sunday,1,Arterial,70,Clear,24.1,84.5,0,842,18.39
2026-07-12 22:15:00,22,Sunday,1,Highway,100,Clear,25.4,66.5,0,1340,13.42
2026-07-12 22:30:00,22,Sunday,1,Downtown,50,Rainy,24.6,89.6,0,782,26.99
2026-07-12 22:45:00,22,Sunday,1,Highway,100,Clear,18.2,58.8,0,1333,14.72
2026-07-12 23:00:00,23,Sunday,1,Downtown,50,Rainy,31.8,61.0,0,50,19.47
2026-07-12 23:15:00,23,Sunday,1,Downtown,50,Clear,30.8,61.5,0,50,0.0
2026-07-12 23:30:00,23,Sunday,1,Highway,100,Rainy,19.2,86.2,0,375,19.53
2026-07-12 23:45:00,23,Sunday,1,Downtown,50,Clear,31.6,81.8,0,280,6.99
2026-07-13 00:00:00,0,Monday,0,Residential,30,Rainy,15.2,45.2,0,162,15.18
2026-07-13 00:15:00,0,Monday,0,Arterial,70,Clear,19.2,78.2,0,377,8.74
2026-07-13 00:30:00,0,Monday,0,Downtown,50,Rainy,32.7,50.9,0,339,20.95
2026-07-13 00:45:00,0,Monday,0,Arterial,70,Heavy Rain,30.9,75.0,0,264,32.15
2026-07-13 01:00:00,1,Monday,0,Highway,100,Clear,33.2,84.5,0,460,1.45
2026-07-13 01:15:00,1,Monday,0,Downtown,50,Clear,21.5,50.7,1,87,42.07
2026-07-13 01:30:00,1,Monday,0,Highway,100,Clear,27.8,80.8,0,354,5.5
2026-07-13 01:45:00,1,Monday,0,Highway,100,Clear,25.4,86.8,0,217,3.55
2026-07-13 02:00:00,2,Monday,0,Highway,100,Clear,29.6,77.6,0,331,1.71
2026-07-13 02:15:00,2,Monday,0,Residential,30,Clear,21.4,56.2,0,274,12.05
2026-07-13 02:30:00,2,Monday,0,Residential,30,Clear,18.3,74.1,0,87,7.8
2026-07-13 02:45:00,2,Monday,0,Arterial,70,Rainy,28.5,40.8,0,299,15.71
2026-07-13 03:00:00,3,Monday,0,Arterial,70,Clear,30.5,57.0,0,50,0.0
2026-07-13 03:15:00,3,Monday,0,Arterial,70,Heavy Rain,30.4,41.0,1,176,67.59
2026-07-13 03:30:00,3,Monday,0,Highway,100,Clear,27.5,70.8,0,187,1.55
2026-07-13 03:45:00,3,Monday,0,Highway,100,Clear,21.9,67.1,0,351,2.02
2026-07-13 04:00:00,4,Monday,0,Downtown,50,Clear,24.9,57.7,0,368,3.69
2026-07-13 04:15:00,4,Monday,0,Highway,100,Rainy,26.5,53.5,0,331,12.02
2026-07-13 04:30:00,4,Monday,0,Downtown,50,Clear,33.6,72.1,0,316,5.67
2026-07-13 04:45:00,4,Monday,0,Arterial,70,Clear,33.2,44.6,0,265,4.97
2026-07-13 05:00:00,5,Monday,0,Arterial,70,Rainy,15.1,64.8,0,176,16.65
2026-07-13 05:15:00,5,Monday,0,Arterial,70,Clear,17.1,62.2,0,168,0.0
2026-07-13 05:30:00,5,Monday,0,Residential,30,Clear,26.8,77.2,0,218,12.74
2026-07-13 05:45:00,5,Monday,0,Highway,100,Clear,30.7,44.7,0,430,8.04
2026-07-13 06:00:00,6,Monday,0,Arterial,70,Foggy,30.3,88.4,0,1036,37.26
2026-07-13 06:15:00,6,Monday,0,Downtown,50,Rainy,30.8,47.7,0,793,28.3
2026-07-13 06:30:00,6,Monday,0,Downtown,50,Clear,26.6,81.3,0,696,13.88
2026-07-13 06:45:00,6,Monday,0,Residential,30,Rainy,22.3,43.2,0,407,33.41
2026-07-13 07:00:00,7,Monday,0,Arterial,70,Clear,33.2,53.8,0,980,23.05
2026-07-13 07:15:00,7,Monday,0,Arterial,70,Clear,18.8,69.2,0,824,16.09
2026-07-13 07:30:00,7,Monday,0,Arterial,70,Clear,27.1,56.4,0,1056,18.49
2026-07-13 07:45:00,7,Monday,0,Downtown,50,Clear,27.5,67.5,0,671,13.82
2026-07-13 08:00:00,8,Monday,0,Residential,30,Clear,28.5,70.4,0,617,47.93
2026-07-13 08:15:00,8,Monday,0,Arterial,70,Clear,16.5,44.4,0,1490,47.87
2026-07-13 08:30:00,8,Monday,0,Arterial,70,Clear,23.2,50.2,0,1740,57.73
2026-07-13 08:45:00,8,Monday,0,Residential,30,Clear,18.5,52.6,0,784,52.36
2026-07-13 09:00:00,9,Monday,0,Highway,100,Clear,19.9,70.3,1,2199,86.67
2026-07-13 09:15:00,9,Monday,0,Arterial,70,Rainy,16.4,88.0,0,1701,67.9
2026-07-13 09:30:00,9,Monday,0,Highway,100,Rainy,21.7,59.4,0,2721,68.84
2026-07-13 09:45:00,9,Monday,0,Highway,100,Foggy,18.9,43.3,0,2436,72.62
2026-07-13 10:00:00,10,Monday,0,Residential,30,Foggy,18.3,67.9,0,737,73.39
2026-07-13 10:15:00,10,Monday,0,Highway,100,Clear,19.1,66.4,0,2447,48.62
2026-07-13 10:30:00,10,Monday,0,Residential,30,Rainy,26.5,51.1,0,775,70.84
2026-07-13 10:45:00,10,Monday,0,Highway,100,Rainy,16.9,41.2,0,2518,71.08
2026-07-13 11:00:00,11,Monday,0,Downtown,50,Rainy,29.6,55.4,0,546,25.7
2026-07-13 11:15:00,11,Monday,0,Downtown,50,Clear,19.5,71.3,0,686,14.6
2026-07-13 11:30:00,11,Monday,0,Arterial,70,Clear,25.1,85.7,0,837,16.92
2026-07-13 11:45:00,11,Monday,0,Highway,100,Heavy Rain,15.1,78.8,0,1092,40.0
2026-07-13 12:00:00,12,Monday,0,Highway,100,Clear,18.4,73.6,0,1208,9.35
2026-07-13 12:15:00,12,Monday,0,Arterial,70,Clear,29.2,84.1,0,906,15.12
2026-07-13 12:30:00,12,Monday,0,Highway,100,Clear,27.4,52.0,0,1261,19.94
2026-07-13 12:45:00,12,Monday,0,Highway,100,Rainy,32.8,48.2,0,1449,29.27
2026-07-13 13:00:00,13,Monday,0,Downtown,50,Clear,18.6,63.6,0,843,14.76
2026-07-13 13:15:00,13,Monday,0,Highway,100,Rainy,27.1,75.8,0,1206,25.24
2026-07-13 13:30:00,13,Monday,0,Residential,30,Clear,29.4,76.3,0,265,10.02
2026-07-13 13:45:00,13,Monday,0,Downtown,50,Clear,28.2,64.6,0,730,16.25
2026-07-13 14:00:00,14,Monday,0,Arterial,70,Clear,34.0,72.7,1,965,51.61
2026-07-13 14:15:00,14,Monday,0,Residential,30,Clear,23.2,76.3,0,296,14.33
2026-07-13 14:30:00,14,Monday,0,Residential,30,Clear,26.5,45.9,0,308,6.38
2026-07-13 14:45:00,14,Monday,0,Highway,100,Foggy,15.2,78.7,0,1084,32.05
2026-07-13 15:00:00,15,Monday,0,Downtown,50,Clear,18.3,51.9,0,782,14.55
2026-07-13 15:15:00,15,Monday,0,Arterial,70,Clear,17.6,68.8,0,978,21.06
2026-07-13 15:30:00,15,Monday,0,Arterial,70,Clear,25.2,52.6,0,835,20.57
2026-07-13 15:45:00,15,Monday,0,Residential,30,Clear,21.6,44.8,0,161,11.94
2026-07-13 16:00:00,16,Monday,0,Downtown,50,Rainy,23.2,63.8,0,732,29.69
2026-07-13 16:15:00,16,Monday,0,Highway,100,Clear,32.1,81.7,0,1361,17.71
2026-07-13 16:30:00,16,Monday,0,Residential,30,Rainy,19.2,76.5,0,480,38.62
2026-07-13 16:45:00,16,Monday,0,Downtown,50,Clear,16.2,75.3,0,894,22.41
2026-07-13 17:00:00,17,Monday,0,Arterial,70,Rainy,30.0,72.9,1,1899,100.0
2026-07-13 17:15:00,17,Monday,0,Downtown,50,Clear,24.1,88.5,0,1378,47.03
2026-07-13 17:30:00,17,Monday,0,Highway,100,Foggy,20.7,52.9,0,2628,69.37
2026-07-13 17:45:00,17,Monday,0,Downtown,50,Rainy,30.6,44.4,0,1100,59.03
2026-07-13 18:00:00,18,Monday,0,Arterial,70,Clear,24.7,56.7,0,1840,60.31
2026-07-13 18:15:00,18,Monday,0,Downtown,50,Foggy,29.1,74.4,0,1401,71.8
2026-07-13 18:30:00,18,Monday,0,Highway,100,Clear,17.9,49.8,0,2477,48.3
2026-07-13 18:45:00,18,Monday,0,Highway,100,Rainy,29.6,58.1,0,2614,63.82
2026-07-13 19:00:00,19,Monday,0,Downtown,50,Heavy Rain,19.6,44.7,0,1290,74.03
2026-07-13 19:15:00,19,Monday,0,Residential,30,Clear,34.4,80.5,0,706,54.37
2026-07-13 19:30:00,19,Monday,0,Downtown,50,Clear,25.2,86.6,0,1554,58.21
2026-07-13 19:45:00,19,Monday,0,Highway,100,Clear,20.0,85.2,0,2655,51.06
2026-07-13 20:00:00,20,Monday,0,Highway,100,Clear,19.1,82.8,0,1416,13.58
2026-07-13 20:15:00,20,Monday,0,Residential,30,Foggy,32.9,43.1,0,377,35.62
2026-07-13 20:30:00,20,Monday,0,Arterial,70,Foggy,23.1,71.7,0,1012,30.48
2026-07-13 20:45:00,20,Monday,0,Arterial,70,Rainy,27.7,74.5,0,846,28.52
2026-07-13 21:00:00,21,Monday,0,Highway,100,Rainy,18.5,43.2,0,1099,26.57
2026-07-13 21:15:00,21,Monday,0,Arterial,70,Foggy,20.7,47.8,1,967,67.81
2026-07-13 21:30:00,21,Monday,0,Highway,100,Clear,22.7,88.1,0,1334,17.2
2026-07-13 21:45:00,21,Monday,0,Residential,30,Clear,31.7,59.1,0,190,3.61
2026-07-13 22:00:00,22,Monday,0,Highway,100,Clear,25.9,49.5,0,1362,17.08
2026-07-13 22:15:00,22,Monday,0,Arterial,70,Clear,26.0,49.0,0,829,16.62
2026-07-13 22:30:00,22,Monday,0,Arterial,70,Clear,20.7,79.7,0,1011,14.61
2026-07-13 22:45:00,22,Monday,0,Highway,100,Clear,31.0,63.9,0,1348,17.41
2026-07-13 23:00:00,23,Monday,0,Residential,30,Clear,26.3,81.7,0,131,9.1
2026-07-13 23:15:00,23,Monday,0,Downtown,50,Clear,30.3,55.5,0,50,1.35
2026-07-13 23:30:00,23,Monday,0,Residential,30,Rainy,34.7,58.2,0,287,27.84
2026-07-13 23:45:00,23,Monday,0,Highway,100,Clear,33.2,61.2,1,481,43.24
2026-07-14 00:00:00,0,Tuesday,0,Arterial,70,Foggy,25.9,74.0,0,346,25.48
2026-07-14 00:15:00,0,Tuesday,0,Highway,100,Rainy,15.5,86.3,1,265,49.47
2026-07-14 00:30:00,0,Tuesday,0,Downtown,50,Clear,24.6,53.6,0,203,4.29
2026-07-14 00:45:00,0,Tuesday,0,Arterial,70,Clear,27.9,84.2,0,297,8.59
2026-07-14 01:00:00,1,Tuesday,0,Highway,100,Clear,25.2,76.6,0,266,2.62
2026-07-14 01:15:00,1,Tuesday,0,Highway,100,Clear,24.9,78.4,0,409,1.26
2026-07-14 01:30:00,1,Tuesday,0,Highway,100,Clear,30.3,60.0,0,368,5.56
2026-07-14 01:45:00,1,Tuesday,0,Highway,100,Clear,15.2,70.1,0,508,8.11
2026-07-14 02:00:00,2,Tuesday,0,Downtown,50,Foggy,20.3,83.6,0,211,24.59
2026-07-14 02:15:00,2,Tuesday,0,Downtown,50,Clear,23.3,49.2,0,50,1.07
2026-07-14 02:30:00,2,Tuesday,0,Downtown,50,Clear,16.2,59.2,0,63,0.0
2026-07-14 02:45:00,2,Tuesday,0,Arterial,70,Clear,23.1,85.2,0,140,3.93
2026-07-14 03:00:00,3,Tuesday,0,Arterial,70,Clear,33.7,61.4,0,115,3.07
2026-07-14 03:15:00,3,Tuesday,0,Residential,30,Clear,15.9,55.0,0,127,3.45
2026-07-14 03:30:00,3,Tuesday,0,Arterial,70,Clear,15.1,89.1,0,392,10.24
2026-07-14 03:45:00,3,Tuesday,0,Highway,100,Clear,18.1,52.3,0,262,8.66
2026-07-14 04:00:00,4,Tuesday,0,Arterial,70,Clear,32.2,48.5,0,389,10.59
2026-07-14 04:15:00,4,Tuesday,0,Downtown,50,Clear,34.1,65.4,0,153,2.74
2026-07-14 04:30:00,4,Tuesday,0,Arterial,70,Clear,25.5,50.3,0,145,4.98
2026-07-14 04:45:00,4,Tuesday,0,Downtown,50,Rainy,29.8,50.4,0,50,11.96
2026-07-14 05:00:00,5,Tuesday,0,Arterial,70,Foggy,34.3,77.4,0,210,19.5
2026-07-14 05:15:00,5,Tuesday,0,Arterial,70,Clear,32.6,70.8,0,91,0.0
2026-07-14 05:30:00,5,Tuesday,0,Arterial,70,Clear,27.2,64.6,0,231,7.18
2026-07-14 05:45:00,5,Tuesday,0,Highway,100,Foggy,29.7,72.0,0,342,21.88
2026-07-14 06:00:00,6,Tuesday,0,Arterial,70,Clear,32.1,68.9,0,857,14.13
2026-07-14 06:15:00,6,Tuesday,0,Highway,100,Rainy,31.1,67.2,0,1178,29.91
2026-07-14 06:30:00,6,Tuesday,0,Highway,100,Clear,33.5,54.9,0,1147,16.28
2026-07-14 06:45:00,6,Tuesday,0,Arterial,70,Clear,21.6,54.0,0,854,16.34
2026-07-14 07:00:00,7,Tuesday,0,Downtown,50,Rainy,28.9,84.1,0,826,28.15
2026-07-14 07:15:00,7,Tuesday,0,Highway,100,Foggy,25.7,55.0,0,1263,33.91
2026-07-14 07:30:00,7,Tuesday,0,Residential,30,Rainy,17.3,53.2,0,311,27.21
2026-07-14 07:45:00,7,Tuesday,0,Highway,100,Clear,25.1,84.2,0,1341,13.92
2026-07-14 08:00:00,8,Tuesday,0,Downtown,50,Rainy,30.7,46.5,0,1588,72.4
2026-07-14 08:15:00,8,Tuesday,0,Residential,30,Clear,17.7,73.4,1,814,95.86
2026-07-14 08:30:00,8,Tuesday,0,Arterial,70,Clear,18.4,89.1,0,1831,56.65
2026-07-14 08:45:00,8,Tuesday,0,Arterial,70,Clear,27.3,89.9,0,1623,54.55
2026-07-14 09:00:00,9,Tuesday,0,Arterial,70,Clear,33.0,65.2,0,1711,60.26
2026-07-14 09:15:00,9,Tuesday,0,Residential,30,Clear,19.4,80.3,0,696,49.8
2026-07-14 09:30:00,9,Tuesday,0,Highway,100,Clear,24.9,50.8,0,2495,47.87
2026-07-14 09:45:00,9,Tuesday,0,Arterial,70,Clear,26.6,75.5,0,1557,50.59
2026-07-14 10:00:00,10,Tuesday,0,Arterial,70,Foggy,24.4,49.8,0,1543,66.12
2026-07-14 10:15:00,10,Tuesday,0,Residential,30,Clear,25.7,75.7,0,706,56.88
2026-07-14 10:30:00,10,Tuesday,0,Downtown,50,Clear,33.9,85.5,0,1509,51.39
2026-07-14 10:45:00,10,Tuesday,0,Downtown,50,Clear,31.4,49.2,0,1268,53.24
2026-07-14 11:00:00,11,Tuesday,0,Arterial,70,Heavy Rain,27.5,87.5,0,917,50.09
2026-07-14 11:15:00,11,Tuesday,0,Highway,100,Clear,20.1,89.9,0,1332,12.88
2026-07-14 11:30:00,11,Tuesday,0,Arterial,70,Clear,17.6,80.6,0,826,12.16
2026-07-14 11:45:00,11,Tuesday,0,Highway,100,Clear,34.2,58.1,0,1192,10.53
2026-07-14 12:00:00,12,Tuesday,0,Residential,30,Clear,26.3,66.7,0,299,20.2
2026-07-14 12:15:00,12,Tuesday,0,Highway,100,Rainy,17.3,63.2,0,1174,31.75
2026-07-14 12:30:00,12,Tuesday,0,Downtown,50,Clear,28.1,81.3,0,490,13.36
2026-07-14 12:45:00,12,Tuesday,0,Highway,100,Clear,25.8,49.8,1,1429,53.95
2026-07-14 13:00:00,13,Tuesday,0,Highway,100,Clear,23.1,49.8,0,1027,14.73
2026-07-14 13:15:00,13,Tuesday,0,Residential,30,Foggy,18.6,85.0,0,382,33.23
2026-07-14 13:30:00,13,Tuesday,0,Arterial,70,Clear,28.1,42.6,0,635,11.17
2026-07-14 13:45:00,13,Tuesday,0,Highway,100,Clear,31.0,85.6,0,1350,13.3
2026-07-14 14:00:00,14,Tuesday,0,Residential,30,Clear,32.1,65.3,1,421,53.9
2026-07-14 14:15:00,14,Tuesday,0,Arterial,70,Clear,31.1,76.1,0,1002,17.82
2026-07-14 14:30:00,14,Tuesday,0,Residential,30,Clear,26.8,83.3,0,365,16.89
2026-07-14 14:45:00,14,Tuesday,0,Downtown,50,Rainy,34.3,83.2,0,680,26.7
2026-07-14 15:00:00,15,Tuesday,0,Arterial,70,Rainy,21.1,44.7,0,892,29.84
2026-07-14 15:15:00,15,Tuesday,0,Residential,30,Clear,22.5,60.3,0,208,13.61
2026-07-14 15:30:00,15,Tuesday,0,Highway,100,Clear,19.5,41.4,0,1232,11.29
2026-07-14 15:45:00,15,Tuesday,0,Highway,100,Clear,34.8,67.4,0,1234,17.68
2026-07-14 16:00:00,16,Tuesday,0,Highway,100,Clear,23.1,72.3,0,1312,14.3
2026-07-14 16:15:00,16,Tuesday,0,Highway,100,Foggy,21.3,56.3,0,1465,34.5
2026-07-14 16:30:00,16,Tuesday,0,Downtown,50,Rainy,32.6,46.1,0,799,34.27
2026-07-14 16:45:00,16,Tuesday,0,Arterial,70,Clear,16.2,45.9,0,817,12.53
2026-07-14 17:00:00,17,Tuesday,0,Highway,100,Rainy,32.4,59.5,0,2525,67.72
2026-07-14 17:15:00,17,Tuesday,0,Residential,30,Clear,32.2,64.9,0,758,56.08
2026-07-14 17:30:00,17,Tuesday,0,Highway,100,Rainy,18.8,52.3,0,2348,62.29
2026-07-14 17:45:00,17,Tuesday,0,Downtown,50,Clear,31.8,53.4,0,1516,52.36
2026-07-14 18:00:00,18,Tuesday,0,Highway,100,Clear,21.7,84.2,0,2476,54.35
2026-07-14 18:15:00,18,Tuesday,0,Highway,100,Clear,17.1,66.0,1,2514,87.19
2026-07-14 18:30:00,18,Tuesday,0,Arterial,70,Clear,21.6,84.8,0,1591,54.59
2026-07-14 18:45:00,18,Tuesday,0,Arterial,70,Clear,21.1,44.7,0,1786,54.15
2026-07-14 19:00:00,19,Tuesday,0,Highway,100,Rainy,20.8,84.2,0,2551,62.43
2026-07-14 19:15:00,19,Tuesday,0,Arterial,70,Clear,34.0,82.2,0,1675,55.05
2026-07-14 19:30:00,19,Tuesday,0,Highway,100,Rainy,22.6,49.5,0,2488,68.79
2026-07-14 19:45:00,19,Tuesday,0,Highway,100,Rainy,34.4,54.6,0,2664,66.38
2026-07-14 20:00:00,20,Tuesday,0,Highway,100,Clear,29.1,60.3,0,1286,17.4
2026-07-14 20:15:00,20,Tuesday,0,Highway,100,Clear,15.5,75.4,0,1193,16.52
2026-07-14 20:30:00,20,Tuesday,0,Downtown,50,Clear,33.9,73.8,0,765,14.25
2026-07-14 20:45:00,20,Tuesday,0,Arterial,70,Rainy,20.6,72.9,0,909,29.38
2026-07-14 21:00:00,21,Tuesday,0,Downtown,50,Clear,34.8,47.8,0,478,11.74
2026-07-14 21:15:00,21,Tuesday,0,Highway,100,Clear,32.2,83.6,0,921,9.83
2026-07-14 21:30:00,21,Tuesday,0,Arterial,70,Clear,25.5,70.2,0,803,17.22
2026-07-14 21:45:00,21,Tuesday,0,Arterial,70,Clear,30.1,45.1,0,776,16.21
2026-07-14 22:00:00,22,Tuesday,0,Downtown,50,Heavy Rain,25.5,49.4,0,641,45.75
2026-07-14 22:15:00,22,Tuesday,0,Downtown,50,Rainy,25.0,79.2,0,936,33.79
2026-07-14 22:30:00,22,Tuesday,0,Highway,100,Clear,28.0,72.8,0,1249,20.1
2026-07-14 22:45:00,22,Tuesday,0,Residential,30,Rainy,21.3,59.8,0,225,22.35
2026-07-14 23:00:00,23,Tuesday,0,Highway,100,Rainy,16.6,73.1,0,383,17.18
2026-07-14 23:15:00,23,Tuesday,0,Highway,100,Clear,33.4,50.1,0,247,3.31
2026-07-14 23:30:00,23,Tuesday,0,Arterial,70,Clear,20.6,67.1,0,134,2.42
2026-07-14 23:45:00,23,Tuesday,0,Downtown,50,Clear,31.4,81.2,0,151,4.24
2026-07-15 00:00:00,0,Wednesday,0,Downtown,50,Clear,15.6,66.3,0,135,3.62
2026-07-15 00:15:00,0,Wednesday,0,Arterial,70,Clear,24.6,48.4,0,315,5.69
2026-07-15 00:30:00,0,Wednesday,0,Residential,30,Clear,27.9,46.9,0,135,7.93
2026-07-15 00:45:00,0,Wednesday,0,Highway,100,Clear,33.7,57.3,0,352,6.51
2026-07-15 01:00:00,1,Wednesday,0,Arterial,70,Clear,32.8,82.3,0,233,2.99
2026-07-15 01:15:00,1,Wednesday,0,Highway,100,Clear,22.9,45.0,1,345,37.73
2026-07-15 01:30:00,1,Wednesday,0,Highway,100,Rainy,16.6,67.3,0,372,17.4
2026-07-15 01:45:00,1,Wednesday,0,Highway,100,Clear,29.6,50.8,0,528,8.73
2026-07-15 02:00:00,2,Wednesday,0,Arterial,70,Heavy Rain,20.6,69.5,0,260,30.04
2026-07-15 02:15:00,2,Wednesday,0,Arterial,70,Clear,26.2,67.1,0,398,6.78
2026-07-15 02:30:00,2,Wednesday,0,Arterial,70,Clear,24.9,83.1,0,301,7.72
2026-07-15 02:45:00,2,Wednesday,0,Arterial,70,Rainy,24.6,76.8,0,226,19.2
2026-07-15 03:00:00,3,Wednesday,0,Residential,30,Clear,17.0,67.4,0,88,0.4
2026-07-15 03:15:00,3,Wednesday,0,Highway,100,Clear,32.1,76.9,0,425,8.42
2026-07-15 03:30:00,3,Wednesday,0,Residential,30,Rainy,25.4,58.3,0,311,29.82
2026-07-15 03:45:00,3,Wednesday,0,Arterial,70,Clear,26.2,82.0,0,200,2.32
2026-07-15 04:00:00,4,Wednesday,0,Highway,100,Clear,19.5,80.0,0,502,0.24
2026-07-15 04:15:00,4,Wednesday,0,Downtown,50,Heavy Rain,33.3,42.9,0,216,31.36
2026-07-15 04:30:00,4,Wednesday,0,Downtown,50,Clear,32.1,62.6,1,280,39.91
2026-07-15 04:45:00,4,Wednesday,0,Residential,30,Clear,34.4,71.3,0,50,5.06
2026-07-15 05:00:00,5,Wednesday,0,Highway,100,Rainy,22.8,46.8,0,438,20.74
2026-07-15 05:15:00,5,Wednesday,0,Arterial,70,Foggy,23.2,75.5,0,244,26.33
2026-07-15 05:30:00,5,Wednesday,0,Downtown,50,Clear,27.9,52.9,0,325,8.15
2026-07-15 05:45:00,5,Wednesday,0,Highway,100,Clear,24.2,73.3,0,363,2.51
2026-07-15 06:00:00,6,Wednesday,0,Downtown,50,Clear,22.0,73.2,0,725,11.76
2026-07-15 06:15:00,6,Wednesday,0,Residential,30,Clear,24.8,60.0,0,363,14.25
2026-07-15 06:30:00,6,Wednesday,0,Downtown,50,Heavy Rain,29.0,59.0,0,838,42.09
2026-07-15 06:45:00,6,Wednesday,0,Downtown,50,Rainy,23.3,75.8,0,727,29.92
2026-07-15 07:00:00,7,Wednesday,0,Downtown,50,Clear,18.7,46.2,0,731,13.11
2026-07-15 07:15:00,7,Wednesday,0,Downtown,50,Clear,15.7,42.9,0,544,9.46
2026-07-15 07:30:00,7,Wednesday,0,Highway,100,Clear,28.0,48.8,0,1185,17.03
2026-07-15 07:45:00,7,Wednesday,0,Arterial,70,Clear,22.0,80.9,0,649,6.68
2026-07-15 08:00:00,8,Wednesday,0,Arterial,70,Foggy,19.4,45.1,0,1508,67.44
2026-07-15 08:15:00,8,Wednesday,0,Arterial,70,Clear,16.9,68.0,0,1670,54.32
2026-07-15 08:30:00,8,Wednesday,0,Downtown,50,Rainy,20.6,77.4,0,1323,65.82
2026-07-15 08:45:00,8,Wednesday,0,Downtown,50,Foggy,34.2,63.7,1,1233,100.0
2026-07-15 09:00:00,9,Wednesday,0,Arterial,70,Clear,24.2,68.3,0,1755,55.34
2026-07-15 09:15:00,9,Wednesday,0,Arterial,70,Clear,30.2,56.9,0,1660,52.14
2026-07-15 09:30:00,9,Wednesday,0,Highway,100,Clear,28.2,59.3,0,2294,51.42
2026-07-15 09:45:00,9,Wednesday,0,Downtown,50,Clear,31.0,72.2,0,1277,55.84
2026-07-15 10:00:00,10,Wednesday,0,Arterial,70,Foggy,22.2,70.6,0,1667,68.88
2026-07-15 10:15:00,10,Wednesday,0,Arterial,70,Clear,22.8,81.0,0,1788,54.08
2026-07-15 10:30:00,10,Wednesday,0,Residential,30,Clear,32.8,49.9,0,672,51.35
2026-07-15 10:45:00,10,Wednesday,0,Downtown,50,Clear,24.1,69.2,0,1432,52.85
2026-07-15 11:00:00,11,Wednesday,0,Residential,30,Clear,31.8,74.9,0,415,14.72
2026-07-15 11:15:00,11,Wednesday,0,Arterial,70,Clear,19.6,73.8,0,650,8.31
2026-07-15 11:30:00,11,Wednesday,0,Downtown,50,Clear,19.1,50.0,0,756,13.3
2026-07-15 11:45:00,11,Wednesday,0,Downtown,50,Rainy,24.5,42.6,1,758,61.32
2026-07-15 12:00:00,12,Wednesday,0,Residential,30,Rainy,19.4,55.8,0,531,40.67
2026-07-15 12:15:00,12,Wednesday,0,Downtown,50,Clear,31.4,76.9,0,852,15.18
2026-07-15 12:30:00,12,Wednesday,0,Arterial,70,Clear,16.7,79.1,0,885,15.64
2026-07-15 12:45:00,12,Wednesday,0,Downtown,50,Clear,24.6,68.4,0,774,23.61
2026-07-15 13:00:00,13,Wednesday,0,Highway,100,Clear,18.6,56.6,1,1229,55.94
2026-07-15 13:15:00,13,Wednesday,0,Residential,30,Rainy,25.4,80.2,0,372,24.06
2026-07-15 13:30:00,13,Wednesday,0,Arterial,70,Clear,18.6,51.2,0,976,21.83
2026-07-15 13:45:00,13,Wednesday,0,Arterial,70,Rainy,34.6,59.3,0,956,28.95
2026-07-15 14:00:00,14,Wednesday,0,Residential,30,Foggy,15.1,54.9,0,313,23.01
2026-07-15 14:15:00,14,Wednesday,0,Highway,100,Rainy,20.4,82.7,0,1424,25.52
2026-07-15 14:30:00,14,Wednesday,0,Downtown,50,Clear,31.9,69.9,0,716,19.53
2026-07-15 14:45:00,14,Wednesday,0,Residential,30,Rainy,34.2,82.5,0,173,19.39
2026-07-15 15:00:00,15,Wednesday,0,Residential,30,Rainy,20.6,57.0,0,249,23.18
2026-07-15 15:15:00,15,Wednesday,0,Highway,100,Rainy,21.6,65.4,0,1178,28.41
2026-07-15 15:30:00,15,Wednesday,0,Highway,100,Clear,29.8,47.5,0,1162,14.41
2026-07-15 15:45:00,15,Wednesday,0,Highway,100,Clear,19.8,64.7,0,1423,23.02
2026-07-15 16:00:00,16,Wednesday,0,Residential,30,Clear,33.6,54.3,0,551,34.7
2026-07-15 16:15:00,16,Wednesday,0,Highway,100,Rainy,15.6,74.5,0,1231,33.4
2026-07-15 16:30:00,16,Wednesday,0,Residential,30,Clear,34.7,43.2,0,505,22.4
2026-07-15 16:45:00,16,Wednesday,0,Downtown,50,Rainy,16.9,81.1,0,903,32.09
2026-07-15 17:00:00,17,Wednesday,0,Highway,100,Clear,27.9,89.2,0,2589,60.15
2026-07-15 17:15:00,17,Wednesday,0,Downtown,50,Heavy Rain,25.9,60.8,0,1564,86.64
2026-07-15 17:30:00,17,Wednesday,0,Arterial,70,Clear,28.1,53.5,0,1707,55.18
2026-07-15 17:45:00,17,Wednesday,0,Downtown,50,Rainy,20.7,71.9,0,1267,64.02
2026-07-15 18:00:00,18,Wednesday,0,Highway,100,Clear,27.0,88.6,1,2431,84.61
2026-07-15 18:15:00,18,Wednesday,0,Highway,100,Clear,31.7,85.8,0,2416,50.34
2026-07-15 18:30:00,18,Wednesday,0,Arterial,70,Rainy,27.9,79.3,0,1579,61.66
2026-07-15 18:45:00,18,Wednesday,0,Highway,100,Rainy,31.9,78.4,0,2502,62.77
2026-07-15 19:00:00,19,Wednesday,0,Arterial,70,Rainy,28.6,47.7,0,1600,63.18
2026-07-15 19:15:00,19,Wednesday,0,Highway,100,Rainy,19.8,81.8,0,2417,59.33
2026-07-15 19:30:00,19,Wednesday,0,Downtown,50,Clear,15.1,86.1,0,1423,58.97
2026-07-15 19:45:00,19,Wednesday,0,Arterial,70,Clear,19.8,78.9,0,1421,50.2
2026-07-15 20:00:00,20,Wednesday,0,Highway,100,Rainy,20.6,42.8,0,1223,27.41
2026-07-15 20:15:00,20,Wednesday,0,Highway,100,Rainy,16.3,83.3,0,1281,27.33
2026-07-15 20:30:00,20,Wednesday,0,Arterial,70,Clear,23.1,41.1,0,1007,16.44
2026-07-15 20:45:00,20,Wednesday,0,Downtown,50,Rainy,30.9,71.6,0,588,24.56
2026-07-15 21:00:00,21,Wednesday,0,Downtown,50,Rainy,19.9,83.1,0,655,26.84
2026-07-15 21:15:00,21,Wednesday,0,Arterial,70,Clear,16.8,63.0,1,885,57.05
2026-07-15 21:30:00,21,Wednesday,0,Arterial,70,Clear,34.1,86.4,0,827,15.24
2026-07-15 21:45:00,21,Wednesday,0,Highway,100,Clear,19.2,74.8,0,1316,15.27
2026-07-15 22:00:00,22,Wednesday,0,Arterial,70,Clear,15.2,89.4,0,735,13.42
2026-07-15 22:15:00,22,Wednesday,0,Downtown,50,Clear,34.8,87.5,0,584,10.7
2026-07-15 22:30:00,22,Wednesday,0,Highway,100,Heavy Rain,16.2,82.8,0,1241,43.55
2026-07-15 22:45:00,22,Wednesday,0,Highway,100,Clear,24.9,62.9,0,1189,18.94
2026-07-15 23:00:00,23,Wednesday,0,Highway,100,Rainy,21.7,54.3,0,361,13.16
2026-07-15 23:15:00,23,Wednesday,0,Highway,100,Heavy Rain,19.3,49.9,0,355,29.33
2026-07-15 23:30:00,23,Wednesday,0,Downtown,50,Clear,17.7,48.6,0,423,10.35
2026-07-15 23:45:00,23,Wednesday,0,Arterial,70,Clear,34.5,56.5,0,302,7.01
2026-07-16 00:00:00,0,Thursday,0,Downtown,50,Clear,19.8,85.6,0,131,5.54
2026-07-16 00:15:00,0,Thursday,0,Residential,30,Foggy,15.9,78.5,0,75,16.99
2026-07-16 00:30:00,0,Thursday,0,Arterial,70,Clear,26.5,48.5,0,318,14.1
2026-07-16 00:45:00,0,Thursday,0,Downtown,50,Clear,32.9,63.0,0,375,11.79
2026-07-16 01:00:00,1,Thursday,0,Arterial,70,Rainy,21.5,47.4,0,207,11.12
2026-07-16 01:15:00,1,Thursday,0,Arterial,70,Clear,27.0,41.5,1,170,43.23
2026-07-16 01:30:00,1,Thursday,0,Highway,100,Clear,28.4,55.8,0,520,1.39
2026-07-16 01:45:00,1,Thursday,0,Downtown,50,Clear,32.3,50.9,0,213,2.05
2026-07-16 02:00:00,2,Thursday,0,Arterial,70,Clear,22.8,81.4,0,326,5.85
2026-07-16 02:15:00,2,Thursday,0,Arterial,70,Rainy,31.5,50.2,0,335,20.78
2026-07-16 02:30:00,2,Thursday,0,Highway,100,Clear,23.0,81.5,0,439,8.91
2026-07-16 02:45:00,2,Thursday,0,Arterial,70,Clear,26.5,58.1,0,195,9.47
2026-07-16 03:00:00,3,Thursday,0,Downtown,50,Clear,18.0,63.1,1,130,39.73
2026-07-16 03:15:00,3,Thursday,0,Arterial,70,Foggy,17.5,52.7,0,50,23.49
2026-07-16 03:30:00,3,Thursday,0,Highway,100,Clear,17.0,70.3,0,268,3.35
2026-07-16 03:45:00,3,Thursday,0,Downtown,50,Clear,23.2,69.8,0,290,3.25
2026-07-16 04:00:00,4,Thursday,0,Arterial,70,Rainy,29.8,82.7,0,361,17.41
2026-07-16 04:15:00,4,Thursday,0,Highway,100,Clear,18.9,85.7,0,440,2.52
2026-07-16 04:30:00,4,Thursday,0,Highway,100,Foggy,22.4,73.2,0,418,24.49
2026-07-16 04:45:00,4,Thursday,0,Highway,100,Foggy,27.5,83.5,0,415,19.45
2026-07-16 05:00:00,5,Thursday,0,Highway,100,Rainy,23.2,47.6,1,440,55.58
2026-07-16 05:15:00,5,Thursday,0,Downtown,50,Clear,33.0,84.1,0,211,7.1
2026-07-16 05:30:00,5,Thursday,0,Arterial,70,Heavy Rain,24.3,72.1,0,405,38.23
2026-07-16 05:45:00,5,Thursday,0,Downtown,50,Clear,21.0,72.2,0,245,5.98
2026-07-16 06:00:00,6,Thursday,0,Arterial,70,Clear,30.8,48.0,0,616,10.73
2026-07-16 06:15:00,6,Thursday,0,Arterial,70,Clear,19.0,56.8,0,778,11.54
2026-07-16 06:30:00,6,Thursday,0,Highway,100,Clear,27.2,83.3,0,1174,13.56
2026-07-16 06:45:00,6,Thursday,0,Highway,100,Heavy Rain,28.5,42.1,0,1084,41.47
2026-07-16 07:00:00,7,Thursday,0,Downtown,50,Clear,27.3,63.1,0,892,22.26
2026-07-16 07:15:00,7,Thursday,0,Arterial,70,Clear,31.8,47.4,0,998,15.94
2026-07-16 07:30:00,7,Thursday,0,Highway,100,Rainy,17.1,43.2,0,1354,29.94
2026-07-16 07:45:00,7,Thursday,0,Arterial,70,Clear,29.1,56.2,0,750,11.91
2026-07-16 08:00:00,8,Thursday,0,Arterial,70,Foggy,31.1,86.8,1,1502,100.0
2026-07-16 08:15:00,8,Thursday,0,Arterial,70,Foggy,24.3,65.3,0,1457,63.68
2026-07-16 08:30:00,8,Thursday,0,Arterial,70,Foggy,16.2,88.6,0,1688,73.94
2026-07-16 08:45:00,8,Thursday,0,Downtown,50,Clear,28.1,84.1,0,1353,50.55
2026-07-16 09:00:00,9,Thursday,0,Highway,100,Clear,28.6,50.7,0,2565,57.11
2026-07-16 09:15:00,9,Thursday,0,Highway,100,Clear,22.9,57.2,0,2533,54.59
2026-07-16 09:30:00,9,Thursday,0,Highway,100,Clear,21.4,88.9,1,2387,83.09
2026-07-16 09:45:00,9,Thursday,0,Arterial,70,Clear,19.3,73.0,0,1538,55.8
2026-07-16 10:00:00,10,Thursday,0,Downtown,50,Rainy,25.2,75.2,0,1391,65.35
2026-07-16 10:15:00,10,Thursday,0,Highway,100,Clear,29.2,58.4,0,2585,57.51
2026-07-16 10:30:00,10,Thursday,0,Arterial,70,Clear,18.0,62.9,0,1714,50.54
2026-07-16 10:45:00,10,Thursday,0,Residential,30,Clear,23.8,75.8,0,820,60.01
2026-07-16 11:00:00,11,Thursday,0,Arterial,70,Rainy,34.0,65.1,0,998,32.45
2026-07-16 11:15:00,11,Thursday,0,Downtown,50,Clear,29.7,79.2,0,855,18.72
2026-07-16 11:30:00,11,Thursday,0,Residential,30,Clear,26.6,80.2,0,328,15.04
2026-07-16 11:45:00,11,Thursday,0,Downtown,50,Rainy,29.5,78.3,0,783,30.17
2026-07-16 12:00:00,12,Thursday,0,Residential,30,Rainy,26.3,66.4,0,359,23.32
2026-07-16 12:15:00,12,Thursday,0,Arterial,70,Clear,33.5,67.9,0,760,14.1
2026-07-16 12:30:00,12,Thursday,0,Residential,30,Clear,27.8,70.4,0,189,8.91
2026-07-16 12:45:00,12,Thursday,0,Highway,100,Clear,30.8,61.6,0,1290,14.35
2026-07-16 13:00:00,13,Thursday,0,Arterial,70,Clear,28.5,50.4,0,891,16.3
2026-07-16 13:15:00,13,Thursday,0,Highway,100,Clear,34.2,55.9,0,1175,13.85
2026-07-16 13:30:00,13,Thursday,0,Downtown,50,Foggy,24.1,71.3,0,916,34.83
2026-07-16 13:45:00,13,Thursday,0,Highway,100,Clear,23.8,83.2,0,1113,15.78
2026-07-16 14:00:00,14,Thursday,0,Highway,100,Clear,30.2,63.1,0,1375,20.7
2026-07-16 14:15:00,14,Thursday,0,Downtown,50,Foggy,29.6,55.1,0,654,32.6
2026-07-16 14:30:00,14,Thursday,0,Residential,30,Clear,29.0,76.5,0,554,26.4
2026-07-16 14:45:00,14,Thursday,0,Arterial,70,Rainy,21.9,85.1,0,838,21.88
2026-07-16 15:00:00,15,Thursday,0,Downtown,50,Rainy,19.2,47.2,0,1048,32.19
2026-07-16 15:15:00,15,Thursday,0,Arterial,70,Rainy,23.6,87.3,0,1004,35.72
2026-07-16 15:30:00,15,Thursday,0,Highway,100,Clear,22.3,48.6,0,1119,12.9
2026-07-16 15:45:00,15,Thursday,0,Arterial,70,Clear,17.6,46.6,0,875,16.98
2026-07-16 16:00:00,16,Thursday,0,Highway,100,Clear,16.0,66.6,0,1416,16.61
2026-07-16 16:15:00,16,Thursday,0,Downtown,50,Heavy Rain,17.8,42.9,0,758,39.72
2026-07-16 16:30:00,16,Thursday,0,Arterial,70,Clear,18.0,56.0,0,846,17.37
2026-07-16 16:45:00,16,Thursday,0,Arterial,70,Clear,31.8,42.2,0,688,13.47
2026-07-16 17:00:00,17,Thursday,0,Arterial,70,Heavy Rain,21.1,53.5,0,1583,80.55
2026-07-16 17:15:00,17,Thursday,0,Downtown,50,Foggy,33.6,45.4,0,1418,69.58
2026-07-16 17:30:00,17,Thursday,0,Downtown,50,Clear,32.4,80.1,0,1231,48.3
2026-07-16 17:45:00,17,Thursday,0,Residential,30,Clear,28.1,76.6,0,591,51.89
2026-07-16 18:00:00,18,Thursday,0,Downtown,50,Clear,26.9,40.0,0,1378,54.43
2026-07-16 18:15:00,18,Thursday,0,Arterial,70,Clear,17.8,50.4,0,1651,55.0
2026-07-16 18:30:00,18,Thursday,0,Arterial,70,Clear,22.1,85.5,0,2056,58.24
2026-07-16 18:45:00,18,Thursday,0,Downtown,50,Clear,19.8,46.2,0,1441,58.42
2026-07-16 19:00:00,19,Thursday,0,Arterial,70,Clear,30.6,49.9,0,1593,50.71
2026-07-16 19:15:00,19,Thursday,0,Arterial,70,Clear,34.9,69.0,0,1625,48.62
2026-07-16 19:30:00,19,Thursday,0,Highway,100,Rainy,21.6,77.6,0,2536,67.28
2026-07-16 19:45:00,19,Thursday,0,Highway,100,Clear,33.2,40.3,0,2531,51.34
2026-07-16 20:00:00,20,Thursday,0,Downtown,50,Rainy,30.9,85.9,0,685,26.33
2026-07-16 20:15:00,20,Thursday,0,Downtown,50,Clear,31.2,51.0,0,913,20.94
2026-07-16 20:30:00,20,Thursday,0,Arterial,70,Rainy,23.8,48.6,0,741,30.56
2026-07-16 20:45:00,20,Thursday,0,Residential,30,Clear,22.0,57.4,0,536,29.68
2026-07-16 21:00:00,21,Thursday,0,Downtown,50,Clear,20.8,44.9,0,759,17.02
2026-07-16 21:15:00,21,Thursday,0,Downtown,50,Rainy,21.5,47.2,0,763,24.71
2026-07-16 21:30:00,21,Thursday,0,Arterial,70,Foggy,34.8,57.2,0,709,33.11
2026-07-16 21:45:00,21,Thursday,0,Residential,30,Clear,29.7,57.4,0,482,21.5
2026-07-16 22:00:00,22,Thursday,0,Highway,100,Clear,23.0,42.8,0,1329,18.05
2026-07-16 22:15:00,22,Thursday,0,Downtown,50,Foggy,30.0,86.8,0,726,34.5
2026-07-16 22:30:00,22,Thursday,0,Downtown,50,Foggy,15.6,83.6,0,741,34.24
2026-07-16 22:45:00,22,Thursday,0,Downtown,50,Foggy,23.9,86.8,0,645,31.5
2026-07-16 23:00:00,23,Thursday,0,Residential,30,Clear,18.2,40.4,0,110,7.97
2026-07-16 23:15:00,23,Thursday,0,Downtown,50,Foggy,25.3,81.9,0,307,28.74
2026-07-16 23:30:00,23,Thursday,0,Highway,100,Clear,21.3,44.7,0,362,5.01
2026-07-16 23:45:00,23,Thursday,0,Arterial,70,Clear,17.8,65.7,1,198,41.22
2026-07-17 00:00:00,0,Friday,0,Arterial,70,Clear,28.7,74.4,0,234,2.12
2026-07-17 00:15:00,0,Friday,0,Residential,30,Clear,16.3,51.5,0,81,1.2
2026-07-17 00:30:00,0,Friday,0,Arterial,70,Rainy,17.2,74.1,0,79,14.69
2026-07-17 00:45:00,0,Friday,0,Downtown,50,Rainy,16.4,81.2,0,218,15.03
2026-07-17 01:00:00,1,Friday,0,Arterial,70,Clear,21.8,88.4,0,263,6.42
2026-07-17 01:15:00,1,Friday,0,Highway,100,Clear,29.4,67.7,0,504,7.7
2026-07-17 01:30:00,1,Friday,0,Downtown,50,Clear,20.2,88.4,0,314,5.54
2026-07-17 01:45:00,1,Friday,0,Highway,100,Clear,18.6,44.4,0,172,3.71
2026-07-17 02:00:00,2,Friday,0,Downtown,50,Rainy,17.0,72.2,0,319,22.13
2026-07-17 02:15:00,2,Friday,0,Highway,100,Clear,31.9,84.9,0,178,0.0
2026-07-17 02:30:00,2,Friday,0,Arterial,70,Clear,22.6,68.3,0,101,3.9
2026-07-17 02:45:00,2,Friday,0,Highway,100,Clear,21.5,65.2,1,480,33.18
2026-07-17 03:00:00,3,Friday,0,Downtown,50,Clear,33.7,66.5,0,220,6.81
2026-07-17 03:15:00,3,Friday,0,Arterial,70,Clear,30.0,47.7,0,249,6.33
2026-07-17 03:30:00,3,Friday,0,Downtown,50,Foggy,22.5,89.6,0,415,25.13
2026-07-17 03:45:00,3,Friday,0,Arterial,70,Clear,30.9,68.2,0,256,1.25
2026-07-17 04:00:00,4,Friday,0,Downtown,50,Heavy Rain,32.7,83.2,0,160,32.65
2026-07-17 04:15:00,4,Friday,0,Highway,100,Clear,32.2,45.4,0,412,0.6
2026-07-17 04:30:00,4,Friday,0,Residential,30,Clear,25.9,48.3,0,69,0.04
2026-07-17 04:45:00,4,Friday,0,Arterial,70,Clear,31.9,89.1,0,176,0.0
2026-07-17 05:00:00,5,Friday,0,Arterial,70,Foggy,28.2,42.0,0,166,18.09
2026-07-17 05:15:00,5,Friday,0,Arterial,70,Rainy,21.3,58.8,0,188,13.38
2026-07-17 05:30:00,5,Friday,0,Highway,100,Clear,33.6,45.0,0,525,9.56
2026-07-17 05:45:00,5,Friday,0,Arterial,70,Foggy,23.2,65.7,0,75,19.69
2026-07-17 06:00:00,6,Friday,0,Arterial,70,Clear,23.7,70.5,0,938,18.59
2026-07-17 06:15:00,6,Friday,0,Arterial,70,Clear,32.9,74.6,0,1044,17.07
2026-07-17 06:30:00,6,Friday,0,Arterial,70,Clear,26.3,79.9,0,994,17.36
2026-07-17 06:45:00,6,Friday,0,Highway,100,Clear,33.7,41.3,0,959,10.8
2026-07-17 07:00:00,7,Friday,0,Downtown,50,Clear,16.4,58.5,0,945,25.23
2026-07-17 07:15:00,7,Friday,0,Arterial,70,Clear,30.3,44.4,0,733,16.78
2026-07-17 07:30:00,7,Friday,0,Arterial,70,Clear,25.1,57.3,1,996,49.47
2026-07-17 07:45:00,7,Friday,0,Residential,30,Clear,26.3,68.5,0,375,19.89
2026-07-17 08:00:00,8,Friday,0,Downtown,50,Clear,32.4,46.0,0,1608,56.14
2026-07-17 08:15:00,8,Friday,0,Downtown,50,Clear,25.3,53.9,0,1359,53.46
2026-07-17 08:30:00,8,Friday,0,Arterial,70,Clear,20.9,87.7,0,1416,51.01
2026-07-17 08:45:00,8,Friday,0,Highway,100,Clear,26.3,69.9,0,2584,54.99
2026-07-17 09:00:00,9,Friday,0,Residential,30,Foggy,31.1,50.5,0,951,80.33
2026-07-17 09:15:00,9,Friday,0,Residential,30,Clear,24.6,72.4,0,518,44.79
2026-07-17 09:30:00,9,Friday,0,Residential,30,Clear,25.7,50.9,0,605,47.56
2026-07-17 09:45:00,9,Friday,0,Highway,100,Clear,26.4,59.4,0,2576,56.05
2026-07-17 10:00:00,10,Friday,0,Arterial,70,Rainy,25.1,85.2,0,1626,66.07
2026-07-17 10:15:00,10,Friday,0,Arterial,70,Clear,29.1,73.9,0,1797,60.21
2026-07-17 10:30:00,10,Friday,0,Downtown,50,Clear,23.6,47.6,0,1526,60.02
2026-07-17 10:45:00,10,Friday,0,Downtown,50,Clear,28.2,58.4,0,1530,51.81
2026-07-17 11:00:00,11,Friday,0,Downtown,50,Foggy,23.8,58.0,0,837,33.08
2026-07-17 11:15:00,11,Friday,0,Residential,30,Clear,26.2,84.9,0,484,21.94
2026-07-17 11:30:00,11,Friday,0,Residential,30,Clear,15.5,45.3,0,439,22.38
2026-07-17 11:45:00,11,Friday,0,Downtown,50,Clear,19.0,81.6,0,707,19.43
2026-07-17 12:00:00,12,Friday,0,Arterial,70,Clear,27.8,56.8,0,855,15.64
2026-07-17 12:15:00,12,Friday,0,Highway,100,Clear,32.2,44.3,0,1304,18.22
2026-07-17 12:30:00,12,Friday,0,Highway,100,Clear,24.9,69.4,0,1205,14.21
2026-07-17 12:45:00,12,Friday,0,Arterial,70,Clear,28.9,68.8,0,806,15.59
2026-07-17 13:00:00,13,Friday,0,Highway,100,Clear,26.6,84.8,0,1061,16.73
2026-07-17 13:15:00,13,Friday,0,Highway,100,Clear,32.8,45.1,1,1318,48.83
2026-07-17 13:30:00,13,Friday,0,Residential,30,Clear,29.7,57.5,0,413,17.29
2026-07-17 13:45:00,13,Friday,0,Highway,100,Clear,35.0,56.4,0,1390,16.22
2026-07-17 14:00:00,14,Friday,0,Arterial,70,Clear,23.5,75.0,0,661,8.87
2026-07-17 14:15:00,14,Friday,0,Highway,100,Rainy,20.8,70.3,0,1174,24.25
2026-07-17 14:30:00,14,Friday,0,Highway,100,Clear,27.4,73.6,0,1281,16.3
2026-07-17 14:45:00,14,Friday,0,Highway,100,Clear,29.7,42.3,0,1208,18.68
2026-07-17 15:00:00,15,Friday,0,Highway,100,Clear,16.4,66.1,0,1248,21.05
2026-07-17 15:15:00,15,Friday,0,Arterial,70,Clear,22.2,49.1,0,897,13.29
2026-07-17 15:30:00,15,Friday,0,Highway,100,Rainy,25.8,61.2,0,1408,28.8
2026-07-17 15:45:00,15,Friday,0,Downtown,50,Clear,32.5,81.4,0,713,14.02
2026-07-17 16:00:00,16,Friday,0,Arterial,70,Clear,27.9,72.2,0,755,15.27
2026-07-17 16:15:00,16,Friday,0,Highway,100,Clear,23.2,78.1,0,1290,12.27
2026-07-17 16:30:00,16,Friday,0,Arterial,70,Clear,23.2,41.7,0,859,13.68
2026-07-17 16:45:00,16,Friday,0,Residential,30,Clear,15.7,75.4,0,312,11.18
2026-07-17 17:00:00,17,Friday,0,Highway,100,Clear,28.0,88.4,0,2515,54.63
2026-07-17 17:15:00,17,Friday,0,Residential,30,Clear,17.4,75.1,0,836,56.36
2026-07-17 17:30:00,17,Friday,0,Arterial,70,Clear,21.0,79.2,0,1629,52.95
2026-07-17 17:45:00,17,Friday,0,Downtown,50,Clear,18.8,50.8,0,1567,64.25
2026-07-17 18:00:00,18,Friday,0,Highway,100,Rainy,32.8,42.2,0,2710,73.37
2026-07-17 18:15:00,18,Friday,0,Highway,100,Clear,16.2,68.4,0,2464,50.28
2026-07-17 18:30:00,18,Friday,0,Arterial,70,Rainy,18.9,67.4,0,1739,69.88
2026-07-17 18:45:00,18,Friday,0,Highway,100,Rainy,29.8,75.2,0,2527,65.46
2026-07-17 19:00:00,19,Friday,0,Residential,30,Rainy,31.6,67.2,0,841,75.19
2026-07-17 19:15:00,19,Friday,0,Downtown,50,Foggy,22.3,42.0,0,1459,70.61
2026-07-17 19:30:00,19,Friday,0,Residential,30,Clear,31.6,56.6,0,724,53.22
2026-07-17 19:45:00,19,Friday,0,Downtown,50,Clear,28.7,86.2,0,1392,55.26
2026-07-17 20:00:00,20,Friday,0,Arterial,70,Clear,34.7,42.8,0,737,9.37
2026-07-17 20:15:00,20,Friday,0,Residential,30,Clear,33.3,61.2,0,115,5.9
2026-07-17 20:30:00,20,Friday,0,Arterial,70,Clear,20.2,54.5,0,976,13.98
2026-07-17 20:45:00,20,Friday,0,Arterial,70,Rainy,34.7,58.9,0,796,23.7
2026-07-17 21:00:00,21,Friday,0,Downtown,50,Clear,18.6,58.8,0,753,17.48
2026-07-17 21:15:00,21,Friday,0,Residential,30,Clear,15.9,60.0,0,216,9.96
2026-07-17 21:30:00,21,Friday,0,Highway,100,Clear,32.0,87.4,0,1153,11.34
2026-07-17 21:45:00,21,Friday,0,Arterial,70,Clear,28.6,65.2,1,845,50.82
2026-07-17 22:00:00,22,Friday,0,Arterial,70,Clear,29.2,86.5,0,927,19.96
2026-07-17 22:15:00,22,Friday,0,Arterial,70,Rainy,30.7,66.7,0,922,31.16
2026-07-17 22:30:00,22,Friday,0,Arterial,70,Rainy,31.3,51.7,0,941,30.29
2026-07-17 22:45:00,22,Friday,0,Highway,100,Rainy,25.1,83.0,0,1299,29.78
2026-07-17 23:00:00,23,Friday,0,Downtown,50,Clear,21.1,52.1,0,159,2.51
2026-07-17 23:15:00,23,Friday,0,Residential,30,Rainy,32.5,47.0,0,50,9.87
2026-07-17 23:30:00,23,Friday,0,Highway,100,Clear,22.7,42.3,0,450,7.23
2026-07-17 23:45:00,23,Friday,0,Arterial,70,Heavy Rain,33.3,67.6,0,323,34.43
2026-07-18 00:00:00,0,Saturday,1,Arterial,70,Heavy Rain,32.1,87.7,0,285,32.07
2026-07-18 00:15:00,0,Saturday,1,Downtown,50,Clear,30.3,69.1,0,292,6.65
2026-07-18 00:30:00,0,Saturday,1,Arterial,70,Rainy,15.6,76.4,0,50,12.93
2026-07-18 00:45:00,0,Saturday,1,Downtown,50,Foggy,18.5,60.2,0,579,30.37
2026-07-18 01:00:00,1,Saturday,1,Residential,30,Clear,26.3,84.3,0,237,13.09
2026-07-18 01:15:00,1,Saturday,1,Arterial,70,Clear,25.1,57.8,0,240,5.95
2026-07-18 01:30:00,1,Saturday,1,Residential,30,Clear,33.8,79.7,0,61,0.0
2026-07-18 01:45:00,1,Saturday,1,Arterial,70,Rainy,32.0,43.9,0,256,18.81
2026-07-18 02:00:00,2,Saturday,1,Highway,100,Rainy,26.0,80.9,0,383,14.53
2026-07-18 02:15:00,2,Saturday,1,Arterial,70,Foggy,20.9,50.3,0,293,21.01
2026-07-18 02:30:00,2,Saturday,1,Arterial,70,Clear,27.3,60.9,1,205,35.92
2026-07-18 02:45:00,2,Saturday,1,Arterial,70,Clear,23.1,44.9,0,50,0.0
2026-07-18 03:00:00,3,Saturday,1,Arterial,70,Clear,17.0,47.4,0,197,0.0
2026-07-18 03:15:00,3,Saturday,1,Downtown,50,Clear,15.0,86.0,0,187,5.27
2026-07-18 03:30:00,3,Saturday,1,Downtown,50,Clear,31.3,48.1,0,507,10.78
2026-07-18 03:45:00,3,Saturday,1,Arterial,70,Clear,23.4,86.1,0,420,13.63
2026-07-18 04:00:00,4,Saturday,1,Highway,100,Clear,20.1,64.4,0,232,2.59
2026-07-18 04:15:00,4,Saturday,1,Arterial,70,Clear,30.0,48.3,0,115,4.39
2026-07-18 04:30:00,4,Saturday,1,Highway,100,Clear,16.1,69.4,0,343,0.0
2026-07-18 04:45:00,4,Saturday,1,Residential,30,Clear,34.9,47.9,0,203,10.29
2026-07-18 05:00:00,5,Saturday,1,Highway,100,Clear,17.6,86.7,0,328,5.72
2026-07-18 05:15:00,5,Saturday,1,Highway,100,Clear,26.9,82.3,0,339,5.1
2026-07-18 05:30:00,5,Saturday,1,Downtown,50,Rainy,20.5,41.3,0,89,16.44
2026-07-18 05:45:00,5,Saturday,1,Highway,100,Rainy,26.2,74.1,0,230,14.08
2026-07-18 06:00:00,6,Saturday,1,Downtown,50,Clear,31.5,61.9,0,763,15.19
2026-07-18 06:15:00,6,Saturday,1,Arterial,70,Clear,24.8,67.5,0,663,9.96
2026-07-18 06:30:00,6,Saturday,1,Arterial,70,Clear,18.5,59.7,0,864,14.51
2026-07-18 06:45:00,6,Saturday,1,Highway,100,Rainy,33.3,60.1,0,1188,25.76
2026-07-18 07:00:00,7,Saturday,1,Arterial,70,Clear,22.9,58.6,0,720,16.1
2026-07-18 07:15:00,7,Saturday,1,Highway,100,Clear,24.0,43.0,0,1069,13.68
2026-07-18 07:30:00,7,Saturday,1,Residential,30,Clear,15.4,62.4,1,179,47.04
2026-07-18 07:45:00,7,Saturday,1,Highway,100,Clear,19.1,72.4,0,1231,15.15
2026-07-18 08:00:00,8,Saturday,1,Downtown,50,Clear,31.8,53.0,0,656,12.93
2026-07-18 08:15:00,8,Saturday,1,Downtown,50,Rainy,21.4,79.9,0,801,29.18
2026-07-18 08:30:00,8,Saturday,1,Arterial,70,Clear,24.9,62.6,0,842,16.02
2026-07-18 08:45:00,8,Saturday,1,Arterial,70,Clear,28.5,43.9,0,862,13.98
2026-07-18 09:00:00,9,Saturday,1,Highway,100,Clear,28.5,64.4,0,1223,13.5
2026-07-18 09:15:00,9,Saturday,1,Arterial,70,Clear,15.0,75.6,0,602,9.3
2026-07-18 09:30:00,9,Saturday,1,Downtown,50,Rainy,34.7,58.6,0,679,25.02
2026-07-18 09:45:00,9,Saturday,1,Arterial,70,Clear,27.5,48.5,0,947,18.28
2026-07-18 10:00:00,10,Saturday,1,Highway,100,Clear,23.2,65.3,0,1177,12.96
2026-07-18 10:15:00,10,Saturday,1,Downtown,50,Clear,19.7,64.2,0,911,25.04
2026-07-18 10:30:00,10,Saturday,1,Downtown,50,Foggy,23.8,57.1,0,636,31.85
2026-07-18 10:45:00,10,Saturday,1,Downtown,50,Rainy,23.3,53.0,0,788,25.65
2026-07-18 11:00:00,11,Saturday,1,Highway,100,Clear,15.4,68.9,0,1393,13.91
2026-07-18 11:15:00,11,Saturday,1,Highway,100,Foggy,20.8,56.6,0,1233,33.18
2026-07-18 11:30:00,11,Saturday,1,Highway,100,Foggy,28.8,83.8,0,1076,30.83
2026-07-18 11:45:00,11,Saturday,1,Downtown,50,Heavy Rain,31.3,41.8,0,675,42.17
2026-07-18 12:00:00,12,Saturday,1,Arterial,70,Clear,23.1,78.6,0,886,13.62
2026-07-18 12:15:00,12,Saturday,1,Arterial,70,Clear,32.0,56.5,0,627,9.49
2026-07-18 12:30:00,12,Saturday,1,Arterial,70,Clear,20.2,85.2,0,718,17.55
2026-07-18 12:45:00,12,Saturday,1,Arterial,70,Clear,30.0,76.9,0,841,18.94
2026-07-18 13:00:00,13,Saturday,1,Arterial,70,Rainy,17.8,72.7,0,994,37.15
2026-07-18 13:15:00,13,Saturday,1,Downtown,50,Rainy,32.6,84.4,0,741,25.96
2026-07-18 13:30:00,13,Saturday,1,Residential,30,Clear,26.2,45.7,0,489,25.68
2026-07-18 13:45:00,13,Saturday,1,Downtown,50,Foggy,16.6,45.3,0,486,29.12
2026-07-18 14:00:00,14,Saturday,1,Downtown,50,Foggy,28.8,79.6,0,786,34.61
2026-07-18 14:15:00,14,Saturday,1,Downtown,50,Clear,25.5,74.3,0,658,15.31
2026-07-18 14:30:00,14,Saturday,1,Arterial,70,Rainy,18.0,51.1,0,838,34.03
2026-07-18 14:45:00,14,Saturday,1,Highway,100,Clear,26.5,47.8,0,1183,7.42
2026-07-18 15:00:00,15,Saturday,1,Highway,100,Clear,34.3,89.0,0,1333,20.26
2026-07-18 15:15:00,15,Saturday,1,Highway,100,Clear,21.3,69.8,0,1188,18.2
2026-07-18 15:30:00,15,Saturday,1,Highway,100,Clear,28.8,59.3,0,1269,17.6
2026-07-18 15:45:00,15,Saturday,1,Arterial,70,Rainy,15.5,46.5,0,771,31.34
2026-07-18 16:00:00,16,Saturday,1,Residential,30,Clear,27.7,71.7,0,404,17.66
2026-07-18 16:15:00,16,Saturday,1,Highway,100,Clear,24.6,44.6,0,1288,13.8
2026-07-18 16:30:00,16,Saturday,1,Arterial,70,Rainy,26.8,59.4,1,855,61.09
2026-07-18 16:45:00,16,Saturday,1,Residential,30,Rainy,29.8,41.6,0,258,22.38
2026-07-18 17:00:00,17,Saturday,1,Arterial,70,Clear,30.0,83.3,0,988,20.76
2026-07-18 17:15:00,17,Saturday,1,Downtown,50,Clear,21.7,54.1,0,711,17.72
2026-07-18 17:30:00,17,Saturday,1,Residential,30,Clear,30.9,82.7,0,366,18.68
2026-07-18 17:45:00,17,Saturday,1,Highway,100,Clear,26.1,85.3,0,1425,19.59
2026-07-18 18:00:00,18,Saturday,1,Highway,100,Clear,22.3,53.7,0,1219,14.56
2026-07-18 18:15:00,18,Saturday,1,Downtown,50,Rainy,29.1,66.6,1,812,64.63
2026-07-18 18:30:00,18,Saturday,1,Downtown,50,Clear,17.1,74.1,0,700,10.26
2026-07-18 18:45:00,18,Saturday,1,Downtown,50,Foggy,26.9,73.6,0,627,37.74
2026-07-18 19:00:00,19,Saturday,1,Residential,30,Clear,24.4,61.6,0,335,16.19
2026-07-18 19:15:00,19,Saturday,1,Arterial,70,Rainy,32.9,64.7,0,936,23.42
2026-07-18 19:30:00,19,Saturday,1,Arterial,70,Clear,15.7,74.4,1,868,53.08
2026-07-18 19:45:00,19,Saturday,1,Downtown,50,Clear,27.4,43.0,0,875,20.41
2026-07-18 20:00:00,20,Saturday,1,Residential,30,Clear,30.9,53.5,0,252,13.11
2026-07-18 20:15:00,20,Saturday,1,Highway,100,Clear,31.7,53.4,0,1300,20.32
2026-07-18 20:30:00,20,Saturday,1,Downtown,50,Clear,22.3,53.2,0,508,7.9
2026-07-18 20:45:00,20,Saturday,1,Downtown,50,Clear,33.3,47.3,0,703,20.44
2026-07-18 21:00:00,21,Saturday,1,Arterial,70,Clear,22.5,61.6,0,841,13.36
2026-07-18 21:15:00,21,Saturday,1,Highway,100,Rainy,20.5,44.9,0,1221,27.12
2026-07-18 21:30:00,21,Saturday,1,Highway,100,Clear,21.2,80.0,0,1227,14.84
2026-07-18 21:45:00,21,Saturday,1,Downtown,50,Rainy,34.3,40.3,0,790,31.57
2026-07-18 22:00:00,22,Saturday,1,Highway,100,Rainy,20.8,43.7,0,1318,26.53
2026-07-18 22:15:00,22,Saturday,1,Downtown,50,Rainy,22.6,40.7,0,928,32.14
2026-07-18 22:30:00,22,Saturday,1,Arterial,70,Clear,25.5,48.2,0,1000,18.15
2026-07-18 22:45:00,22,Saturday,1,Downtown,50,Clear,24.8,75.1,0,623,16.17
2026-07-18 23:00:00,23,Saturday,1,Arterial,70,Foggy,26.4,61.2,0,267,19.91
2026-07-18 23:15:00,23,Saturday,1,Arterial,70,Clear,33.5,56.6,0,363,14.58
2026-07-18 23:30:00,23,Saturday,1,Arterial,70,Clear,33.2,62.5,0,174,3.89
2026-07-18 23:45:00,23,Saturday,1,Downtown,50,Clear,28.1,78.6,0,346,6.6
2026-07-19 00:00:00,0,Sunday,1,Highway,100,Rainy,17.1,41.0,0,185,17.44
2026-07-19 00:15:00,0,Sunday,1,Downtown,50,Clear,19.3,60.4,0,319,4.34
2026-07-19 00:30:00,0,Sunday,1,Highway,100,Foggy,22.8,85.0,0,361,21.78
2026-07-19 00:45:00,0,Sunday,1,Arterial,70,Clear,19.7,79.2,0,615,8.41
2026-07-19 01:00:00,1,Sunday,1,Downtown,50,Clear,26.7,40.2,0,306,6.95
2026-07-19 01:15:00,1,Sunday,1,Highway,100,Clear,28.4,58.7,0,367,0.0
2026-07-19 01:30:00,1,Sunday,1,Residential,30,Clear,24.0,58.9,0,237,9.61
2026-07-19 01:45:00,1,Sunday,1,Arterial,70,Foggy,20.3,51.2,0,50,19.95
2026-07-19 02:00:00,2,Sunday,1,Highway,100,Heavy Rain,33.0,71.8,0,382,34.21
2026-07-19 02:15:00,2,Sunday,1,Arterial,70,Foggy,26.4,46.3,0,326,23.91
2026-07-19 02:30:00,2,Sunday,1,Downtown,50,Foggy,30.2,55.5,0,153,17.62
2026-07-19 02:45:00,2,Sunday,1,Downtown,50,Clear,31.5,52.7,0,225,0.89
2026-07-19 03:00:00,3,Sunday,1,Arterial,70,Clear,17.7,58.1,0,451,14.85
2026-07-19 03:15:00,3,Sunday,1,Arterial,70,Foggy,33.7,58.0,0,132,20.86
2026-07-19 03:30:00,3,Sunday,1,Arterial,70,Clear,19.5,71.9,0,169,2.77
2026-07-19 03:45:00,3,Sunday,1,Highway,100,Clear,19.4,83.7,1,429,42.82
2026-07-19 04:00:00,4,Sunday,1,Arterial,70,Rainy,33.9,70.1,0,275,13.68
2026-07-19 04:15:00,4,Sunday,1,Arterial,70,Foggy,27.2,73.8,0,50,18.81
2026-07-19 04:30:00,4,Sunday,1,Downtown,50,Clear,34.5,73.5,0,265,4.44
2026-07-19 04:45:00,4,Sunday,1,Highway,100,Clear,17.0,71.2,0,536,9.96
2026-07-19 05:00:00,5,Sunday,1,Downtown,50,Clear,31.7,67.6,0,436,10.82
2026-07-19 05:15:00,5,Sunday,1,Highway,100,Clear,31.0,51.8,0,535,10.1
2026-07-19 05:30:00,5,Sunday,1,Downtown,50,Foggy,22.9,75.3,0,150,23.56
2026-07-19 05:45:00,5,Sunday,1,Downtown,50,Rainy,23.6,83.2,0,60,15.33
2026-07-19 06:00:00,6,Sunday,1,Arterial,70,Clear,29.7,70.9,0,807,9.51
2026-07-19 06:15:00,6,Sunday,1,Downtown,50,Rainy,24.8,45.8,0,797,27.98
2026-07-19 06:30:00,6,Sunday,1,Highway,100,Clear,28.4,88.2,1,1360,54.56
2026-07-19 06:45:00,6,Sunday,1,Residential,30,Heavy Rain,23.9,60.8,0,489,52.25
2026-07-19 07:00:00,7,Sunday,1,Residential,30,Clear,22.3,89.2,0,437,17.05
2026-07-19 07:15:00,7,Sunday,1,Highway,100,Clear,20.8,48.4,0,1180,8.26
2026-07-19 07:30:00,7,Sunday,1,Highway,100,Rainy,21.3,57.1,0,1099,18.65
2026-07-19 07:45:00,7,Sunday,1,Arterial,70,Heavy Rain,33.1,70.5,0,746,42.77
2026-07-19 08:00:00,8,Sunday,1,Downtown,50,Clear,31.8,87.1,0,980,19.21
2026-07-19 08:15:00,8,Sunday,1,Highway,100,Foggy,23.7,48.3,0,1201,32.01
2026-07-19 08:30:00,8,Sunday,1,Arterial,70,Rainy,26.4,72.8,0,576,21.8
2026-07-19 08:45:00,8,Sunday,1,Residential,30,Clear,21.0,87.1,1,103,43.46
2026-07-19 09:00:00,9,Sunday,1,Downtown,50,Clear,18.9,64.5,0,810,20.07
2026-07-19 09:15:00,9,Sunday,1,Downtown,50,Clear,32.6,46.9,0,613,13.88
2026-07-19 09:30:00,9,Sunday,1,Highway,100,Clear,33.9,85.4,0,1228,14.63
2026-07-19 09:45:00,9,Sunday,1,Arterial,70,Clear,16.7,73.7,0,955,15.93
2026-07-19 10:00:00,10,Sunday,1,Downtown,50,Clear,16.9,85.9,0,774,13.35
2026-07-19 10:15:00,10,Sunday,1,Arterial,70,Clear,24.5,64.3,0,753,14.85
2026-07-19 10:30:00,10,Sunday,1,Highway,100,Clear,23.6,53.8,0,1334,14.07
2026-07-19 10:45:00,10,Sunday,1,Downtown,50,Clear,28.0,88.1,0,724,18.83
2026-07-19 11:00:00,11,Sunday,1,Arterial,70,Clear,30.0,63.9,0,852,20.27
2026-07-19 11:15:00,11,Sunday,1,Highway,100,Clear,18.2,83.3,0,1072,10.27
2026-07-19 11:30:00,11,Sunday,1,Residential,30,Clear,34.9,76.9,0,319,13.26
2026-07-19 11:45:00,11,Sunday,1,Highway,100,Clear,29.4,48.5,0,1098,15.58
2026-07-19 12:00:00,12,Sunday,1,Arterial,70,Clear,28.6,67.1,0,725,10.83
2026-07-19 12:15:00,12,Sunday,1,Downtown,50,Rainy,26.6,71.4,0,748,30.6
2026-07-19 12:30:00,12,Sunday,1,Arterial,70,Foggy,18.4,74.3,1,694,70.67
2026-07-19 12:45:00,12,Sunday,1,Highway,100,Foggy,29.9,57.0,0,1346,36.52
2026-07-19 13:00:00,13,Sunday,1,Downtown,50,Clear,19.6,82.6,0,938,30.2
2026-07-19 13:15:00,13,Sunday,1,Arterial,70,Rainy,29.8,82.8,0,960,31.24
2026-07-19 13:30:00,13,Sunday,1,Highway,100,Clear,27.4,85.8,0,1179,12.7
2026-07-19 13:45:00,13,Sunday,1,Arterial,70,Clear,26.8,84.3,0,905,15.97
2026-07-19 14:00:00,14,Sunday,1,Downtown,50,Clear,22.2,79.5,0,567,13.6
2026-07-19 14:15:00,14,Sunday,1,Downtown,50,Clear,30.4,72.4,0,651,13.85
2026-07-19 14:30:00,14,Sunday,1,Highway,100,Clear,27.3,69.9,0,1393,19.09
2026-07-19 14:45:00,14,Sunday,1,Residential,30,Clear,26.8,43.9,0,327,21.33
2026-07-19 15:00:00,15,Sunday,1,Downtown,50,Clear,17.6,83.6,0,627,11.73
2026-07-19 15:15:00,15,Sunday,1,Residential,30,Clear,25.0,78.5,0,344,19.34
2026-07-19 15:30:00,15,Sunday,1,Residential,30,Rainy,23.0,59.1,0,469,37.85
2026-07-19 15:45:00,15,Sunday,1,Downtown,50,Clear,18.2,56.0,0,694,14.77
2026-07-19 16:00:00,16,Sunday,1,Downtown,50,Clear,16.3,81.8,0,756,15.7
2026-07-19 16:15:00,16,Sunday,1,Downtown,50,Clear,22.5,47.8,0,1048,25.19
2026-07-19 16:30:00,16,Sunday,1,Residential,30,Clear,16.3,48.1,0,495,26.8
2026-07-19 16:45:00,16,Sunday,1,Highway,100,Clear,17.9,87.7,0,1051,15.78
2026-07-19 17:00:00,17,Sunday,1,Arterial,70,Clear,35.0,77.8,0,855,24.1
2026-07-19 17:15:00,17,Sunday,1,Highway,100,Clear,26.0,43.5,0,1356,17.47
2026-07-19 17:30:00,17,Sunday,1,Residential,30,Clear,17.1,69.2,0,225,12.07
2026-07-19 17:45:00,17,Sunday,1,Highway,100,Clear,27.2,41.8,0,1207,15.9
2026-07-19 18:00:00,18,Sunday,1,Residential,30,Clear,33.1,85.1,0,233,9.64
2026-07-19 18:15:00,18,Sunday,1,Downtown,50,Clear,33.6,50.4,0,717,14.2
2026-07-19 18:30:00,18,Sunday,1,Highway,100,Clear,21.7,53.3,0,1428,15.75
2026-07-19 18:45:00,18,Sunday,1,Highway,100,Clear,15.6,51.0,0,1275,16.19
2026-07-19 19:00:00,19,Sunday,1,Arterial,70,Clear,18.9,84.9,0,796,15.91
2026-07-19 19:15:00,19,Sunday,1,Highway,100,Clear,32.1,50.5,0,1606,23.43
2026-07-19 19:30:00,19,Sunday,1,Highway,100,Clear,15.9,89.7,0,1243,14.65
2026-07-19 19:45:00,19,Sunday,1,Downtown,50,Clear,24.4,40.9,0,551,13.84
2026-07-19 20:00:00,20,Sunday,1,Downtown,50,Rainy,32.0,46.7,0,700,24.81
2026-07-19 20:15:00,20,Sunday,1,Residential,30,Clear,31.7,64.8,0,362,16.21
2026-07-19 20:30:00,20,Sunday,1,Downtown,50,Rainy,27.4,59.3,0,703,30.38
2026-07-19 20:45:00,20,Sunday,1,Arterial,70,Heavy Rain,22.7,82.7,0,805,42.68
2026-07-19 21:00:00,21,Sunday,1,Residential,30,Clear,15.0,65.0,0,272,10.66
2026-07-19 21:15:00,21,Sunday,1,Downtown,50,Clear,33.3,42.1,0,673,14.55
2026-07-19 21:30:00,21,Sunday,1,Arterial,70,Clear,24.7,87.0,0,738,12.35
2026-07-19 21:45:00,21,Sunday,1,Arterial,70,Clear,27.0,53.3,0,856,13.51
2026-07-19 22:00:00,22,Sunday,1,Downtown,50,Clear,31.5,70.8,0,807,18.33
2026-07-19 22:15:00,22,Sunday,1,Downtown,50,Clear,19.8,43.6,0,762,17.07
2026-07-19 22:30:00,22,Sunday,1,Highway,100,Clear,33.4,87.5,0,1307,19.29
2026-07-19 22:45:00,22,Sunday,1,Highway,100,Rainy,34.6,66.3,0,1471,32.61
2026-07-19 23:00:00,23,Sunday,1,Highway,100,Rainy,26.7,70.6,0,405,13.96
2026-07-19 23:15:00,23,Sunday,1,Arterial,70,Clear,20.9,57.4,0,242,8.14
2026-07-19 23:30:00,23,Sunday,1,Arterial,70,Clear,29.4,61.1,0,130,1.83
2026-07-19 23:45:00,23,Sunday,1,Highway,100,Rainy,20.2,53.2,0,265,16.32
2026-07-20 00:00:00,0,Monday,0,Highway,100,Clear,26.9,77.6,0,309,4.51
2026-07-20 00:15:00,0,Monday,0,Arterial,70,Clear,33.6,61.1,0,275,2.72
2026-07-20 00:30:00,0,Monday,0,Highway,100,Clear,34.9,53.5,0,467,7.56
2026-07-20 00:45:00,0,Monday,0,Highway,100,Clear,16.8,42.3,0,570,10.05
2026-07-20 01:00:00,1,Monday,0,Arterial,70,Rainy,25.9,85.9,0,188,19.58
2026-07-20 01:15:00,1,Monday,0,Arterial,70,Rainy,17.2,68.2,0,305,22.25
2026-07-20 01:30:00,1,Monday,0,Arterial,70,Clear,33.2,58.5,0,396,3.97
2026-07-20 01:45:00,1,Monday,0,Arterial,70,Clear,18.5,53.0,0,316,3.89
2026-07-20 02:00:00,2,Monday,0,Arterial,70,Clear,34.3,62.3,0,144,0.0
2026-07-20 02:15:00,2,Monday,0,Arterial,70,Clear,26.7,52.4,0,211,3.99
2026-07-20 02:30:00,2,Monday,0,Arterial,70,Rainy,20.0,41.9,0,218,17.78
2026-07-20 02:45:00,2,Monday,0,Residential,30,Clear,32.8,79.3,0,105,2.54
2026-07-20 03:00:00,3,Monday,0,Highway,100,Clear,34.1,54.7,0,544,2.77
2026-07-20 03:15:00,3,Monday,0,Highway,100,Clear,32.2,80.6,0,332,8.79
2026-07-20 03:30:00,3,Monday,0,Downtown,50,Clear,17.0,59.7,0,50,0.0
2026-07-20 03:45:00,3,Monday,0,Arterial,70,Clear,29.1,65.6,0,272,3.38
2026-07-20 04:00:00,4,Monday,0,Downtown,50,Heavy Rain,22.4,55.3,0,201,27.35
2026-07-20 04:15:00,4,Monday,0,Downtown,50,Clear,18.2,53.6,0,70,0.0
2026-07-20 04:30:00,4,Monday,0,Residential,30,Clear,27.0,85.8,0,256,10.21
2026-07-20 04:45:00,4,Monday,0,Downtown,50,Clear,19.6,70.0,0,292,4.8
2026-07-20 05:00:00,5,Monday,0,Highway,100,Clear,21.7,64.5,0,439,8.94
2026-07-20 05:15:00,5,Monday,0,Downtown,50,Rainy,20.4,59.1,0,179,14.98
2026-07-20 05:30:00,5,Monday,0,Arterial,70,Clear,24.7,75.9,0,211,6.37
2026-07-20 05:45:00,5,Monday,0,Arterial,70,Clear,21.2,83.3,0,274,0.28
2026-07-20 06:00:00,6,Monday,0,Highway,100,Clear,21.1,59.2,0,1181,20.81
2026-07-20 06:15:00,6,Monday,0,Arterial,70,Rainy,29.9,49.3,0,709,23.85
2026-07-20 06:30:00,6,Monday,0,Highway,100,Clear,31.2,67.3,0,1435,20.1
2026-07-20 06:45:00,6,Monday,0,Arterial,70,Clear,16.3,69.9,0,610,6.62
2026-07-20 07:00:00,7,Monday,0,Downtown,50,Clear,23.4,40.8,0,737,18.06
2026-07-20 07:15:00,7,Monday,0,Residential,30,Clear,19.5,67.0,0,338,14.05
2026-07-20 07:30:00,7,Monday,0,Highway,100,Clear,34.1,51.9,0,1287,15.41
2026-07-20 07:45:00,7,Monday,0,Downtown,50,Clear,19.4,77.4,0,703,17.08
2026-07-20 08:00:00,8,Monday,0,Highway,100,Foggy,21.4,54.4,0,2443,72.41
2026-07-20 08:15:00,8,Monday,0,Arterial,70,Clear,31.5,57.0,0,1882,59.62
2026-07-20 08:30:00,8,Monday,0,Downtown,50,Clear,31.2,63.2,0,1419,57.81
2026-07-20 08:45:00,8,Monday,0,Downtown,50,Foggy,26.2,40.3,0,1401,66.33
2026-07-20 09:00:00,9,Monday,0,Highway,100,Clear,28.7,61.5,0,2459,56.13
2026-07-20 09:15:00,9,Monday,0,Arterial,70,Rainy,29.3,67.0,0,1509,56.67
2026-07-20 09:30:00,9,Monday,0,Arterial,70,Rainy,17.5,88.4,0,1800,70.82
2026-07-20 09:45:00,9,Monday,0,Residential,30,Clear,16.7,85.8,0,672,52.89
2026-07-20 10:00:00,10,Monday,0,Downtown,50,Clear,28.9,66.6,1,1506,98.36
2026-07-20 10:15:00,10,Monday,0,Highway,100,Clear,23.0,55.8,0,2541,52.5
2026-07-20 10:30:00,10,Monday,0,Downtown,50,Foggy,29.9,54.1,0,1518,75.67
2026-07-20 10:45:00,10,Monday,0,Highway,100,Clear,26.3,50.9,0,2479,52.54
2026-07-20 11:00:00,11,Monday,0,Arterial,70,Foggy,28.7,80.9,0,806,35.89
2026-07-20 11:15:00,11,Monday,0,Residential,30,Clear,20.4,53.0,0,243,7.35
2026-07-20 11:30:00,11,Monday,0,Highway,100,Clear,28.9,69.5,0,1334,16.08
2026-07-20 11:45:00,11,Monday,0,Highway,100,Rainy,26.6,57.9,0,1219,27.62
2026-07-20 12:00:00,12,Monday,0,Arterial,70,Clear,29.7,89.6,0,702,9.45
2026-07-20 12:15:00,12,Monday,0,Downtown,50,Foggy,34.5,87.3,0,779,33.67
2026-07-20 12:30:00,12,Monday,0,Downtown,50,Clear,29.8,47.1,0,586,7.95
2026-07-20 12:45:00,12,Monday,0,Arterial,70,Clear,34.9,70.0,0,766,10.09
2026-07-20 13:00:00,13,Monday,0,Arterial,70,Clear,34.5,76.3,0,814,20.32
2026-07-20 13:15:00,13,Monday,0,Highway,100,Clear,27.5,89.1,0,1147,14.57
2026-07-20 13:30:00,13,Monday,0,Highway,100,Clear,19.6,77.5,0,1255,11.3
2026-07-20 13:45:00,13,Monday,0,Highway,100,Foggy,15.3,40.4,0,1168,30.87
2026-07-20 14:00:00,14,Monday,0,Downtown,50,Rainy,22.2,61.6,0,727,25.06
2026-07-20 14:15:00,14,Monday,0,Highway,100,Clear,19.7,62.2,0,1354,17.09
2026-07-20 14:30:00,14,Monday,0,Highway,100,Clear,31.7,55.6,0,1275,14.91
2026-07-20 14:45:00,14,Monday,0,Arterial,70,Clear,31.6,76.8,0,742,16.48
2026-07-20 15:00:00,15,Monday,0,Downtown,50,Clear,28.8,51.9,0,765,15.03
2026-07-20 15:15:00,15,Monday,0,Highway,100,Clear,18.7,42.1,0,1278,13.13
2026-07-20 15:30:00,15,Monday,0,Residential,30,Rainy,22.5,47.3,0,516,32.79
2026-07-20 15:45:00,15,Monday,0,Highway,100,Foggy,33.8,84.4,0,1370,34.29
2026-07-20 16:00:00,16,Monday,0,Highway,100,Clear,15.9,42.0,0,1275,20.2
2026-07-20 16:15:00,16,Monday,0,Arterial,70,Rainy,21.8,78.1,0,880,28.97
2026-07-20 16:30:00,16,Monday,0,Arterial,70,Clear,33.1,85.1,1,599,48.31
2026-07-20 16:45:00,16,Monday,0,Highway,100,Clear,29.5,51.7,0,1276,19.82
2026-07-20 17:00:00,17,Monday,0,Downtown,50,Foggy,23.9,57.9,0,1250,72.71
2026-07-20 17:15:00,17,Monday,0,Downtown,50,Foggy,20.6,88.2,0,1301,66.16
2026-07-20 17:30:00,17,Monday,0,Arterial,70,Clear,32.4,60.9,1,1552,87.13
2026-07-20 17:45:00,17,Monday,0,Arterial,70,Heavy Rain,26.3,40.1,0,1771,80.34
2026-07-20 18:00:00,18,Monday,0,Arterial,70,Clear,20.7,86.4,0,1475,50.21
2026-07-20 18:15:00,18,Monday,0,Highway,100,Clear,25.4,55.4,0,2716,55.4
2026-07-20 18:30:00,18,Monday,0,Residential,30,Clear,29.5,58.2,0,811,61.68
2026-07-20 18:45:00,18,Monday,0,Arterial,70,Clear,33.5,71.6,0,1639,53.79
2026-07-20 19:00:00,19,Monday,0,Arterial,70,Heavy Rain,22.2,54.7,0,1715,78.06
2026-07-20 19:15:00,19,Monday,0,Highway,100,Clear,27.0,60.9,0,2426,49.12
2026-07-20 19:30:00,19,Monday,0,Arterial,70,Clear,30.7,75.5,0,1519,52.11
2026-07-20 19:45:00,19,Monday,0,Highway,100,Clear,34.2,74.5,0,2474,47.67
2026-07-20 20:00:00,20,Monday,0,Arterial,70,Rainy,21.2,66.8,1,1062,61.04
2026-07-20 20:15:00,20,Monday,0,Arterial,70,Rainy,20.3,48.5,0,936,29.23
2026-07-20 20:30:00,20,Monday,0,Downtown,50,Clear,16.4,76.5,0,539,14.68
2026-07-20 20:45:00,20,Monday,0,Residential,30,Clear,18.0,89.4,0,431,19.19
2026-07-20 21:00:00,21,Monday,0,Highway,100,Clear,28.6,48.9,0,1201,17.74
2026-07-20 21:15:00,21,Monday,0,Residential,30,Clear,26.0,86.8,0,218,8.42
2026-07-20 21:30:00,21,Monday,0,Highway,100,Clear,26.9,41.6,0,1234,19.32
2026-07-20 21:45:00,21,Monday,0,Highway,100,Heavy Rain,20.3,79.9,0,1219,35.26
2026-07-20 22:00:00,22,Monday,0,Arterial,70,Clear,19.5,65.8,0,733,15.33
2026-07-20 22:15:00,22,Monday,0,Arterial,70,Rainy,15.8,64.8,0,775,22.89
2026-07-20 22:30:00,22,Monday,0,Residential,30,Rainy,21.0,70.3,0,452,33.26
2026-07-20 22:45:00,22,Monday,0,Arterial,70,Rainy,24.1,66.2,0,904,32.3
2026-07-20 23:00:00,23,Monday,0,Residential,30,Rainy,30.5,82.3,0,313,20.59
2026-07-20 23:15:00,23,Monday,0,Arterial,70,Rainy,15.5,50.5,0,391,17.16
2026-07-20 23:30:00,23,Monday,0,Arterial,70,Heavy Rain,19.6,83.6,0,238,27.58
2026-07-20 23:45:00,23,Monday,0,Highway,100,Clear,22.1,48.0,0,382,4.69
2026-07-21 00:00:00,0,Tuesday,0,Residential,30,Clear,25.1,70.1,0,133,8.67
2026-07-21 00:15:00,0,Tuesday,0,Highway,100,Clear,32.7,75.7,0,325,4.44
2026-07-21 00:30:00,0,Tuesday,0,Residential,30,Foggy,17.5,45.6,0,50,24.39
2026-07-21 00:45:00,0,Tuesday,0,Highway,100,Clear,21.8,57.6,0,377,7.72
2026-07-21 01:00:00,1,Tuesday,0,Downtown,50,Rainy,26.0,55.5,0,266,17.31
2026-07-21 01:15:00,1,Tuesday,0,Downtown,50,Clear,33.2,84.3,0,287,3.74
2026-07-21 01:30:00,1,Tuesday,0,Downtown,50,Rainy,20.3,74.7,0,253,19.27
2026-07-21 01:45:00,1,Tuesday,0,Highway,100,Clear,29.4,67.5,0,432,6.75
2026-07-21 02:00:00,2,Tuesday,0,Highway,100,Clear,31.6,83.6,0,331,3.11
2026-07-21 02:15:00,2,Tuesday,0,Residential,30,Clear,23.4,40.7,0,210,14.74
2026-07-21 02:30:00,2,Tuesday,0,Arterial,70,Clear,22.0,80.6,0,229,0.5
2026-07-21 02:45:00,2,Tuesday,0,Residential,30,Clear,28.2,69.4,0,111,4.88
2026-07-21 03:00:00,3,Tuesday,0,Highway,100,Rainy,34.3,46.0,0,275,13.39
2026-07-21 03:15:00,3,Tuesday,0,Highway,100,Clear,29.9,73.8,0,307,1.31
2026-07-21 03:30:00,3,Tuesday,0,Arterial,70,Clear,17.8,64.3,0,290,6.75
2026-07-21 03:45:00,3,Tuesday,0,Arterial,70,Clear,34.8,72.8,1,50,34.8
2026-07-21 04:00:00,4,Tuesday,0,Highway,100,Heavy Rain,20.1,41.2,0,191,28.24
2026-07-21 04:15:00,4,Tuesday,0,Downtown,50,Clear,23.0,41.2,0,166,2.67
2026-07-21 04:30:00,4,Tuesday,0,Downtown,50,Clear,18.3,68.9,0,291,2.32
2026-07-21 04:45:00,4,Tuesday,0,Downtown,50,Rainy,24.6,62.7,0,150,14.32
2026-07-21 05:00:00,5,Tuesday,0,Downtown,50,Clear,29.2,52.8,0,178,6.76
2026-07-21 05:15:00,5,Tuesday,0,Arterial,70,Clear,18.6,41.8,0,355,7.78
2026-07-21 05:30:00,5,Tuesday,0,Arterial,70,Clear,18.5,72.7,0,386,6.38
2026-07-21 05:45:00,5,Tuesday,0,Highway,100,Clear,19.5,67.6,0,129,1.72
2026-07-21 06:00:00,6,Tuesday,0,Arterial,70,Clear,34.6,64.6,0,829,21.43
2026-07-21 06:15:00,6,Tuesday,0,Highway,100,Clear,28.6,63.0,0,1213,11.79
2026-07-21 06:30:00,6,Tuesday,0,Downtown,50,Rainy,24.6,49.1,0,478,19.55
2026-07-21 06:45:00,6,Tuesday,0,Arterial,70,Clear,33.3,41.5,0,724,12.54
2026-07-21 07:00:00,7,Tuesday,0,Residential,30,Clear,28.6,84.0,0,217,15.27
2026-07-21 07:15:00,7,Tuesday,0,Residential,30,Clear,30.0,69.4,0,200,8.17
2026-07-21 07:30:00,7,Tuesday,0,Residential,30,Rainy,26.5,64.5,0,614,38.74
2026-07-21 07:45:00,7,Tuesday,0,Downtown,50,Clear,29.2,77.1,0,724,12.04
2026-07-21 08:00:00,8,Tuesday,0,Arterial,70,Clear,24.2,45.5,0,1652,52.22
2026-07-21 08:15:00,8,Tuesday,0,Highway,100,Clear,19.2,76.8,0,2375,48.77
2026-07-21 08:30:00,8,Tuesday,0,Downtown,50,Clear,20.9,75.7,0,1450,54.37
2026-07-21 08:45:00,8,Tuesday,0,Arterial,70,Clear,24.2,79.2,0,1839,58.77
2026-07-21 09:00:00,9,Tuesday,0,Arterial,70,Clear,19.9,74.0,0,1866,51.29
2026-07-21 09:15:00,9,Tuesday,0,Highway,100,Clear,21.7,72.8,1,2459,89.59
2026-07-21 09:30:00,9,Tuesday,0,Arterial,70,Clear,19.9,48.6,0,1679,59.88
2026-07-21 09:45:00,9,Tuesday,0,Residential,30,Clear,22.3,56.5,0,681,54.77
2026-07-21 10:00:00,10,Tuesday,0,Highway,100,Clear,32.1,41.6,1,2338,85.05
2026-07-21 10:15:00,10,Tuesday,0,Downtown,50,Clear,16.4,81.4,0,1242,50.45
2026-07-21 10:30:00,10,Tuesday,0,Highway,100,Clear,25.1,78.3,0,2478,54.06
2026-07-21 10:45:00,10,Tuesday,0,Highway,100,Clear,30.4,78.0,0,2571,56.26
2026-07-21 11:00:00,11,Tuesday,0,Highway,100,Clear,30.1,52.8,0,1132,12.14
2026-07-21 11:15:00,11,Tuesday,0,Residential,30,Foggy,23.9,46.8,0,264,28.43
2026-07-21 11:30:00,11,Tuesday,0,Arterial,70,Clear,16.9,68.6,0,810,20.49
2026-07-21 11:45:00,11,Tuesday,0,Highway,100,Rainy,33.6,47.9,0,1131,22.15
2026-07-21 12:00:00,12,Tuesday,0,Arterial,70,Heavy Rain,20.2,64.6,1,974,81.23
2026-07-21 12:15:00,12,Tuesday,0,Highway,100,Heavy Rain,18.8,89.0,0,1038,39.5
2026-07-21 12:30:00,12,Tuesday,0,Arterial,70,Clear,34.3,55.3,0,866,15.66
2026-07-21 12:45:00,12,Tuesday,0,Arterial,70,Heavy Rain,23.5,49.8,0,940,49.53
2026-07-21 13:00:00,13,Tuesday,0,Downtown,50,Clear,26.6,86.6,0,732,15.11
2026-07-21 13:15:00,13,Tuesday,0,Arterial,70,Rainy,25.9,89.3,0,701,27.86
2026-07-21 13:30:00,13,Tuesday,0,Highway,100,Foggy,26.7,79.5,0,1224,31.32
2026-07-21 13:45:00,13,Tuesday,0,Highway,100,Rainy,29.0,44.4,0,1305,30.65
2026-07-21 14:00:00,14,Tuesday,0,Arterial,70,Clear,32.7,61.1,0,912,18.89
2026-07-21 14:15:00,14,Tuesday,0,Residential,30,Rainy,15.7,50.3,0,292,25.28
2026-07-21 14:30:00,14,Tuesday,0,Arterial,70,Foggy,30.0,87.2,0,603,30.43
2026-07-21 14:45:00,14,Tuesday,0,Arterial,70,Clear,15.7,51.7,0,884,21.15
2026-07-21 15:00:00,15,Tuesday,0,Highway,100,Clear,16.9,87.7,0,1084,15.01
2026-07-21 15:15:00,15,Tuesday,0,Residential,30,Rainy,20.5,40.3,0,575,35.13
2026-07-21 15:30:00,15,Tuesday,0,Highway,100,Clear,28.5,62.5,0,1288,13.07
2026-07-21 15:45:00,15,Tuesday,0,Downtown,50,Clear,29.7,49.2,0,796,21.77
2026-07-21 16:00:00,16,Tuesday,0,Highway,100,Clear,15.8,81.9,0,1224,14.14
2026-07-21 16:15:00,16,Tuesday,0,Arterial,70,Rainy,19.9,67.2,0,683,24.5
2026-07-21 16:30:00,16,Tuesday,0,Highway,100,Clear,30.2,77.2,0,1217,13.5
2026-07-21 16:45:00,16,Tuesday,0,Arterial,70,Foggy,34.4,71.9,0,712,35.26
2026-07-21 17:00:00,17,Tuesday,0,Downtown,50,Clear,20.3,43.8,0,1552,58.83
2026-07-21 17:15:00,17,Tuesday,0,Downtown,50,Heavy Rain,16.8,64.7,0,1324,82.54
2026-07-21 17:30:00,17,Tuesday,0,Highway,100,Clear,34.7,85.0,0,2655,52.74
2026-07-21 17:45:00,17,Tuesday,0,Highway,100,Clear,32.2,70.8,1,2476,85.52
2026-07-21 18:00:00,18,Tuesday,0,Arterial,70,Foggy,20.1,57.7,0,1593,72.44
2026-07-21 18:15:00,18,Tuesday,0,Highway,100,Clear,22.8,48.9,0,2490,52.29
2026-07-21 18:30:00,18,Tuesday,0,Residential,30,Clear,31.3,84.6,0,822,55.81
2026-07-21 18:45:00,18,Tuesday,0,Downtown,50,Rainy,31.6,53.4,0,1403,62.53
2026-07-21 19:00:00,19,Tuesday,0,Downtown,50,Clear,16.5,49.7,0,1409,57.02
2026-07-21 19:15:00,19,Tuesday,0,Downtown,50,Clear,17.1,52.0,0,1522,56.98
2026-07-21 19:30:00,19,Tuesday,0,Arterial,70,Clear,15.1,41.7,0,1664,59.25
2026-07-21 19:45:00,19,Tuesday,0,Highway,100,Clear,25.9,44.4,0,2427,55.53
2026-07-21 20:00:00,20,Tuesday,0,Downtown,50,Clear,30.1,85.6,0,631,10.02
2026-07-21 20:15:00,20,Tuesday,0,Highway,100,Clear,28.0,42.1,0,1370,20.99
2026-07-21 20:30:00,20,Tuesday,0,Highway,100,Rainy,33.6,43.7,0,1366,32.89
2026-07-21 20:45:00,20,Tuesday,0,Highway,100,Clear,30.7,87.8,0,1272,17.39
2026-07-21 21:00:00,21,Tuesday,0,Residential,30,Rainy,33.2,48.1,0,110,17.58
2026-07-21 21:15:00,21,Tuesday,0,Highway,100,Heavy Rain,28.3,85.1,1,1086,74.8
2026-07-21 21:30:00,21,Tuesday,0,Highway,100,Clear,27.1,63.6,0,1233,11.85
2026-07-21 21:45:00,21,Tuesday,0,Highway,100,Foggy,15.9,59.0,0,1173,35.98
2026-07-21 22:00:00,22,Tuesday,0,Highway,100,Clear,33.3,85.4,0,1259,12.58
2026-07-21 22:15:00,22,Tuesday,0,Highway,100,Rainy,33.6,40.2,0,1488,25.3
2026-07-21 22:30:00,22,Tuesday,0,Residential,30,Foggy,27.7,52.9,0,351,33.7
2026-07-21 22:45:00,22,Tuesday,0,Highway,100,Clear,27.7,74.5,0,1081,15.33
2026-07-21 23:00:00,23,Tuesday,0,Residential,30,Rainy,18.2,81.3,1,50,51.87
2026-07-21 23:15:00,23,Tuesday,0,Downtown,50,Clear,28.5,67.2,0,50,2.72
2026-07-21 23:30:00,23,Tuesday,0,Downtown,50,Clear,20.4,59.6,0,204,6.12
2026-07-21 23:45:00,23,Tuesday,0,Downtown,50,Clear,29.9,68.4,0,199,6.0
2026-07-22 00:00:00,0,Wednesday,0,Downtown,50,Clear,21.0,84.4,0,311,7.32
2026-07-22 00:15:00,0,Wednesday,0,Arterial,70,Clear,22.6,71.0,0,286,5.13
2026-07-22 00:30:00,0,Wednesday,0,Highway,100,Clear,15.9,56.0,0,372,2.02
2026-07-22 00:45:00,0,Wednesday,0,Arterial,70,Rainy,34.5,71.0,0,251,16.33
2026-07-22 01:00:00,1,Wednesday,0,Downtown,50,Clear,20.1,77.5,0,50,2.33
2026-07-22 01:15:00,1,Wednesday,0,Downtown,50,Rainy,32.7,76.8,0,178,22.19
2026-07-22 01:30:00,1,Wednesday,0,Highway,100,Foggy,25.7,69.7,1,365,58.33
2026-07-22 01:45:00,1,Wednesday,0,Highway,100,Clear,33.7,54.4,1,376,37.3
2026-07-22 02:00:00,2,Wednesday,0,Arterial,70,Clear,34.0,71.0,0,417,5.58
2026-07-22 02:15:00,2,Wednesday,0,Highway,100,Foggy,18.3,53.2,0,322,20.21
2026-07-22 02:30:00,2,Wednesday,0,Residential,30,Clear,19.3,53.6,0,202,11.67
2026-07-22 02:45:00,2,Wednesday,0,Highway,100,Rainy,27.6,65.9,0,289,19.0
2026-07-22 03:00:00,3,Wednesday,0,Highway,100,Clear,23.8,50.7,0,387,7.7
2026-07-22 03:15:00,3,Wednesday,0,Arterial,70,Rainy,30.0,58.4,0,130,16.93
2026-07-22 03:30:00,3,Wednesday,0,Arterial,70,Clear,34.8,44.3,0,373,6.88
2026-07-22 03:45:00,3,Wednesday,0,Arterial,70,Rainy,28.5,71.9,0,279,18.04
2026-07-22 04:00:00,4,Wednesday,0,Highway,100,Clear,21.3,45.5,0,388,5.39
2026-07-22 04:15:00,4,Wednesday,0,Downtown,50,Rainy,26.9,84.4,0,261,21.32
2026-07-22 04:30:00,4,Wednesday,0,Arterial,70,Rainy,31.8,83.1,0,192,13.79
2026-07-22 04:45:00,4,Wednesday,0,Downtown,50,Clear,30.2,64.3,0,230,4.17
2026-07-22 05:00:00,5,Wednesday,0,Downtown,50,Clear,21.6,51.0,0,276,10.58
2026-07-22 05:15:00,5,Wednesday,0,Highway,100,Clear,16.0,42.3,0,375,1.98
2026-07-22 05:30:00,5,Wednesday,0,Arterial,70,Clear,26.9,73.0,0,334,4.51
2026-07-22 05:45:00,5,Wednesday,0,Residential,30,Clear,15.3,85.0,0,50,5.02
2026-07-22 06:00:00,6,Wednesday,0,Residential,30,Clear,32.2,43.4,0,481,17.58
2026-07-22 06:15:00,6,Wednesday,0,Downtown,50,Foggy,25.8,59.7,0,756,37.39
2026-07-22 06:30:00,6,Wednesday,0,Residential,30,Heavy Rain,21.0,66.5,0,362,47.74
2026-07-22 06:45:00,6,Wednesday,0,Arterial,70,Clear,30.1,47.3,0,954,17.85
2026-07-22 07:00:00,7,Wednesday,0,Arterial,70,Foggy,22.1,88.3,0,623,32.92
2026-07-22 07:15:00,7,Wednesday,0,Arterial,70,Rainy,26.6,60.1,0,791,22.54
2026-07-22 07:30:00,7,Wednesday,0,Downtown,50,Clear,15.3,64.2,1,739,51.47
2026-07-22 07:45:00,7,Wednesday,0,Highway,100,Clear,29.5,65.1,0,1211,17.05
2026-07-22 08:00:00,8,Wednesday,0,Downtown,50,Clear,32.2,61.5,0,1463,55.51
2026-07-22 08:15:00,8,Wednesday,0,Highway,100,Clear,21.3,78.3,0,2604,51.16
2026-07-22 08:30:00,8,Wednesday,0,Highway,100,Clear,23.2,57.8,0,2485,50.94
2026-07-22 08:45:00,8,Wednesday,0,Downtown,50,Clear,26.7,48.2,0,1358,55.22
2026-07-22 09:00:00,9,Wednesday,0,Arterial,70,Foggy,29.2,77.8,0,1658,72.23
2026-07-22 09:15:00,9,Wednesday,0,Downtown,50,Clear,28.7,48.3,0,1412,50.89
2026-07-22 09:30:00,9,Wednesday,0,Highway,100,Clear,28.4,83.9,0,2490,56.04
2026-07-22 09:45:00,9,Wednesday,0,Downtown,50,Clear,32.2,73.1,0,1341,56.16
2026-07-22 10:00:00,10,Wednesday,0,Highway,100,Rainy,34.8,53.9,0,2425,68.38
2026-07-22 10:15:00,10,Wednesday,0,Arterial,70,Clear,26.9,85.9,0,1773,55.8
2026-07-22 10:30:00,10,Wednesday,0,Arterial,70,Rainy,31.8,86.0,0,1568,71.06
2026-07-22 10:45:00,10,Wednesday,0,Arterial,70,Clear,31.7,55.9,0,1603,50.04
2026-07-22 11:00:00,11,Wednesday,0,Downtown,50,Clear,18.8,66.4,0,648,17.63
2026-07-22 11:15:00,11,Wednesday,0,Arterial,70,Foggy,15.5,69.0,0,737,26.03
2026-07-22 11:30:00,11,Wednesday,0,Downtown,50,Heavy Rain,32.8,73.4,0,674,41.13
2026-07-22 11:45:00,11,Wednesday,0,Highway,100,Clear,27.6,84.3,0,1173,15.71
2026-07-22 12:00:00,12,Wednesday,0,Downtown,50,Clear,28.0,56.3,0,888,14.08
2026-07-22 12:15:00,12,Wednesday,0,Highway,100,Clear,22.5,76.8,0,1288,18.49
2026-07-22 12:30:00,12,Wednesday,0,Arterial,70,Rainy,24.9,49.7,0,815,26.75
2026-07-22 12:45:00,12,Wednesday,0,Downtown,50,Rainy,30.8,54.7,0,793,31.58
2026-07-22 13:00:00,13,Wednesday,0,Downtown,50,Clear,17.2,75.5,0,833,16.27
2026-07-22 13:15:00,13,Wednesday,0,Arterial,70,Clear,22.4,45.8,0,748,16.87
2026-07-22 13:30:00,13,Wednesday,0,Highway,100,Heavy Rain,19.2,72.8,0,1414,47.14
2026-07-22 13:45:00,13,Wednesday,0,Residential,30,Foggy,26.2,58.2,0,372,35.45
2026-07-22 14:00:00,14,Wednesday,0,Downtown,50,Clear,24.5,55.6,0,606,16.56
2026-07-22 14:15:00,14,Wednesday,0,Arterial,70,Rainy,16.0,86.4,0,831,29.84
2026-07-22 14:30:00,14,Wednesday,0,Highway,100,Rainy,32.9,61.9,0,1192,29.7
2026-07-22 14:45:00,14,Wednesday,0,Arterial,70,Clear,23.9,40.3,0,1088,18.04
2026-07-22 15:00:00,15,Wednesday,0,Downtown,50,Clear,20.9,87.4,0,733,12.29
2026-07-22 15:15:00,15,Wednesday,0,Downtown,50,Clear,20.5,81.2,0,783,17.35
2026-07-22 15:30:00,15,Wednesday,0,Highway,100,Clear,21.8,43.5,0,1225,15.7
2026-07-22 15:45:00,15,Wednesday,0,Arterial,70,Heavy Rain,30.9,57.3,0,561,36.35
2026-07-22 16:00:00,16,Wednesday,0,Residential,30,Heavy Rain,23.2,47.4,0,356,48.55
2026-07-22 16:15:00,16,Wednesday,0,Arterial,70,Clear,33.0,49.2,0,653,12.37
2026-07-22 16:30:00,16,Wednesday,0,Highway,100,Clear,19.9,71.6,0,1261,13.28
2026-07-22 16:45:00,16,Wednesday,0,Arterial,70,Clear,24.2,69.5,0,806,14.24
2026-07-22 17:00:00,17,Wednesday,0,Highway,100,Rainy,25.6,61.5,0,2606,61.36
2026-07-22 17:15:00,17,Wednesday,0,Highway,100,Rainy,28.9,80.1,0,2594,68.15
2026-07-22 17:30:00,17,Wednesday,0,Arterial,70,Clear,33.9,85.7,0,1792,54.91
2026-07-22 17:45:00,17,Wednesday,0,Arterial,70,Clear,27.8,42.1,0,1606,55.16
2026-07-22 18:00:00,18,Wednesday,0,Residential,30,Heavy Rain,31.3,89.4,0,844,89.11
2026-07-22 18:15:00,18,Wednesday,0,Arterial,70,Clear,27.3,72.9,0,1822,58.95
2026-07-22 18:30:00,18,Wednesday,0,Downtown,50,Clear,17.7,79.3,0,1417,54.37
2026-07-22 18:45:00,18,Wednesday,0,Downtown,50,Clear,26.2,53.9,0,1582,57.28
2026-07-22 19:00:00,19,Wednesday,0,Arterial,70,Clear,21.0,67.0,0,1784,53.36
2026-07-22 19:15:00,19,Wednesday,0,Arterial,70,Clear,21.9,71.9,0,1471,48.01
2026-07-22 19:30:00,19,Wednesday,0,Highway,100,Clear,25.2,73.9,0,2377,48.99
2026-07-22 19:45:00,19,Wednesday,0,Downtown,50,Clear,27.2,42.6,0,1362,50.57
2026-07-22 20:00:00,20,Wednesday,0,Arterial,70,Rainy,19.5,44.3,0,704,28.43
2026-07-22 20:15:00,20,Wednesday,0,Downtown,50,Rainy,22.0,66.3,0,572,22.11
2026-07-22 20:30:00,20,Wednesday,0,Residential,30,Rainy,26.7,75.0,0,151,16.75
2026-07-22 20:45:00,20,Wednesday,0,Highway,100,Clear,27.3,48.9,0,1386,23.06
2026-07-22 21:00:00,21,Wednesday,0,Residential,30,Rainy,34.3,69.9,0,365,29.0
2026-07-22 21:15:00,21,Wednesday,0,Downtown,50,Clear,20.5,83.9,0,679,15.91
2026-07-22 21:30:00,21,Wednesday,0,Arterial,70,Clear,31.8,84.6,0,777,15.4
2026-07-22 21:45:00,21,Wednesday,0,Arterial,70,Clear,30.3,84.6,0,1098,22.01
2026-07-22 22:00:00,22,Wednesday,0,Arterial,70,Heavy Rain,32.5,54.8,0,850,39.39
2026-07-22 22:15:00,22,Wednesday,0,Downtown,50,Clear,32.4,69.7,1,652,50.76
2026-07-22 22:30:00,22,Wednesday,0,Arterial,70,Foggy,25.4,60.1,0,832,31.05
2026-07-22 22:45:00,22,Wednesday,0,Downtown,50,Clear,20.3,68.2,0,906,22.97
2026-07-22 23:00:00,23,Wednesday,0,Highway,100,Rainy,24.0,89.4,0,221,13.49
2026-07-22 23:15:00,23,Wednesday,0,Arterial,70,Clear,29.7,84.1,0,128,0.0
2026-07-22 23:30:00,23,Wednesday,0,Highway,100,Clear,19.6,73.3,0,279,6.6
2026-07-22 23:45:00,23,Wednesday,0,Arterial,70,Clear,33.7,66.1,0,192,2.99
2026-07-23 00:00:00,0,Thursday,0,Highway,100,Clear,21.7,88.2,0,282,6.64
2026-07-23 00:15:00,0,Thursday,0,Highway,100,Heavy Rain,31.1,71.5,0,505,38.22
2026-07-23 00:30:00,0,Thursday,0,Downtown,50,Clear,33.9,67.6,0,424,15.17
2026-07-23 00:45:00,0,Thursday,0,Residential,30,Foggy,19.4,86.6,0,297,26.31
2026-07-23 01:00:00,1,Thursday,0,Downtown,50,Clear,31.7,82.3,0,279,4.5
2026-07-23 01:15:00,1,Thursday,0,Residential,30,Clear,34.6,41.2,0,182,10.23
2026-07-23 01:30:00,1,Thursday,0,Downtown,50,Clear,28.0,75.0,0,332,8.46
2026-07-23 01:45:00,1,Thursday,0,Arterial,70,Clear,15.2,74.4,0,63,0.9
2026-07-23 02:00:00,2,Thursday,0,Highway,100,Clear,23.5,61.3,0,396,6.53
2026-07-23 02:15:00,2,Thursday,0,Highway,100,Clear,34.8,72.2,0,144,0.0
2026-07-23 02:30:00,2,Thursday,0,Downtown,50,Foggy,16.6,55.7,0,200,22.72
2026-07-23 02:45:00,2,Thursday,0,Residential,30,Clear,29.5,54.3,0,265,11.43
2026-07-23 03:00:00,3,Thursday,0,Highway,100,Rainy,23.1,41.6,0,219,15.27
2026-07-23 03:15:00,3,Thursday,0,Highway,100,Clear,21.9,62.0,0,328,3.25
2026-07-23 03:30:00,3,Thursday,0,Downtown,50,Clear,28.3,60.9,1,175,38.97
2026-07-23 03:45:00,3,Thursday,0,Highway,100,Clear,21.3,58.1,0,231,0.0
2026-07-23 04:00:00,4,Thursday,0,Downtown,50,Rainy,16.7,75.2,0,151,13.55
2026-07-23 04:15:00,4,Thursday,0,Highway,100,Clear,20.1,59.1,0,441,10.05
2026-07-23 04:30:00,4,Thursday,0,Downtown,50,Foggy,32.5,83.0,0,201,17.56
2026-07-23 04:45:00,4,Thursday,0,Arterial,70,Clear,20.8,88.8,0,163,7.93
2026-07-23 05:00:00,5,Thursday,0,Highway,100,Heavy Rain,30.5,76.3,1,550,67.93
2026-07-23 05:15:00,5,Thursday,0,Highway,100,Rainy,15.3,46.3,0,357,15.63
2026-07-23 05:30:00,5,Thursday,0,Arterial,70,Clear,17.0,49.1,0,235,4.49
2026-07-23 05:45:00,5,Thursday,0,Arterial,70,Rainy,16.4,60.7,0,319,17.14
2026-07-23 06:00:00,6,Thursday,0,Arterial,70,Clear,15.7,89.2,0,773,15.15
2026-07-23 06:15:00,6,Thursday,0,Highway,100,Clear,20.7,71.1,0,1199,17.48
2026-07-23 06:30:00,6,Thursday,0,Arterial,70,Rainy,24.8,81.5,0,702,20.98
2026-07-23 06:45:00,6,Thursday,0,Highway,100,Clear,26.0,42.0,0,1014,18.73
2026-07-23 07:00:00,7,Thursday,0,Residential,30,Clear,28.1,70.8,0,265,4.03
2026-07-23 07:15:00,7,Thursday,0,Downtown,50,Clear,20.6,63.1,0,780,15.76
2026-07-23 07:30:00,7,Thursday,0,Highway,100,Clear,34.0,71.1,0,1278,14.29
2026-07-23 07:45:00,7,Thursday,0,Arterial,70,Clear,19.5,86.5,0,649,11.15
2026-07-23 08:00:00,8,Thursday,0,Highway,100,Clear,33.4,42.4,1,2469,84.16
2026-07-23 08:15:00,8,Thursday,0,Highway,100,Clear,24.7,73.3,0,2699,54.16
2026-07-23 08:30:00,8,Thursday,0,Highway,100,Clear,17.3,61.8,0,2495,56.31
2026-07-23 08:45:00,8,Thursday,0,Highway,100,Rainy,32.6,48.7,0,2512,68.3
2026-07-23 09:00:00,9,Thursday,0,Downtown,50,Clear,26.3,56.0,0,1526,57.37
2026-07-23 09:15:00,9,Thursday,0,Highway,100,Clear,26.7,52.3,0,2655,50.0
2026-07-23 09:30:00,9,Thursday,0,Highway,100,Clear,18.5,42.3,0,2455,53.31
2026-07-23 09:45:00,9,Thursday,0,Highway,100,Clear,31.0,71.4,0,2643,50.71
2026-07-23 10:00:00,10,Thursday,0,Arterial,70,Foggy,25.2,88.0,0,1820,72.55
2026-07-23 10:15:00,10,Thursday,0,Downtown,50,Rainy,32.2,75.1,0,1174,53.66
2026-07-23 10:30:00,10,Thursday,0,Arterial,70,Clear,23.1,47.4,0,1664,50.68
2026-07-23 10:45:00,10,Thursday,0,Highway,100,Clear,17.3,46.5,0,2472,53.99
2026-07-23 11:00:00,11,Thursday,0,Downtown,50,Clear,29.3,63.7,0,561,17.17
2026-07-23 11:15:00,11,Thursday,0,Highway,100,Clear,30.3,63.8,0,1022,9.74
2026-07-23 11:30:00,11,Thursday,0,Downtown,50,Clear,28.8,79.1,0,537,14.62
2026-07-23 11:45:00,11,Thursday,0,Arterial,70,Clear,18.5,65.4,0,675,14.84
2026-07-23 12:00:00,12,Thursday,0,Highway,100,Rainy,29.0,78.6,0,1307,24.18
2026-07-23 12:15:00,12,Thursday,0,Residential,30,Foggy,31.6,42.2,0,475,32.42
2026-07-23 12:30:00,12,Thursday,0,Highway,100,Clear,32.7,83.3,0,951,10.64
2026-07-23 12:45:00,12,Thursday,0,Downtown,50,Clear,15.8,76.0,0,691,16.07
2026-07-23 13:00:00,13,Thursday,0,Arterial,70,Heavy Rain,24.4,43.9,0,784,45.15
2026-07-23 13:15:00,13,Thursday,0,Downtown,50,Clear,19.4,65.9,0,738,10.34
2026-07-23 13:30:00,13,Thursday,0,Highway,100,Rainy,16.0,64.2,0,1382,28.87
2026-07-23 13:45:00,13,Thursday,0,Downtown,50,Heavy Rain,20.7,86.9,0,750,45.81
2026-07-23 14:00:00,14,Thursday,0,Arterial,70,Foggy,25.8,70.0,0,860,30.86
2026-07-23 14:15:00,14,Thursday,0,Residential,30,Rainy,29.9,72.2,0,290,23.39
2026-07-23 14:30:00,14,Thursday,0,Highway,100,Rainy,31.2,53.4,0,1109,23.04
2026-07-23 14:45:00,14,Thursday,0,Arterial,70,Clear,21.8,85.4,0,906,20.93
2026-07-23 15:00:00,15,Thursday,0,Arterial,70,Rainy,26.9,40.4,0,799,31.9
2026-07-23 15:15:00,15,Thursday,0,Arterial,70,Clear,18.1,79.9,0,627,13.43
2026-07-23 15:30:00,15,Thursday,0,Residential,30,Clear,30.9,40.2,0,305,16.39
2026-07-23 15:45:00,15,Thursday,0,Downtown,50,Rainy,18.0,78.7,0,939,34.52
2026-07-23 16:00:00,16,Thursday,0,Downtown,50,Clear,17.0,69.9,0,697,18.53
2026-07-23 16:15:00,16,Thursday,0,Highway,100,Clear,32.0,86.4,0,1308,20.79
2026-07-23 16:30:00,16,Thursday,0,Arterial,70,Rainy,19.5,66.6,0,877,25.63
2026-07-23 16:45:00,16,Thursday,0,Highway,100,Clear,26.8,85.2,0,1172,19.19
2026-07-23 17:00:00,17,Thursday,0,Downtown,50,Clear,18.2,76.2,0,1451,53.03
2026-07-23 17:15:00,17,Thursday,0,Residential,30,Clear,23.7,56.9,0,792,61.62
2026-07-23 17:30:00,17,Thursday,0,Residential,30,Clear,25.9,62.5,0,977,65.29
2026-07-23 17:45:00,17,Thursday,0,Arterial,70,Foggy,26.2,73.1,0,1602,69.72
2026-07-23 18:00:00,18,Thursday,0,Downtown,50,Clear,32.0,70.4,0,1607,61.88
2026-07-23 18:15:00,18,Thursday,0,Downtown,50,Rainy,18.2,87.2,0,1355,66.23
2026-07-23 18:30:00,18,Thursday,0,Highway,100,Clear,21.5,89.2,0,2567,50.2
2026-07-23 18:45:00,18,Thursday,0,Arterial,70,Clear,16.8,51.7,0,1777,57.8
2026-07-23 19:00:00,19,Thursday,0,Downtown,50,Heavy Rain,32.7,64.9,0,1424,84.61
2026-07-23 19:15:00,19,Thursday,0,Highway,100,Clear,34.8,82.5,0,2561,53.63
2026-07-23 19:30:00,19,Thursday,0,Residential,30,Clear,28.4,55.3,0,699,56.39
2026-07-23 19:45:00,19,Thursday,0,Arterial,70,Foggy,34.5,43.1,0,1651,69.41
2026-07-23 20:00:00,20,Thursday,0,Downtown,50,Rainy,29.5,42.0,0,535,28.07
2026-07-23 20:15:00,20,Thursday,0,Highway,100,Foggy,34.8,42.5,0,1347,33.44
2026-07-23 20:30:00,20,Thursday,0,Arterial,70,Rainy,25.8,67.1,0,984,30.33
2026-07-23 20:45:00,20,Thursday,0,Arterial,70,Clear,24.1,64.9,0,873,20.53
2026-07-23 21:00:00,21,Thursday,0,Residential,30,Clear,19.5,46.5,0,335,13.17
2026-07-23 21:15:00,21,Thursday,0,Arterial,70,Clear,25.3,59.7,0,901,19.83
2026-07-23 21:30:00,21,Thursday,0,Arterial,70,Clear,31.9,57.1,0,887,18.96
2026-07-23 21:45:00,21,Thursday,0,Highway,100,Heavy Rain,32.5,52.0,0,1076,42.9
2026-07-23 22:00:00,22,Thursday,0,Highway,100,Heavy Rain,27.3,61.0,0,1299,52.11
2026-07-23 22:15:00,22,Thursday,0,Arterial,70,Clear,16.5,87.2,0,1027,17.81
2026-07-23 22:30:00,22,Thursday,0,Highway,100,Clear,33.6,54.8,0,1218,14.28
2026-07-23 22:45:00,22,Thursday,0,Arterial,70,Clear,33.1,42.5,0,761,14.89
2026-07-23 23:00:00,23,Thursday,0,Downtown,50,Clear,29.5,81.3,0,50,0.8
2026-07-23 23:15:00,23,Thursday,0,Highway,100,Clear,34.3,62.0,0,438,6.35
2026-07-23 23:30:00,23,Thursday,0,Arterial,70,Rainy,15.6,78.9,0,309,19.41
2026-07-23 23:45:00,23,Thursday,0,Arterial,70,Clear,27.9,62.0,0,498,8.44
2026-07-24 00:00:00,0,Friday,0,Highway,100,Clear,28.1,47.9,0,148,0.0
2026-07-24 00:15:00,0,Friday,0,Highway,100,Clear,20.9,87.0,1,297,42.03
2026-07-24 00:30:00,0,Friday,0,Highway,100,Clear,27.9,61.2,0,456,7.87
2026-07-24 00:45:00,0,Friday,0,Arterial,70,Rainy,15.5,74.0,0,186,14.78
2026-07-24 01:00:00,1,Friday,0,Highway,100,Heavy Rain,23.3,86.4,0,392,28.76
2026-07-24 01:15:00,1,Friday,0,Arterial,70,Clear,23.4,80.6,0,50,3.14
2026-07-24 01:30:00,1,Friday,0,Downtown,50,Rainy,22.9,53.8,0,224,21.31
2026-07-24 01:45:00,1,Friday,0,Arterial,70,Heavy Rain,27.1,81.5,0,339,31.22
2026-07-24 02:00:00,2,Friday,0,Residential,30,Rainy,19.0,55.8,0,50,15.2
2026-07-24 02:15:00,2,Friday,0,Highway,100,Rainy,29.6,82.0,0,455,16.47
2026-07-24 02:30:00,2,Friday,0,Downtown,50,Heavy Rain,20.4,53.5,0,112,34.98
2026-07-24 02:45:00,2,Friday,0,Downtown,50,Rainy,30.1,73.8,0,165,22.08
2026-07-24 03:00:00,3,Friday,0,Residential,30,Clear,27.2,89.7,0,206,5.53
2026-07-24 03:15:00,3,Friday,0,Arterial,70,Clear,32.9,69.0,0,180,2.74
2026-07-24 03:30:00,3,Friday,0,Arterial,70,Clear,32.1,68.9,0,346,2.0
2026-07-24 03:45:00,3,Friday,0,Arterial,70,Clear,33.2,57.5,0,174,6.19
2026-07-24 04:00:00,4,Friday,0,Highway,100,Clear,34.0,86.7,0,227,3.35
2026-07-24 04:15:00,4,Friday,0,Downtown,50,Clear,16.0,81.2,0,291,9.89
2026-07-24 04:30:00,4,Friday,0,Residential,30,Clear,17.6,43.1,0,108,2.32
2026-07-24 04:45:00,4,Friday,0,Highway,100,Clear,18.6,58.4,0,200,0.0
2026-07-24 05:00:00,5,Friday,0,Residential,30,Rainy,25.3,69.0,0,50,18.51
2026-07-24 05:15:00,5,Friday,0,Highway,100,Clear,17.6,85.8,0,402,2.08
2026-07-24 05:30:00,5,Friday,0,Arterial,70,Clear,23.7,63.4,0,180,0.0
2026-07-24 05:45:00,5,Friday,0,Residential,30,Clear,20.9,49.6,0,51,0.0
2026-07-24 06:00:00,6,Friday,0,Highway,100,Rainy,30.9,60.6,1,1397,67.16
2026-07-24 06:15:00,6,Friday,0,Highway,100,Rainy,33.9,51.8,0,1158,29.83
2026-07-24 06:30:00,6,Friday,0,Arterial,70,Clear,18.5,43.1,0,926,18.19
2026-07-24 06:45:00,6,Friday,0,Arterial,70,Clear,16.2,84.2,0,594,10.83
2026-07-24 07:00:00,7,Friday,0,Highway,100,Rainy,25.3,56.7,0,1251,27.77
2026-07-24 07:15:00,7,Friday,0,Residential,30,Clear,31.6,80.8,0,281,12.68
2026-07-24 07:30:00,7,Friday,0,Arterial,70,Rainy,19.7,45.9,0,1077,33.65
2026-07-24 07:45:00,7,Friday,0,Downtown,50,Rainy,31.9,51.1,0,742,28.54
2026-07-24 08:00:00,8,Friday,0,Arterial,70,Heavy Rain,30.4,75.9,0,1826,76.75
2026-07-24 08:15:00,8,Friday,0,Highway,100,Foggy,30.9,80.1,0,2544,70.66
2026-07-24 08:30:00,8,Friday,0,Arterial,70,Foggy,30.6,47.3,0,1755,78.59
2026-07-24 08:45:00,8,Friday,0,Arterial,70,Clear,19.7,78.4,0,1697,58.69
2026-07-24 09:00:00,9,Friday,0,Residential,30,Heavy Rain,28.3,60.6,0,688,81.05
2026-07-24 09:15:00,9,Friday,0,Arterial,70,Rainy,20.2,61.0,0,1701,65.88
2026-07-24 09:30:00,9,Friday,0,Highway,100,Rainy,27.8,59.2,0,2494,66.17
2026-07-24 09:45:00,9,Friday,0,Highway,100,Clear,23.2,68.7,0,2509,54.08
2026-07-24 10:00:00,10,Friday,0,Arterial,70,Clear,33.6,59.9,0,1687,58.19
2026-07-24 10:15:00,10,Friday,0,Highway,100,Clear,27.6,76.0,0,2476,51.16
2026-07-24 10:30:00,10,Friday,0,Downtown,50,Foggy,15.9,42.1,0,1256,69.04
2026-07-24 10:45:00,10,Friday,0,Arterial,70,Heavy Rain,27.6,62.5,0,1630,76.76
2026-07-24 11:00:00,11,Friday,0,Arterial,70,Clear,33.4,54.6,0,909,10.37
2026-07-24 11:15:00,11,Friday,0,Residential,30,Clear,24.0,69.2,1,299,49.81
2026-07-24 11:30:00,11,Friday,0,Downtown,50,Rainy,28.8,72.9,0,858,33.86
2026-07-24 11:45:00,11,Friday,0,Highway,100,Clear,18.9,82.1,0,1413,17.26
2026-07-24 12:00:00,12,Friday,0,Downtown,50,Foggy,16.5,65.5,0,624,28.97
2026-07-24 12:15:00,12,Friday,0,Arterial,70,Rainy,24.9,64.6,0,921,23.97
2026-07-24 12:30:00,12,Friday,0,Highway,100,Clear,33.1,89.8,0,1204,12.6
2026-07-24 12:45:00,12,Friday,0,Arterial,70,Clear,24.9,78.4,0,935,15.62
2026-07-24 13:00:00,13,Friday,0,Downtown,50,Clear,33.6,79.1,0,724,18.91
2026-07-24 13:15:00,13,Friday,0,Arterial,70,Clear,32.7,46.1,0,1121,26.04
2026-07-24 13:30:00,13,Friday,0,Downtown,50,Clear,20.1,82.8,0,647,16.79
2026-07-24 13:45:00,13,Friday,0,Downtown,50,Rainy,22.7,80.6,0,903,36.77
2026-07-24 14:00:00,14,Friday,0,Arterial,70,Clear,18.3,74.2,0,602,9.7
2026-07-24 14:15:00,14,Friday,0,Arterial,70,Clear,31.8,64.2,0,1076,20.0
2026-07-24 14:30:00,14,Friday,0,Arterial,70,Clear,26.3,54.7,0,794,12.25
2026-07-24 14:45:00,14,Friday,0,Highway,100,Clear,18.5,58.9,0,1381,18.57
2026-07-24 15:00:00,15,Friday,0,Downtown,50,Clear,28.4,41.5,0,727,11.45
2026-07-24 15:15:00,15,Friday,0,Highway,100,Foggy,32.1,88.6,0,1302,35.67
2026-07-24 15:30:00,15,Friday,0,Residential,30,Clear,30.8,42.6,0,387,18.78
2026-07-24 15:45:00,15,Friday,0,Highway,100,Clear,25.7,89.9,0,1148,9.85
2026-07-24 16:00:00,16,Friday,0,Arterial,70,Rainy,21.8,47.4,0,743,25.83
2026-07-24 16:15:00,16,Friday,0,Downtown,50,Clear,24.8,73.7,0,807,19.42
2026-07-24 16:30:00,16,Friday,0,Downtown,50,Rainy,27.3,66.6,0,850,28.11
2026-07-24 16:45:00,16,Friday,0,Arterial,70,Clear,30.2,40.3,0,557,9.93
2026-07-24 17:00:00,17,Friday,0,Arterial,70,Clear,21.7,59.6,0,1616,58.49
2026-07-24 17:15:00,17,Friday,0,Downtown,50,Clear,18.8,53.9,0,1417,51.77
2026-07-24 17:30:00,17,Friday,0,Residential,30,Rainy,24.8,52.1,0,802,72.61
2026-07-24 17:45:00,17,Friday,0,Arterial,70,Clear,33.7,82.2,0,1686,51.88
2026-07-24 18:00:00,18,Friday,0,Highway,100,Clear,16.7,87.7,0,2383,55.67
2026-07-24 18:15:00,18,Friday,0,Residential,30,Clear,32.0,63.5,0,601,44.75
2026-07-24 18:30:00,18,Friday,0,Arterial,70,Foggy,27.0,47.4,0,1633,73.91
2026-07-24 18:45:00,18,Friday,0,Arterial,70,Rainy,33.9,77.4,0,1847,67.22
2026-07-24 19:00:00,19,Friday,0,Residential,30,Heavy Rain,25.2,81.1,0,597,72.85
2026-07-24 19:15:00,19,Friday,0,Residential,30,Clear,21.2,86.5,0,788,55.16
2026-07-24 19:30:00,19,Friday,0,Downtown,50,Clear,33.9,50.1,0,1318,55.92
2026-07-24 19:45:00,19,Friday,0,Downtown,50,Clear,17.6,86.5,0,1395,56.16
2026-07-24 20:00:00,20,Friday,0,Arterial,70,Clear,19.5,54.9,0,1095,17.67
2026-07-24 20:15:00,20,Friday,0,Residential,30,Rainy,29.5,55.4,0,362,27.07
2026-07-24 20:30:00,20,Friday,0,Downtown,50,Clear,34.8,54.6,0,456,9.82
2026-07-24 20:45:00,20,Friday,0,Residential,30,Clear,23.2,71.3,0,444,22.44
2026-07-24 21:00:00,21,Friday,0,Arterial,70,Heavy Rain,26.6,74.8,0,747,47.76
2026-07-24 21:15:00,21,Friday,0,Highway,100,Rainy,34.3,63.5,0,1471,31.02
2026-07-24 21:30:00,21,Friday,0,Highway,100,Foggy,32.7,67.1,0,1158,33.83
2026-07-24 21:45:00,21,Friday,0,Arterial,70,Clear,26.8,55.9,0,741,13.7
2026-07-24 22:00:00,22,Friday,0,Highway,100,Clear,26.8,42.2,0,1052,13.96
2026-07-24 22:15:00,22,Friday,0,Residential,30,Clear,20.1,47.8,0,306,15.77
2026-07-24 22:30:00,22,Friday,0,Downtown,50,Clear,27.7,86.4,0,454,8.34
2026-07-24 22:45:00,22,Friday,0,Downtown,50,Heavy Rain,16.9,78.4,0,812,45.55
2026-07-24 23:00:00,23,Friday,0,Arterial,70,Clear,25.2,79.5,0,215,0.36
2026-07-24 23:15:00,23,Friday,0,Residential,30,Rainy,29.6,79.3,0,50,17.9
2026-07-24 23:30:00,23,Friday,0,Highway,100,Clear,30.6,48.1,0,547,6.24
2026-07-24 23:45:00,23,Friday,0,Highway,100,Clear,29.4,69.7,0,441,3.75
2026-07-25 00:00:00,0,Saturday,1,Arterial,70,Clear,16.8,50.3,0,215,3.65
2026-07-25 00:15:00,0,Saturday,1,Arterial,70,Clear,27.2,70.9,0,337,6.35
2026-07-25 00:30:00,0,Saturday,1,Arterial,70,Clear,20.3,83.6,0,50,4.03
2026-07-25 00:45:00,0,Saturday,1,Downtown,50,Clear,29.4,41.0,0,137,5.18
2026-07-25 01:00:00,1,Saturday,1,Highway,100,Clear,34.5,43.2,0,182,3.99
2026-07-25 01:15:00,1,Saturday,1,Arterial,70,Rainy,19.0,76.0,0,553,21.08
2026-07-25 01:30:00,1,Saturday,1,Downtown,50,Clear,19.5,88.2,0,60,2.41
2026-07-25 01:45:00,1,Saturday,1,Highway,100,Clear,33.6,86.7,0,334,7.88
2026-07-25 02:00:00,2,Saturday,1,Downtown,50,Clear,25.3,54.7,0,148,1.15
2026-07-25 02:15:00,2,Saturday,1,Residential,30,Heavy Rain,31.6,51.6,0,50,26.98
2026-07-25 02:30:00,2,Saturday,1,Highway,100,Clear,16.5,80.1,0,518,2.57
2026-07-25 02:45:00,2,Saturday,1,Highway,100,Clear,21.3,79.9,0,195,3.32
2026-07-25 03:00:00,3,Saturday,1,Highway,100,Clear,27.9,66.3,0,272,4.46
2026-07-25 03:15:00,3,Saturday,1,Highway,100,Clear,29.9,71.3,0,551,9.21
2026-07-25 03:30:00,3,Saturday,1,Arterial,70,Clear,28.6,70.5,0,222,10.47
2026-07-25 03:45:00,3,Saturday,1,Downtown,50,Clear,20.2,67.2,0,370,6.44
2026-07-25 04:00:00,4,Saturday,1,Arterial,70,Rainy,18.1,76.4,0,235,15.13
2026-07-25 04:15:00,4,Saturday,1,Arterial,70,Heavy Rain,32.4,81.3,0,166,33.58
2026-07-25 04:30:00,4,Saturday,1,Arterial,70,Clear,18.4,43.6,0,274,3.62
2026-07-25 04:45:00,4,Saturday,1,Residential,30,Clear,24.4,76.9,0,50,1.96
2026-07-25 05:00:00,5,Saturday,1,Downtown,50,Clear,33.7,79.7,0,319,4.06
2026-07-25 05:15:00,5,Saturday,1,Highway,100,Clear,25.2,64.4,0,316,6.72
2026-07-25 05:30:00,5,Saturday,1,Arterial,70,Clear,21.5,77.2,0,269,7.1
2026-07-25 05:45:00,5,Saturday,1,Highway,100,Clear,22.4,57.3,0,408,2.35
2026-07-25 06:00:00,6,Saturday,1,Highway,100,Clear,21.2,59.1,0,1437,23.49
2026-07-25 06:15:00,6,Saturday,1,Downtown,50,Rainy,32.7,76.9,0,718,33.85
2026-07-25 06:30:00,6,Saturday,1,Highway,100,Rainy,32.6,73.3,0,1196,23.7
2026-07-25 06:45:00,6,Saturday,1,Downtown,50,Clear,27.8,78.3,0,657,11.99
2026-07-25 07:00:00,7,Saturday,1,Downtown,50,Rainy,32.2,66.5,0,725,31.95
2026-07-25 07:15:00,7,Saturday,1,Arterial,70,Clear,22.5,64.0,0,694,10.7
2026-07-25 07:30:00,7,Saturday,1,Arterial,70,Clear,33.2,79.4,0,810,10.66
2026-07-25 07:45:00,7,Saturday,1,Arterial,70,Clear,28.0,60.1,0,656,9.57
2026-07-25 08:00:00,8,Saturday,1,Arterial,70,Rainy,27.0,88.7,0,645,23.95
2026-07-25 08:15:00,8,Saturday,1,Downtown,50,Rainy,24.3,51.5,0,527,26.65
2026-07-25 08:30:00,8,Saturday,1,Highway,100,Rainy,29.2,69.9,0,1062,29.08
2026-07-25 08:45:00,8,Saturday,1,Residential,30,Clear,15.4,57.4,0,503,18.04
2026-07-25 09:00:00,9,Saturday,1,Highway,100,Foggy,27.2,54.8,0,1064,30.77
2026-07-25 09:15:00,9,Saturday,1,Highway,100,Clear,22.2,46.2,0,1208,17.31
2026-07-25 09:30:00,9,Saturday,1,Arterial,70,Clear,15.9,77.2,0,848,14.94
2026-07-25 09:45:00,9,Saturday,1,Highway,100,Clear,20.8,56.0,0,1262,17.56
2026-07-25 10:00:00,10,Saturday,1,Arterial,70,Rainy,31.0,70.4,0,587,20.6
2026-07-25 10:15:00,10,Saturday,1,Downtown,50,Foggy,17.8,67.1,0,963,40.8
2026-07-25 10:30:00,10,Saturday,1,Highway,100,Clear,17.4,53.2,0,1275,19.87
2026-07-25 10:45:00,10,Saturday,1,Highway,100,Clear,27.4,61.0,1,1336,53.59
2026-07-25 11:00:00,11,Saturday,1,Highway,100,Rainy,18.9,69.3,0,1132,26.91
2026-07-25 11:15:00,11,Saturday,1,Arterial,70,Clear,15.8,72.9,1,819,55.06
2026-07-25 11:30:00,11,Saturday,1,Highway,100,Clear,18.2,88.8,0,1318,19.07
2026-07-25 11:45:00,11,Saturday,1,Downtown,50,Foggy,19.6,62.7,0,509,30.54
2026-07-25 12:00:00,12,Saturday,1,Highway,100,Rainy,15.3,85.7,0,1416,34.78
2026-07-25 12:15:00,12,Saturday,1,Arterial,70,Clear,32.0,73.0,0,831,22.02
2026-07-25 12:30:00,12,Saturday,1,Downtown,50,Clear,22.3,84.4,0,767,18.2
2026-07-25 12:45:00,12,Saturday,1,Downtown,50,Heavy Rain,15.5,86.1,0,672,42.34
2026-07-25 13:00:00,13,Saturday,1,Residential,30,Clear,34.7,45.9,0,373,10.73
2026-07-25 13:15:00,13,Saturday,1,Downtown,50,Rainy,15.0,44.4,0,651,29.18
2026-07-25 13:30:00,13,Saturday,1,Arterial,70,Clear,32.0,40.7,0,847,16.11
2026-07-25 13:45:00,13,Saturday,1,Downtown,50,Clear,25.4,88.7,0,531,7.51
2026-07-25 14:00:00,14,Saturday,1,Residential,30,Rainy,28.7,51.6,0,198,18.91
2026-07-25 14:15:00,14,Saturday,1,Residential,30,Clear,20.7,86.6,0,443,23.91
2026-07-25 14:30:00,14,Saturday,1,Residential,30,Rainy,29.1,55.7,0,270,26.62
2026-07-25 14:45:00,14,Saturday,1,Highway,100,Clear,16.2,89.6,0,1478,19.2
2026-07-25 15:00:00,15,Saturday,1,Arterial,70,Rainy,31.9,51.6,0,857,28.36
2026-07-25 15:15:00,15,Saturday,1,Downtown,50,Foggy,31.9,69.1,0,526,25.54
2026-07-25 15:30:00,15,Saturday,1,Downtown,50,Clear,21.1,70.4,0,1082,25.22
2026-07-25 15:45:00,15,Saturday,1,Downtown,50,Clear,18.8,77.3,0,779,16.17
2026-07-25 16:00:00,16,Saturday,1,Downtown,50,Clear,28.0,51.7,0,726,16.13
2026-07-25 16:15:00,16,Saturday,1,Highway,100,Clear,16.2,52.1,0,1255,16.04
2026-07-25 16:30:00,16,Saturday,1,Arterial,70,Rainy,21.0,74.2,0,915,26.88
2026-07-25 16:45:00,16,Saturday,1,Highway,100,Clear,22.1,62.9,0,1537,16.42
2026-07-25 17:00:00,17,Saturday,1,Arterial,70,Clear,33.7,87.8,0,838,13.51
2026-07-25 17:15:00,17,Saturday,1,Highway,100,Clear,18.8,75.2,0,1335,17.58
2026-07-25 17:30:00,17,Saturday,1,Highway,100,Foggy,22.8,88.0,1,1313,68.31
2026-07-25 17:45:00,17,Saturday,1,Highway,100,Clear,16.7,47.8,0,1431,17.32
2026-07-25 18:00:00,18,Saturday,1,Arterial,70,Heavy Rain,16.0,43.1,0,863,45.11
2026-07-25 18:15:00,18,Saturday,1,Arterial,70,Clear,15.3,65.5,0,950,12.48
2026-07-25 18:30:00,18,Saturday,1,Downtown,50,Rainy,20.3,69.3,0,733,27.56
2026-07-25 18:45:00,18,Saturday,1,Downtown,50,Rainy,18.0,85.7,0,657,29.59
2026-07-25 19:00:00,19,Saturday,1,Highway,100,Clear,18.6,64.5,0,1383,12.72
2026-07-25 19:15:00,19,Saturday,1,Residential,30,Clear,22.2,89.5,0,522,24.06
2026-07-25 19:30:00,19,Saturday,1,Highway,100,Rainy,20.3,48.5,0,1219,26.63
2026-07-25 19:45:00,19,Saturday,1,Arterial,70,Clear,32.3,88.3,0,713,14.38
2026-07-25 20:00:00,20,Saturday,1,Highway,100,Clear,25.8,82.3,0,1249,14.21
2026-07-25 20:15:00,20,Saturday,1,Residential,30,Rainy,15.7,83.7,0,179,16.38
2026-07-25 20:30:00,20,Saturday,1,Arterial,70,Clear,28.1,68.7,0,922,16.0
2026-07-25 20:45:00,20,Saturday,1,Downtown,50,Clear,18.7,40.4,0,696,13.78
2026-07-25 21:00:00,21,Saturday,1,Downtown,50,Clear,32.0,75.2,0,582,14.45
2026-07-25 21:15:00,21,Saturday,1,Downtown,50,Clear,22.9,68.3,0,645,12.01
2026-07-25 21:30:00,21,Saturday,1,Arterial,70,Foggy,18.7,57.4,0,947,31.56
2026-07-25 21:45:00,21,Saturday,1,Highway,100,Rainy,25.1,44.3,0,1034,27.48
2026-07-25 22:00:00,22,Saturday,1,Highway,100,Clear,23.1,50.0,0,1349,18.36
2026-07-25 22:15:00,22,Saturday,1,Downtown,50,Rainy,27.2,89.3,0,627,25.12
2026-07-25 22:30:00,22,Saturday,1,Arterial,70,Clear,20.4,64.1,1,959,52.26
2026-07-25 22:45:00,22,Saturday,1,Residential,30,Foggy,27.8,50.1,0,335,27.57
2026-07-25 23:00:00,23,Saturday,1,Highway,100,Foggy,20.7,41.4,1,448,57.55
2026-07-25 23:15:00,23,Saturday,1,Arterial,70,Rainy,19.8,65.1,0,305,16.84
2026-07-25 23:30:00,23,Saturday,1,Arterial,70,Clear,28.0,43.5,0,227,4.89
2026-07-25 23:45:00,23,Saturday,1,Arterial,70,Rainy,19.7,76.7,0,187,17.67
2026-07-26 00:00:00,0,Sunday,1,Highway,100,Rainy,21.5,60.6,0,255,21.31
2026-07-26 00:15:00,0,Sunday,1,Highway,100,Rainy,18.6,86.4,0,320,20.01
2026-07-26 00:30:00,0,Sunday,1,Highway,100,Clear,19.4,46.8,0,469,7.13
2026-07-26 00:45:00,0,Sunday,1,Residential,30,Clear,29.0,45.4,0,50,6.1
2026-07-26 01:00:00,1,Sunday,1,Arterial,70,Clear,16.3,45.8,0,285,9.87
2026-07-26 01:15:00,1,Sunday,1,Downtown,50,Rainy,24.1,59.1,0,206,17.22
2026-07-26 01:30:00,1,Sunday,1,Highway,100,Clear,24.9,77.9,0,601,8.08
2026-07-26 01:45:00,1,Sunday,1,Highway,100,Rainy,19.2,72.8,0,384,19.22
2026-07-26 02:00:00,2,Sunday,1,Arterial,70,Rainy,27.5,71.0,0,277,14.99
2026-07-26 02:15:00,2,Sunday,1,Highway,100,Clear,22.1,47.2,1,354,43.37
2026-07-26 02:30:00,2,Sunday,1,Downtown,50,Clear,17.6,84.5,0,330,7.2
2026-07-26 02:45:00,2,Sunday,1,Downtown,50,Clear,21.6,46.8,0,203,5.57
2026-07-26 03:00:00,3,Sunday,1,Downtown,50,Rainy,19.5,56.8,0,331,20.41
2026-07-26 03:15:00,3,Sunday,1,Highway,100,Clear,30.0,44.4,0,375,1.28
2026-07-26 03:30:00,3,Sunday,1,Downtown,50,Clear,32.0,56.7,0,326,7.12
2026-07-26 03:45:00,3,Sunday,1,Highway,100,Clear,28.1,57.9,0,480,4.48
2026-07-26 04:00:00,4,Sunday,1,Residential,30,Clear,26.4,45.3,0,114,5.02
2026-07-26 04:15:00,4,Sunday,1,Residential,30,Clear,26.2,68.0,0,112,5.61
2026-07-26 04:30:00,4,Sunday,1,Downtown,50,Clear,23.7,64.4,0,139,1.53
2026-07-26 04:45:00,4,Sunday,1,Highway,100,Clear,24.1,65.5,0,373,7.35
2026-07-26 05:00:00,5,Sunday,1,Downtown,50,Foggy,18.3,61.4,0,62,20.2
2026-07-26 05:15:00,5,Sunday,1,Arterial,70,Clear,20.0,81.5,0,383,6.74
2026-07-26 05:30:00,5,Sunday,1,Highway,100,Clear,26.6,61.3,0,353,6.51
2026-07-26 05:45:00,5,Sunday,1,Arterial,70,Clear,29.5,73.4,0,332,2.29
2026-07-26 06:00:00,6,Sunday,1,Downtown,50,Clear,27.7,45.4,1,688,48.63
2026-07-26 06:15:00,6,Sunday,1,Arterial,70,Rainy,17.4,62.0,0,965,28.16
2026-07-26 06:30:00,6,Sunday,1,Highway,100,Rainy,31.2,85.1,0,1163,21.15
2026-07-26 06:45:00,6,Sunday,1,Residential,30,Foggy,24.3,87.2,0,385,37.44
2026-07-26 07:00:00,7,Sunday,1,Residential,30,Foggy,16.8,88.3,0,519,40.72
2026-07-26 07:15:00,7,Sunday,1,Downtown,50,Foggy,23.0,58.7,0,910,37.81
2026-07-26 07:30:00,7,Sunday,1,Arterial,70,Clear,19.4,78.6,0,735,18.37
2026-07-26 07:45:00,7,Sunday,1,Highway,100,Foggy,24.8,70.0,0,1412,38.39
2026-07-26 08:00:00,8,Sunday,1,Downtown,50,Clear,22.3,52.2,0,690,16.46
2026-07-26 08:15:00,8,Sunday,1,Highway,100,Clear,28.4,48.6,0,1218,15.98
2026-07-26 08:30:00,8,Sunday,1,Arterial,70,Rainy,34.1,48.2,0,900,28.96
2026-07-26 08:45:00,8,Sunday,1,Residential,30,Clear,21.4,85.4,0,432,17.38
2026-07-26 09:00:00,9,Sunday,1,Highway,100,Rainy,27.0,87.8,1,1385,64.36
2026-07-26 09:15:00,9,Sunday,1,Downtown,50,Heavy Rain,27.4,52.8,0,783,42.5
2026-07-26 09:30:00,9,Sunday,1,Residential,30,Clear,32.5,59.7,0,50,3.6
2026-07-26 09:45:00,9,Sunday,1,Residential,30,Clear,20.5,82.1,1,197,46.21
2026-07-26 10:00:00,10,Sunday,1,Highway,100,Clear,16.5,85.7,0,1489,18.35
2026-07-26 10:15:00,10,Sunday,1,Residential,30,Clear,23.8,52.6,0,439,14.91
2026-07-26 10:30:00,10,Sunday,1,Highway,100,Clear,18.7,88.4,0,1227,16.48
2026-07-26 10:45:00,10,Sunday,1,Downtown,50,Clear,18.6,78.1,0,648,12.15
2026-07-26 11:00:00,11,Sunday,1,Arterial,70,Clear,30.8,66.3,0,917,24.92
2026-07-26 11:15:00,11,Sunday,1,Highway,100,Clear,32.0,89.5,0,1317,20.14
2026-07-26 11:30:00,11,Sunday,1,Residential,30,Clear,25.9,60.4,0,347,10.5
2026-07-26 11:45:00,11,Sunday,1,Downtown,50,Clear,29.9,75.3,0,618,13.7
2026-07-26 12:00:00,12,Sunday,1,Arterial,70,Clear,27.9,42.4,0,653,13.36
2026-07-26 12:15:00,12,Sunday,1,Residential,30,Foggy,32.1,67.2,0,328,35.98
2026-07-26 12:30:00,12,Sunday,1,Arterial,70,Clear,31.1,76.6,0,748,11.57
2026-07-26 12:45:00,12,Sunday,1,Downtown,50,Rainy,17.3,49.4,0,838,24.96
2026-07-26 13:00:00,13,Sunday,1,Downtown,50,Rainy,31.1,54.0,0,642,29.05
2026-07-26 13:15:00,13,Sunday,1,Highway,100,Clear,26.5,44.6,0,1380,22.11
2026-07-26 13:30:00,13,Sunday,1,Residential,30,Clear,33.0,41.8,0,554,20.41
2026-07-26 13:45:00,13,Sunday,1,Highway,100,Clear,21.1,84.4,0,1332,17.18
2026-07-26 14:00:00,14,Sunday,1,Downtown,50,Clear,24.5,72.4,0,668,13.46
2026-07-26 14:15:00,14,Sunday,1,Downtown,50,Clear,17.6,51.0,0,885,22.93
2026-07-26 14:30:00,14,Sunday,1,Arterial,70,Foggy,24.0,65.7,0,847,36.05
2026-07-26 14:45:00,14,Sunday,1,Arterial,70,Clear,26.2,70.3,0,817,18.4
2026-07-26 15:00:00,15,Sunday,1,Highway,100,Clear,34.4,81.2,0,1311,17.92
2026-07-26 15:15:00,15,Sunday,1,Residential,30,Clear,26.1,44.9,1,322,40.39
2026-07-26 15:30:00,15,Sunday,1,Arterial,70,Clear,25.6,42.7,1,928,52.18
2026-07-26 15:45:00,15,Sunday,1,Downtown,50,Clear,19.4,89.8,0,695,15.73
2026-07-26 16:00:00,16,Sunday,1,Downtown,50,Clear,19.4,76.7,0,783,17.71
2026-07-26 16:15:00,16,Sunday,1,Downtown,50,Foggy,18.8,54.8,0,881,38.36
2026-07-26 16:30:00,16,Sunday,1,Arterial,70,Clear,25.0,69.9,0,761,11.83
2026-07-26 16:45:00,16,Sunday,1,Downtown,50,Clear,29.4,61.1,0,703,20.16
2026-07-26 17:00:00,17,Sunday,1,Arterial,70,Foggy,22.4,83.0,0,899,31.2
2026-07-26 17:15:00,17,Sunday,1,Highway,100,Clear,16.7,52.1,0,1277,16.53
2026-07-26 17:30:00,17,Sunday,1,Highway,100,Rainy,19.6,71.1,0,1323,30.68
2026-07-26 17:45:00,17,Sunday,1,Downtown,50,Rainy,34.9,78.5,0,511,26.91
2026-07-26 18:00:00,18,Sunday,1,Residential,30,Foggy,26.4,79.1,0,406,31.93
2026-07-26 18:15:00,18,Sunday,1,Arterial,70,Rainy,22.6,75.4,0,1081,33.63
2026-07-26 18:30:00,18,Sunday,1,Highway,100,Clear,27.0,47.4,0,1228,20.64
2026-07-26 18:45:00,18,Sunday,1,Downtown,50,Rainy,31.8,56.2,0,625,26.8
2026-07-26 19:00:00,19,Sunday,1,Residential,30,Clear,22.4,85.4,0,357,15.76
2026-07-26 19:15:00,19,Sunday,1,Arterial,70,Rainy,16.4,59.2,0,738,28.22
2026-07-26 19:30:00,19,Sunday,1,Arterial,70,Rainy,33.3,76.1,0,1053,33.96
2026-07-26 19:45:00,19,Sunday,1,Residential,30,Foggy,33.6,80.5,0,438,39.66
2026-07-26 20:00:00,20,Sunday,1,Residential,30,Foggy,25.2,72.8,0,236,36.41
2026-07-26 20:15:00,20,Sunday,1,Residential,30,Foggy,31.0,42.8,0,400,35.33
2026-07-26 20:30:00,20,Sunday,1,Highway,100,Clear,26.6,87.3,0,1336,16.6
2026-07-26 20:45:00,20,Sunday,1,Arterial,70,Clear,24.0,80.7,0,771,8.19
2026-07-26 21:00:00,21,Sunday,1,Residential,30,Clear,30.7,62.7,0,92,0.0
2026-07-26 21:15:00,21,Sunday,1,Downtown,50,Foggy,24.8,81.6,0,808,31.13
2026-07-26 21:30:00,21,Sunday,1,Downtown,50,Clear,22.9,89.6,0,557,10.29
2026-07-26 21:45:00,21,Sunday,1,Highway,100,Clear,18.9,46.8,0,1133,15.26
2026-07-26 22:00:00,22,Sunday,1,Highway,100,Clear,20.3,49.5,0,1025,11.46
2026-07-26 22:15:00,22,Sunday,1,Downtown,50,Clear,16.8,54.8,1,698,47.04
2026-07-26 22:30:00,22,Sunday,1,Arterial,70,Clear,25.6,51.6,0,925,17.87
2026-07-26 22:45:00,22,Sunday,1,Highway,100,Rainy,23.8,54.7,0,1535,27.79
2026-07-26 23:00:00,23,Sunday,1,Arterial,70,Clear,26.9,60.9,0,231,4.41
2026-07-26 23:15:00,23,Sunday,1,Highway,100,Rainy,15.8,72.3,0,323,12.45
2026-07-26 23:30:00,23,Sunday,1,Arterial,70,Clear,27.4,60.2,0,265,3.93
2026-07-26 23:45:00,23,Sunday,1,Highway,100,Rainy,29.9,42.5,0,447,12.81
2026-07-27 00:00:00,0,Monday,0,Downtown,50,Clear,20.0,58.8,0,50,9.31
2026-07-27 00:15:00,0,Monday,0,Arterial,70,Clear,22.1,57.2,0,50,5.9
2026-07-27 00:30:00,0,Monday,0,Highway,100,Clear,18.0,42.1,0,310,0.0
2026-07-27 00:45:00,0,Monday,0,Arterial,70,Clear,29.5,64.0,0,172,2.98
2026-07-27 01:00:00,1,Monday,0,Arterial,70,Foggy,16.8,87.4,0,262,23.47
2026-07-27 01:15:00,1,Monday,0,Highway,100,Clear,17.7,45.6,0,296,5.83
2026-07-27 01:30:00,1,Monday,0,Highway,100,Rainy,16.9,58.0,0,366,20.24
2026-07-27 01:45:00,1,Monday,0,Downtown,50,Clear,33.6,56.1,0,201,6.42
2026-07-27 02:00:00,2,Monday,0,Arterial,70,Clear,22.8,82.6,0,269,6.91
2026-07-27 02:15:00,2,Monday,0,Arterial,70,Clear,18.0,50.9,0,328,5.6
2026-07-27 02:30:00,2,Monday,0,Arterial,70,Clear,18.2,76.8,0,316,5.73
2026-07-27 02:45:00,2,Monday,0,Residential,30,Rainy,33.4,68.2,0,50,13.75
2026-07-27 03:00:00,3,Monday,0,Residential,30,Clear,20.0,48.2,0,190,3.92
2026-07-27 03:15:00,3,Monday,0,Residential,30,Clear,30.6,46.4,0,207,10.41
2026-07-27 03:30:00,3,Monday,0,Highway,100,Clear,18.4,85.3,0,473,5.58
2026-07-27 03:45:00,3,Monday,0,Arterial,70,Foggy,33.5,63.1,0,348,22.47
2026-07-27 04:00:00,4,Monday,0,Arterial,70,Clear,17.1,68.0,0,189,1.97
2026-07-27 04:15:00,4,Monday,0,Highway,100,Clear,22.7,43.8,0,403,9.28
2026-07-27 04:30:00,4,Monday,0,Residential,30,Clear,31.4,65.3,0,50,2.94
2026-07-27 04:45:00,4,Monday,0,Arterial,70,Clear,15.9,69.4,0,95,0.0
2026-07-27 05:00:00,5,Monday,0,Highway,100,Clear,16.8,48.3,0,251,0.0
2026-07-27 05:15:00,5,Monday,0,Residential,30,Heavy Rain,18.7,50.7,0,101,29.03
2026-07-27 05:30:00,5,Monday,0,Arterial,70,Clear,31.5,81.4,1,282,39.58
2026-07-27 05:45:00,5,Monday,0,Arterial,70,Clear,32.9,87.1,0,222,0.0
2026-07-27 06:00:00,6,Monday,0,Downtown,50,Rainy,28.2,58.3,0,719,25.87
2026-07-27 06:15:00,6,Monday,0,Residential,30,Clear,31.0,80.2,0,552,22.76
2026-07-27 06:30:00,6,Monday,0,Arterial,70,Clear,26.9,47.6,0,1166,23.44
2026-07-27 06:45:00,6,Monday,0,Highway,100,Rainy,22.5,86.0,0,1313,26.77
2026-07-27 07:00:00,7,Monday,0,Arterial,70,Clear,22.1,47.5,0,840,14.43
2026-07-27 07:15:00,7,Monday,0,Residential,30,Rainy,15.6,84.1,0,422,28.98
2026-07-27 07:30:00,7,Monday,0,Arterial,70,Clear,18.2,64.3,0,821,19.99
2026-07-27 07:45:00,7,Monday,0,Arterial,70,Clear,31.4,64.6,0,968,12.66
2026-07-27 08:00:00,8,Monday,0,Arterial,70,Clear,21.0,55.0,1,1552,84.52
2026-07-27 08:15:00,8,Monday,0,Downtown,50,Clear,23.9,67.4,0,1345,52.83
2026-07-27 08:30:00,8,Monday,0,Downtown,50,Clear,20.8,48.7,0,1579,59.36
2026-07-27 08:45:00,8,Monday,0,Downtown,50,Clear,21.0,65.4,0,1445,53.94
2026-07-27 09:00:00,9,Monday,0,Downtown,50,Clear,30.3,71.4,0,1222,47.23
2026-07-27 09:15:00,9,Monday,0,Highway,100,Clear,33.8,64.3,0,2451,51.45
2026-07-27 09:30:00,9,Monday,0,Residential,30,Clear,32.9,43.2,0,563,46.75
2026-07-27 09:45:00,9,Monday,0,Downtown,50,Rainy,15.9,89.4,0,1294,62.06
2026-07-27 10:00:00,10,Monday,0,Arterial,70,Clear,24.9,79.1,0,1559,51.02
2026-07-27 10:15:00,10,Monday,0,Residential,30,Clear,20.6,72.3,0,684,55.59
2026-07-27 10:30:00,10,Monday,0,Highway,100,Clear,15.3,49.8,0,2507,49.66
2026-07-27 10:45:00,10,Monday,0,Arterial,70,Clear,31.6,73.7,0,1476,48.74
2026-07-27 11:00:00,11,Monday,0,Highway,100,Rainy,31.8,49.2,0,1121,26.41
2026-07-27 11:15:00,11,Monday,0,Downtown,50,Clear,15.6,60.0,0,492,12.5
2026-07-27 11:30:00,11,Monday,0,Residential,30,Clear,20.1,57.7,0,590,27.07
2026-07-27 11:45:00,11,Monday,0,Residential,30,Rainy,18.5,79.4,0,262,20.55
2026-07-27 12:00:00,12,Monday,0,Downtown,50,Clear,19.2,75.2,0,688,13.3
2026-07-27 12:15:00,12,Monday,0,Downtown,50,Rainy,34.9,74.1,0,713,25.9
2026-07-27 12:30:00,12,Monday,0,Arterial,70,Clear,21.1,73.7,0,850,13.4
2026-07-27 12:45:00,12,Monday,0,Highway,100,Rainy,26.0,86.3,0,1094,25.41
2026-07-27 13:00:00,13,Monday,0,Arterial,70,Foggy,33.2,59.9,0,757,31.75
2026-07-27 13:15:00,13,Monday,0,Downtown,50,Clear,24.8,53.2,0,733,17.22
2026-07-27 13:30:00,13,Monday,0,Residential,30,Clear,34.8,54.7,0,272,13.98
2026-07-27 13:45:00,13,Monday,0,Highway,100,Foggy,30.8,45.1,0,1479,37.85
2026-07-27 14:00:00,14,Monday,0,Downtown,50,Rainy,27.9,67.4,0,718,27.59
2026-07-27 14:15:00,14,Monday,0,Highway,100,Clear,16.9,71.0,0,1152,16.64
2026-07-27 14:30:00,14,Monday,0,Residential,30,Clear,23.7,64.9,1,373,50.69
2026-07-27 14:45:00,14,Monday,0,Arterial,70,Clear,33.7,69.5,0,934,15.35
2026-07-27 15:00:00,15,Monday,0,Downtown,50,Clear,26.4,88.6,0,934,19.27
2026-07-27 15:15:00,15,Monday,0,Downtown,50,Clear,26.8,89.2,0,783,14.49
2026-07-27 15:30:00,15,Monday,0,Residential,30,Clear,33.3,86.0,0,172,4.1
2026-07-27 15:45:00,15,Monday,0,Downtown,50,Clear,34.1,89.7,0,1047,25.12
2026-07-27 16:00:00,16,Monday,0,Arterial,70,Clear,18.3,42.7,0,805,16.82
2026-07-27 16:15:00,16,Monday,0,Highway,100,Clear,16.5,43.5,0,1199,15.44
2026-07-27 16:30:00,16,Monday,0,Arterial,70,Clear,25.9,76.9,0,1006,18.09
2026-07-27 16:45:00,16,Monday,0,Residential,30,Foggy,24.6,66.0,0,243,27.56
2026-07-27 17:00:00,17,Monday,0,Arterial,70,Clear,34.0,53.3,0,1630,47.99
2026-07-27 17:15:00,17,Monday,0,Arterial,70,Clear,24.9,49.9,0,1812,55.45
2026-07-27 17:30:00,17,Monday,0,Arterial,70,Clear,26.8,46.2,0,1598,54.88
2026-07-27 17:45:00,17,Monday,0,Downtown,50,Clear,31.4,89.4,0,1048,46.67
2026-07-27 18:00:00,18,Monday,0,Residential,30,Clear,28.1,72.6,0,615,47.68
2026-07-27 18:15:00,18,Monday,0,Downtown,50,Clear,26.3,55.3,0,1514,56.45
2026-07-27 18:30:00,18,Monday,0,Downtown,50,Rainy,27.0,74.9,0,1400,68.22
2026-07-27 18:45:00,18,Monday,0,Arterial,70,Clear,21.3,51.6,0,1562,54.63
2026-07-27 19:00:00,19,Monday,0,Arterial,70,Foggy,26.3,44.9,0,1722,67.72
2026-07-27 19:15:00,19,Monday,0,Arterial,70,Clear,17.3,50.6,0,1803,55.32
2026-07-27 19:30:00,19,Monday,0,Arterial,70,Rainy,18.1,53.7,0,1601,64.35
2026-07-27 19:45:00,19,Monday,0,Arterial,70,Clear,29.9,46.9,0,1691,54.01
2026-07-27 20:00:00,20,Monday,0,Arterial,70,Clear,23.6,44.0,0,942,14.75
2026-07-27 20:15:00,20,Monday,0,Arterial,70,Clear,16.1,84.5,0,967,20.14
2026-07-27 20:30:00,20,Monday,0,Arterial,70,Clear,34.6,53.9,0,798,11.86
2026-07-27 20:45:00,20,Monday,0,Highway,100,Clear,20.2,44.4,1,1342,48.59
2026-07-27 21:00:00,21,Monday,0,Arterial,70,Rainy,25.1,72.7,0,688,26.96
2026-07-27 21:15:00,21,Monday,0,Arterial,70,Clear,26.8,63.0,0,803,11.02
2026-07-27 21:30:00,21,Monday,0,Highway,100,Clear,32.0,78.3,0,1147,12.34
2026-07-27 21:45:00,21,Monday,0,Arterial,70,Heavy Rain,23.3,50.0,0,1025,44.64
2026-07-27 22:00:00,22,Monday,0,Downtown,50,Rainy,31.4,81.8,0,903,29.6
2026-07-27 22:15:00,22,Monday,0,Downtown,50,Clear,20.9,57.2,0,740,12.82
2026-07-27 22:30:00,22,Monday,0,Highway,100,Clear,33.6,82.4,0,1386,18.17
2026-07-27 22:45:00,22,Monday,0,Downtown,50,Heavy Rain,16.3,41.4,0,720,46.41
2026-07-27 23:00:00,23,Monday,0,Arterial,70,Clear,31.6,86.5,0,147,6.13
2026-07-27 23:15:00,23,Monday,0,Arterial,70,Foggy,30.7,74.2,0,368,32.16
2026-07-27 23:30:00,23,Monday,0,Residential,30,Rainy,20.9,48.1,0,348,26.18
2026-07-27 23:45:00,23,Monday,0,Arterial,70,Clear,16.1,58.9,0,372,11.39
2026-07-28 00:00:00,0,Tuesday,0,Residential,30,Foggy,24.9,65.0,0,206,27.49
2026-07-28 00:15:00,0,Tuesday,0,Residential,30,Clear,17.1,68.7,0,197,8.76
2026-07-28 00:30:00,0,Tuesday,0,Residential,30,Clear,32.4,47.3,0,50,7.1
2026-07-28 00:45:00,0,Tuesday,0,Highway,100,Clear,28.6,84.8,0,416,6.93
2026-07-28 01:00:00,1,Tuesday,0,Residential,30,Rainy,19.2,79.6,0,50,11.89
2026-07-28 01:15:00,1,Tuesday,0,Downtown,50,Clear,34.1,54.7,0,50,0.0
2026-07-28 01:30:00,1,Tuesday,0,Highway,100,Clear,21.0,78.9,0,237,0.0
2026-07-28 01:45:00,1,Tuesday,0,Arterial,70,Clear,27.6,89.5,0,192,2.41
2026-07-28 02:00:00,2,Tuesday,0,Arterial,70,Clear,24.6,86.4,0,395,5.47
2026-07-28 02:15:00,2,Tuesday,0,Highway,100,Clear,27.6,40.5,0,365,2.35
2026-07-28 02:30:00,2,Tuesday,0,Downtown,50,Clear,17.1,48.8,0,88,3.89
2026-07-28 02:45:00,2,Tuesday,0,Downtown,50,Rainy,35.0,59.6,0,311,18.69
2026-07-28 03:00:00,3,Tuesday,0,Highway,100,Clear,32.0,81.0,0,158,6.16
2026-07-28 03:15:00,3,Tuesday,0,Highway,100,Clear,16.1,69.7,0,402,2.75
2026-07-28 03:30:00,3,Tuesday,0,Residential,30,Clear,19.3,68.7,0,428,22.61
2026-07-28 03:45:00,3,Tuesday,0,Residential,30,Clear,30.2,51.6,0,86,1.33
2026-07-28 04:00:00,4,Tuesday,0,Downtown,50,Clear,20.5,58.7,0,288,8.58
2026-07-28 04:15:00,4,Tuesday,0,Downtown,50,Clear,25.1,53.1,0,255,5.63
2026-07-28 04:30:00,4,Tuesday,0,Residential,30,Foggy,22.2,58.4,0,211,30.72
2026-07-28 04:45:00,4,Tuesday,0,Highway,100,Rainy,26.6,62.3,0,556,15.65
2026-07-28 05:00:00,5,Tuesday,0,Arterial,70,Clear,15.8,63.1,0,384,7.2
2026-07-28 05:15:00,5,Tuesday,0,Arterial,70,Foggy,23.1,74.7,0,315,21.8
2026-07-28 05:30:00,5,Tuesday,0,Highway,100,Heavy Rain,18.8,85.1,0,261,31.68
2026-07-28 05:45:00,5,Tuesday,0,Arterial,70,Clear,25.5,67.5,0,229,7.48
2026-07-28 06:00:00,6,Tuesday,0,Highway,100,Clear,31.9,47.3,0,1129,21.1
2026-07-28 06:15:00,6,Tuesday,0,Arterial,70,Rainy,19.7,54.0,0,801,27.25
2026-07-28 06:30:00,6,Tuesday,0,Downtown,50,Clear,16.6,77.4,0,733,12.47
2026-07-28 06:45:00,6,Tuesday,0,Arterial,70,Foggy,29.8,55.1,0,857,34.68
2026-07-28 07:00:00,7,Tuesday,0,Highway,100,Clear,29.2,76.1,0,1113,16.84
2026-07-28 07:15:00,7,Tuesday,0,Highway,100,Clear,25.4,80.2,0,1340,15.87
2026-07-28 07:30:00,7,Tuesday,0,Highway,100,Rainy,30.7,52.7,0,1279,31.26
2026-07-28 07:45:00,7,Tuesday,0,Highway,100,Foggy,22.0,57.1,0,1112,36.08
2026-07-28 08:00:00,8,Tuesday,0,Highway,100,Clear,27.5,83.0,0,2462,53.56
2026-07-28 08:15:00,8,Tuesday,0,Residential,30,Clear,27.6,85.8,0,867,64.24
2026-07-28 08:30:00,8,Tuesday,0,Residential,30,Rainy,27.2,72.9,0,473,54.65
2026-07-28 08:45:00,8,Tuesday,0,Arterial,70,Rainy,18.0,40.9,0,1584,58.68
2026-07-28 09:00:00,9,Tuesday,0,Residential,30,Rainy,21.5,49.0,0,673,70.99
2026-07-28 09:15:00,9,Tuesday,0,Highway,100,Clear,20.3,62.9,0,2487,56.68
2026-07-28 09:30:00,9,Tuesday,0,Downtown,50,Heavy Rain,29.3,76.4,0,1399,82.77
2026-07-28 09:45:00,9,Tuesday,0,Downtown,50,Rainy,23.0,67.1,0,1355,63.97
2026-07-28 10:00:00,10,Tuesday,0,Arterial,70,Clear,21.9,49.3,0,1705,57.37
2026-07-28 10:15:00,10,Tuesday,0,Arterial,70,Heavy Rain,15.4,55.2,0,1531,77.01
2026-07-28 10:30:00,10,Tuesday,0,Highway,100,Clear,25.1,59.6,0,2358,51.96
2026-07-28 10:45:00,10,Tuesday,0,Downtown,50,Clear,18.1,48.3,0,1407,59.67
2026-07-28 11:00:00,11,Tuesday,0,Arterial,70,Clear,27.7,84.0,0,898,13.86
2026-07-28 11:15:00,11,Tuesday,0,Highway,100,Clear,29.0,55.4,0,1077,19.65
2026-07-28 11:30:00,11,Tuesday,0,Residential,30,Rainy,22.2,80.2,0,418,34.56
2026-07-28 11:45:00,11,Tuesday,0,Arterial,70,Clear,28.1,46.5,0,1010,14.9
2026-07-28 12:00:00,12,Tuesday,0,Arterial,70,Clear,29.8,71.3,0,706,10.45
2026-07-28 12:15:00,12,Tuesday,0,Residential,30,Clear,18.3,49.1,0,320,17.24
2026-07-28 12:30:00,12,Tuesday,0,Highway,100,Clear,19.2,43.2,0,1036,12.38
2026-07-28 12:45:00,12,Tuesday,0,Downtown,50,Clear,19.9,52.8,1,622,50.35
2026-07-28 13:00:00,13,Tuesday,0,Highway,100,Rainy,31.0,73.5,0,1554,30.21
2026-07-28 13:15:00,13,Tuesday,0,Residential,30,Clear,25.3,47.9,0,407,17.21
2026-07-28 13:30:00,13,Tuesday,0,Highway,100,Clear,23.2,83.3,0,1002,17.21
2026-07-28 13:45:00,13,Tuesday,0,Highway,100,Rainy,17.6,88.7,0,1217,25.21
2026-07-28 14:00:00,14,Tuesday,0,Arterial,70,Clear,29.7,57.9,0,984,20.04
2026-07-28 14:15:00,14,Tuesday,0,Highway,100,Clear,21.5,88.0,0,1026,11.46
2026-07-28 14:30:00,14,Tuesday,0,Highway,100,Clear,26.0,74.8,0,1171,16.31
2026-07-28 14:45:00,14,Tuesday,0,Highway,100,Rainy,21.8,61.6,0,1108,29.46
2026-07-28 15:00:00,15,Tuesday,0,Arterial,70,Clear,23.2,78.7,0,838,17.69
2026-07-28 15:15:00,15,Tuesday,0,Highway,100,Clear,20.3,63.2,0,1239,15.29
2026-07-28 15:30:00,15,Tuesday,0,Highway,100,Foggy,33.7,77.5,0,1217,31.14
2026-07-28 15:45:00,15,Tuesday,0,Downtown,50,Clear,25.1,51.5,0,660,17.24
2026-07-28 16:00:00,16,Tuesday,0,Downtown,50,Clear,30.9,63.7,0,599,13.12
2026-07-28 16:15:00,16,Tuesday,0,Residential,30,Heavy Rain,24.5,51.1,0,155,34.11
2026-07-28 16:30:00,16,Tuesday,0,Highway,100,Foggy,30.9,81.5,0,1318,39.18
2026-07-28 16:45:00,16,Tuesday,0,Arterial,70,Rainy,35.0,85.0,0,932,33.44
2026-07-28 17:00:00,17,Tuesday,0,Residential,30,Clear,18.6,78.4,0,837,58.12
2026-07-28 17:15:00,17,Tuesday,0,Highway,100,Foggy,28.7,68.5,0,2528,71.67
2026-07-28 17:30:00,17,Tuesday,0,Residential,30,Clear,15.2,56.1,0,730,54.62
2026-07-28 17:45:00,17,Tuesday,0,Highway,100,Rainy,22.2,73.1,0,2448,59.87
2026-07-28 18:00:00,18,Tuesday,0,Residential,30,Clear,15.9,80.1,0,605,49.43
2026-07-28 18:15:00,18,Tuesday,0,Arterial,70,Clear,23.2,41.8,0,1742,58.53
2026-07-28 18:30:00,18,Tuesday,0,Arterial,70,Rainy,17.9,86.6,0,1813,73.22
2026-07-28 18:45:00,18,Tuesday,0,Downtown,50,Foggy,20.9,77.4,0,1381,69.15
2026-07-28 19:00:00,19,Tuesday,0,Downtown,50,Clear,24.6,64.4,0,1071,46.84
2026-07-28 19:15:00,19,Tuesday,0,Highway,100,Foggy,15.2,46.1,0,2628,70.32
2026-07-28 19:30:00,19,Tuesday,0,Downtown,50,Clear,18.8,47.3,0,1475,54.34
2026-07-28 19:45:00,19,Tuesday,0,Downtown,50,Clear,32.5,43.9,0,1375,58.04
2026-07-28 20:00:00,20,Tuesday,0,Arterial,70,Clear,16.3,77.0,0,825,14.32
2026-07-28 20:15:00,20,Tuesday,0,Arterial,70,Clear,26.6,74.6,1,970,47.06
2026-07-28 20:30:00,20,Tuesday,0,Downtown,50,Clear,22.7,71.2,0,538,13.39
2026-07-28 20:45:00,20,Tuesday,0,Arterial,70,Foggy,32.4,77.5,0,823,30.01
2026-07-28 21:00:00,21,Tuesday,0,Highway,100,Rainy,20.8,78.3,0,1293,29.63
2026-07-28 21:15:00,21,Tuesday,0,Arterial,70,Clear,21.4,48.8,0,901,14.75
2026-07-28 21:30:00,21,Tuesday,0,Highway,100,Heavy Rain,22.3,60.6,0,1195,44.91
2026-07-28 21:45:00,21,Tuesday,0,Downtown,50,Rainy,19.4,43.3,0,739,28.08
2026-07-28 22:00:00,22,Tuesday,0,Highway,100,Clear,28.8,72.9,0,1299,17.76
2026-07-28 22:15:00,22,Tuesday,0,Arterial,70,Clear,26.3,87.3,0,746,11.52
2026-07-28 22:30:00,22,Tuesday,0,Residential,30,Clear,34.1,72.5,0,313,7.99
2026-07-28 22:45:00,22,Tuesday,0,Downtown,50,Clear,21.2,86.0,0,729,25.58
2026-07-28 23:00:00,23,Tuesday,0,Highway,100,Clear,22.6,46.7,0,548,9.61
2026-07-28 23:15:00,23,Tuesday,0,Arterial,70,Clear,17.6,52.4,0,428,6.35
2026-07-28 23:30:00,23,Tuesday,0,Downtown,50,Heavy Rain,18.8,40.8,0,219,29.48
2026-07-28 23:45:00,23,Tuesday,0,Residential,30,Rainy,17.7,45.8,0,197,20.88
2026-07-29 00:00:00,0,Wednesday,0,Downtown,50,Heavy Rain,32.4,60.7,0,50,28.63
2026-07-29 00:15:00,0,Wednesday,0,Highway,100,Clear,17.2,48.9,0,371,6.38
2026-07-29 00:30:00,0,Wednesday,0,Arterial,70,Clear,18.9,72.9,0,371,0.49
2026-07-29 00:45:00,0,Wednesday,0,Downtown,50,Clear,22.0,76.5,0,61,4.12
2026-07-29 01:00:00,1,Wednesday,0,Downtown,50,Clear,18.8,54.1,0,232,5.91
2026-07-29 01:15:00,1,Wednesday,0,Arterial,70,Rainy,32.1,60.0,1,282,53.74
2026-07-29 01:30:00,1,Wednesday,0,Residential,30,Clear,30.7,50.6,0,183,11.08
2026-07-29 01:45:00,1,Wednesday,0,Downtown,50,Clear,25.9,40.5,0,302,12.79
2026-07-29 02:00:00,2,Wednesday,0,Highway,100,Clear,21.9,75.8,0,462,2.28
2026-07-29 02:15:00,2,Wednesday,0,Highway,100,Heavy Rain,16.6,77.1,0,499,32.71
2026-07-29 02:30:00,2,Wednesday,0,Highway,100,Rainy,28.1,53.3,0,330,17.71
2026-07-29 02:45:00,2,Wednesday,0,Highway,100,Rainy,19.3,63.8,0,357,17.06
2026-07-29 03:00:00,3,Wednesday,0,Residential,30,Clear,22.0,85.7,0,50,1.89
2026-07-29 03:15:00,3,Wednesday,0,Residential,30,Clear,30.4,66.9,0,202,12.52
2026-07-29 03:30:00,3,Wednesday,0,Arterial,70,Clear,28.6,70.4,0,268,7.06
2026-07-29 03:45:00,3,Wednesday,0,Arterial,70,Rainy,24.1,41.1,0,184,14.56
2026-07-29 04:00:00,4,Wednesday,0,Highway,100,Clear,16.0,84.2,0,482,2.68
2026-07-29 04:15:00,4,Wednesday,0,Downtown,50,Clear,19.0,45.5,0,81,3.06
2026-07-29 04:30:00,4,Wednesday,0,Residential,30,Foggy,27.2,81.7,0,171,29.3
2026-07-29 04:45:00,4,Wednesday,0,Highway,100,Foggy,32.2,87.7,0,198,19.29
2026-07-29 05:00:00,5,Wednesday,0,Highway,100,Clear,19.4,67.5,0,419,0.0
2026-07-29 05:15:00,5,Wednesday,0,Arterial,70,Rainy,34.8,74.5,0,426,19.67
2026-07-29 05:30:00,5,Wednesday,0,Arterial,70,Heavy Rain,16.1,54.6,0,256,37.56
2026-07-29 05:45:00,5,Wednesday,0,Highway,100,Clear,25.5,89.8,0,358,0.84
2026-07-29 06:00:00,6,Wednesday,0,Arterial,70,Clear,24.3,74.5,0,903,15.63
2026-07-29 06:15:00,6,Wednesday,0,Residential,30,Clear,17.3,81.1,0,317,10.09
2026-07-29 06:30:00,6,Wednesday,0,Arterial,70,Clear,29.3,74.5,0,1065,25.28
2026-07-29 06:45:00,6,Wednesday,0,Downtown,50,Clear,30.2,73.1,0,778,21.47
2026-07-29 07:00:00,7,Wednesday,0,Highway,100,Foggy,22.3,88.2,0,1333,36.74
2026-07-29 07:15:00,7,Wednesday,0,Highway,100,Foggy,26.9,63.5,0,1158,33.77
2026-07-29 07:30:00,7,Wednesday,0,Arterial,70,Clear,33.0,54.0,0,800,15.96
2026-07-29 07:45:00,7,Wednesday,0,Highway,100,Clear,30.8,67.7,0,1441,21.81
2026-07-29 08:00:00,8,Wednesday,0,Highway,100,Clear,29.5,78.1,0,2729,60.58
2026-07-29 08:15:00,8,Wednesday,0,Highway,100,Rainy,24.6,70.1,0,2428,67.96
2026-07-29 08:30:00,8,Wednesday,0,Arterial,70,Clear,30.2,61.6,0,1679,54.91
2026-07-29 08:45:00,8,Wednesday,0,Highway,100,Rainy,29.8,65.0,0,2467,61.87
2026-07-29 09:00:00,9,Wednesday,0,Highway,100,Clear,26.3,62.1,0,2278,50.82
2026-07-29 09:15:00,9,Wednesday,0,Highway,100,Clear,19.0,75.4,0,2625,59.17
2026-07-29 09:30:00,9,Wednesday,0,Arterial,70,Rainy,27.1,42.3,0,1680,63.31
2026-07-29 09:45:00,9,Wednesday,0,Arterial,70,Rainy,33.3,87.0,0,1607,65.22
2026-07-29 10:00:00,10,Wednesday,0,Arterial,70,Foggy,24.1,43.5,0,1499,67.18
2026-07-29 10:15:00,10,Wednesday,0,Arterial,70,Clear,21.4,44.6,0,1794,60.44
2026-07-29 10:30:00,10,Wednesday,0,Downtown,50,Clear,31.5,86.5,0,1428,52.77
2026-07-29 10:45:00,10,Wednesday,0,Highway,100,Foggy,28.3,58.4,0,2423,71.87
2026-07-29 11:00:00,11,Wednesday,0,Residential,30,Clear,34.6,48.4,0,340,13.86
2026-07-29 11:15:00,11,Wednesday,0,Downtown,50,Clear,23.9,55.2,0,879,20.05
2026-07-29 11:30:00,11,Wednesday,0,Highway,100,Clear,23.0,84.4,0,1376,17.82
2026-07-29 11:45:00,11,Wednesday,0,Downtown,50,Clear,18.4,55.1,0,850,24.74
2026-07-29 12:00:00,12,Wednesday,0,Arterial,70,Clear,30.8,61.7,0,1033,16.66
2026-07-29 12:15:00,12,Wednesday,0,Residential,30,Clear,29.7,85.9,0,467,17.69
2026-07-29 12:30:00,12,Wednesday,0,Highway,100,Clear,32.9,69.5,0,1392,13.13
2026-07-29 12:45:00,12,Wednesday,0,Arterial,70,Rainy,30.2,64.0,1,731,57.66
2026-07-29 13:00:00,13,Wednesday,0,Highway,100,Clear,23.5,42.6,0,1010,12.06
2026-07-29 13:15:00,13,Wednesday,0,Residential,30,Clear,33.5,44.3,0,433,18.08
2026-07-29 13:30:00,13,Wednesday,0,Highway,100,Heavy Rain,15.9,52.1,0,1442,44.93
2026-07-29 13:45:00,13,Wednesday,0,Downtown,50,Clear,28.8,41.9,0,683,19.97
2026-07-29 14:00:00,14,Wednesday,0,Residential,30,Rainy,32.3,46.5,0,271,20.43
2026-07-29 14:15:00,14,Wednesday,0,Highway,100,Clear,20.2,44.9,0,1210,20.7
2026-07-29 14:30:00,14,Wednesday,0,Downtown,50,Foggy,34.2,44.9,0,638,28.4
2026-07-29 14:45:00,14,Wednesday,0,Arterial,70,Rainy,27.0,45.5,0,899,21.23
2026-07-29 15:00:00,15,Wednesday,0,Highway,100,Clear,34.9,83.6,0,1037,16.79
2026-07-29 15:15:00,15,Wednesday,0,Arterial,70,Clear,16.0,55.8,0,948,17.88
2026-07-29 15:30:00,15,Wednesday,0,Residential,30,Foggy,34.7,40.8,0,428,36.23
2026-07-29 15:45:00,15,Wednesday,0,Downtown,50,Clear,24.5,53.3,0,626,11.7
2026-07-29 16:00:00,16,Wednesday,0,Highway,100,Heavy Rain,33.1,67.6,0,1166,44.68
2026-07-29 16:15:00,16,Wednesday,0,Residential,30,Clear,16.8,59.9,0,511,20.24
2026-07-29 16:30:00,16,Wednesday,0,Residential,30,Rainy,27.9,65.6,0,132,16.82
2026-07-29 16:45:00,16,Wednesday,0,Residential,30,Foggy,18.1,81.1,0,345,34.99
2026-07-29 17:00:00,17,Wednesday,0,Downtown,50,Clear,16.4,42.3,0,1275,48.35
2026-07-29 17:15:00,17,Wednesday,0,Downtown,50,Rainy,34.4,55.5,0,1387,72.83
2026-07-29 17:30:00,17,Wednesday,0,Downtown,50,Rainy,18.4,77.6,0,1537,71.92
2026-07-29 17:45:00,17,Wednesday,0,Residential,30,Heavy Rain,31.5,78.4,0,636,81.02
2026-07-29 18:00:00,18,Wednesday,0,Arterial,70,Clear,21.9,55.5,0,1696,58.81
2026-07-29 18:15:00,18,Wednesday,0,Downtown,50,Heavy Rain,23.0,67.6,0,1377,82.92
2026-07-29 18:30:00,18,Wednesday,0,Residential,30,Clear,17.2,49.6,0,729,61.67
2026-07-29 18:45:00,18,Wednesday,0,Arterial,70,Clear,31.8,81.9,0,1693,55.73
2026-07-29 19:00:00,19,Wednesday,0,Highway,100,Clear,21.6,67.4,0,2462,54.89
2026-07-29 19:15:00,19,Wednesday,0,Arterial,70,Rainy,34.8,41.6,0,1804,68.9
2026-07-29 19:30:00,19,Wednesday,0,Arterial,70,Foggy,21.7,70.5,0,1527,64.92
2026-07-29 19:45:00,19,Wednesday,0,Arterial,70,Rainy,17.0,71.6,0,1765,67.71
2026-07-29 20:00:00,20,Wednesday,0,Downtown,50,Clear,27.0,76.1,0,853,24.05
2026-07-29 20:15:00,20,Wednesday,0,Highway,100,Clear,17.8,53.6,0,1333,15.83
2026-07-29 20:30:00,20,Wednesday,0,Highway,100,Heavy Rain,20.1,77.0,0,1211,41.49
2026-07-29 20:45:00,20,Wednesday,0,Downtown,50,Clear,27.1,50.3,0,386,9.87
2026-07-29 21:00:00,21,Wednesday,0,Highway,100,Clear,28.9,88.2,0,1199,12.89
2026-07-29 21:15:00,21,Wednesday,0,Highway,100,Clear,20.0,50.0,0,1169,11.71
2026-07-29 21:30:00,21,Wednesday,0,Highway,100,Clear,28.8,51.8,0,1259,13.61
2026-07-29 21:45:00,21,Wednesday,0,Downtown,50,Clear,25.8,72.5,0,680,13.89
2026-07-29 22:00:00,22,Wednesday,0,Downtown,50,Heavy Rain,31.1,48.8,0,679,48.18
2026-07-29 22:15:00,22,Wednesday,0,Arterial,70,Clear,17.1,82.8,0,1109,19.32
2026-07-29 22:30:00,22,Wednesday,0,Downtown,50,Clear,17.3,41.0,0,621,13.38
2026-07-29 22:45:00,22,Wednesday,0,Arterial,70,Clear,16.7,64.4,0,1058,22.84
2026-07-29 23:00:00,23,Wednesday,0,Downtown,50,Clear,27.9,55.2,0,50,0.0
2026-07-29 23:15:00,23,Wednesday,0,Highway,100,Clear,25.1,66.9,0,365,5.84
2026-07-29 23:30:00,23,Wednesday,0,Residential,30,Clear,18.8,88.7,0,50,1.73
2026-07-29 23:45:00,23,Wednesday,0,Highway,100,Rainy,16.4,71.9,0,428,14.74
2026-07-30 00:00:00,0,Thursday,0,Downtown,50,Clear,24.7,81.6,0,50,6.48
2026-07-30 00:15:00,0,Thursday,0,Highway,100,Heavy Rain,25.6,56.8,0,200,32.33
2026-07-30 00:30:00,0,Thursday,0,Residential,30,Clear,27.1,63.9,0,158,10.26
2026-07-30 00:45:00,0,Thursday,0,Downtown,50,Clear,33.8,57.2,0,358,0.0
2026-07-30 01:00:00,1,Thursday,0,Highway,100,Clear,23.6,41.8,0,609,6.93
2026-07-30 01:15:00,1,Thursday,0,Arterial,70,Foggy,22.4,60.5,0,185,17.67
2026-07-30 01:30:00,1,Thursday,0,Downtown,50,Clear,33.1,70.8,0,390,8.64
2026-07-30 01:45:00,1,Thursday,0,Downtown,50,Foggy,30.0,43.1,0,51,21.28
2026-07-30 02:00:00,2,Thursday,0,Arterial,70,Rainy,26.5,60.8,0,293,15.43
2026-07-30 02:15:00,2,Thursday,0,Downtown,50,Clear,20.6,79.9,0,255,10.14
2026-07-30 02:30:00,2,Thursday,0,Arterial,70,Heavy Rain,30.5,66.7,0,135,28.68
2026-07-30 02:45:00,2,Thursday,0,Highway,100,Clear,29.8,47.0,0,77,2.41
2026-07-30 03:00:00,3,Thursday,0,Arterial,70,Clear,21.4,61.5,0,403,9.71
2026-07-30 03:15:00,3,Thursday,0,Downtown,50,Rainy,19.0,89.8,0,314,22.66
2026-07-30 03:30:00,3,Thursday,0,Arterial,70,Heavy Rain,19.3,61.1,0,308,31.26
2026-07-30 03:45:00,3,Thursday,0,Highway,100,Foggy,27.7,62.0,0,244,24.83
2026-07-30 04:00:00,4,Thursday,0,Highway,100,Clear,18.7,79.3,0,482,6.07
2026-07-30 04:15:00,4,Thursday,0,Highway,100,Clear,29.2,43.4,0,128,4.72
2026-07-30 04:30:00,4,Thursday,0,Arterial,70,Clear,22.4,45.3,0,83,1.9
2026-07-30 04:45:00,4,Thursday,0,Residential,30,Rainy,22.0,81.5,0,143,15.23
2026-07-30 05:00:00,5,Thursday,0,Downtown,50,Clear,21.3,40.3,0,338,3.3
2026-07-30 05:15:00,5,Thursday,0,Highway,100,Clear,21.3,81.3,0,252,0.0
2026-07-30 05:30:00,5,Thursday,0,Downtown,50,Clear,16.8,50.3,0,140,3.21
2026-07-30 05:45:00,5,Thursday,0,Highway,100,Clear,22.1,75.4,0,438,3.22
2026-07-30 06:00:00,6,Thursday,0,Arterial,70,Rainy,22.5,54.5,1,920,62.18
2026-07-30 06:15:00,6,Thursday,0,Downtown,50,Clear,24.2,47.1,0,513,8.46
2026-07-30 06:30:00,6,Thursday,0,Arterial,70,Clear,26.3,72.7,0,750,17.68
2026-07-30 06:45:00,6,Thursday,0,Highway,100,Rainy,17.9,61.4,0,1444,36.54
2026-07-30 07:00:00,7,Thursday,0,Highway,100,Clear,26.7,41.2,0,1138,8.94
2026-07-30 07:15:00,7,Thursday,0,Highway,100,Foggy,27.9,62.5,0,1181,26.11
2026-07-30 07:30:00,7,Thursday,0,Arterial,70,Clear,21.3,43.9,0,775,12.55
2026-07-30 07:45:00,7,Thursday,0,Residential,30,Clear,34.2,57.0,0,420,24.03
2026-07-30 08:00:00,8,Thursday,0,Arterial,70,Clear,26.7,78.3,0,1621,52.46
2026-07-30 08:15:00,8,Thursday,0,Highway,100,Clear,16.5,58.7,0,2378,53.45
2026-07-30 08:30:00,8,Thursday,0,Arterial,70,Clear,31.6,79.0,0,1703,58.26
2026-07-30 08:45:00,8,Thursday,0,Arterial,70,Clear,18.4,83.1,0,1676,48.93
2026-07-30 09:00:00,9,Thursday,0,Highway,100,Clear,33.2,62.9,0,2504,55.3
2026-07-30 09:15:00,9,Thursday,0,Arterial,70,Clear,26.3,67.9,0,1817,58.26
2026-07-30 09:30:00,9,Thursday,0,Downtown,50,Foggy,20.5,49.6,0,1423,71.45
2026-07-30 09:45:00,9,Thursday,0,Highway,100,Clear,17.6,77.7,0,2598,52.48
2026-07-30 10:00:00,10,Thursday,0,Downtown,50,Clear,20.5,69.3,0,1503,51.93
2026-07-30 10:15:00,10,Thursday,0,Downtown,50,Clear,19.3,86.4,0,1284,50.43
2026-07-30 10:30:00,10,Thursday,0,Downtown,50,Clear,23.5,61.3,0,1509,57.07
2026-07-30 10:45:00,10,Thursday,0,Residential,30,Clear,15.7,58.1,0,913,63.5
2026-07-30 11:00:00,11,Thursday,0,Highway,100,Clear,26.6,81.7,1,1281,54.7
2026-07-30 11:15:00,11,Thursday,0,Downtown,50,Rainy,15.4,87.6,0,668,26.37
2026-07-30 11:30:00,11,Thursday,0,Arterial,70,Clear,23.8,70.2,0,975,17.75
2026-07-30 11:45:00,11,Thursday,0,Highway,100,Rainy,18.5,74.0,0,1227,29.33
2026-07-30 12:00:00,12,Thursday,0,Highway,100,Foggy,21.6,51.6,0,1206,30.88
2026-07-30 12:15:00,12,Thursday,0,Arterial,70,Clear,24.0,59.2,0,958,16.67
2026-07-30 12:30:00,12,Thursday,0,Downtown,50,Clear,29.1,65.5,0,765,14.88
2026-07-30 12:45:00,12,Thursday,0,Downtown,50,Clear,25.0,49.0,0,579,12.33
2026-07-30 13:00:00,13,Thursday,0,Arterial,70,Rainy,18.1,84.0,0,867,26.08
2026-07-30 13:15:00,13,Thursday,0,Downtown,50,Foggy,28.8,50.0,0,741,40.66
2026-07-30 13:30:00,13,Thursday,0,Arterial,70,Clear,33.9,83.1,0,732,13.22
2026-07-30 13:45:00,13,Thursday,0,Residential,30,Clear,25.3,53.2,0,425,18.39
2026-07-30 14:00:00,14,Thursday,0,Residential,30,Clear,16.4,73.2,0,393,15.8
2026-07-30 14:15:00,14,Thursday,0,Downtown,50,Clear,20.5,55.5,0,764,16.11
2026-07-30 14:30:00,14,Thursday,0,Highway,100,Clear,30.0,40.2,0,1209,15.87
2026-07-30 14:45:00,14,Thursday,0,Residential,30,Clear,28.0,84.1,0,176,6.49
2026-07-30 15:00:00,15,Thursday,0,Highway,100,Rainy,33.6,43.6,0,1211,30.78
2026-07-30 15:15:00,15,Thursday,0,Highway,100,Clear,21.9,88.6,1,1286,51.0
2026-07-30 15:30:00,15,Thursday,0,Highway,100,Foggy,19.2,81.3,0,1288,37.31
2026-07-30 15:45:00,15,Thursday,0,Arterial,70,Clear,26.5,59.7,0,1012,23.18
2026-07-30 16:00:00,16,Thursday,0,Residential,30,Rainy,21.8,56.5,0,264,19.82
2026-07-30 16:15:00,16,Thursday,0,Downtown,50,Foggy,27.6,69.1,0,838,38.59
2026-07-30 16:30:00,16,Thursday,0,Downtown,50,Clear,29.6,76.0,0,747,15.52
2026-07-30 16:45:00,16,Thursday,0,Arterial,70,Rainy,18.7,41.5,0,998,22.83
2026-07-30 17:00:00,17,Thursday,0,Residential,30,Rainy,34.8,43.9,0,709,63.69
2026-07-30 17:15:00,17,Thursday,0,Highway,100,Rainy,17.7,45.2,0,2653,66.24
2026-07-30 17:30:00,17,Thursday,0,Downtown,50,Clear,31.2,68.2,0,1429,53.21
2026-07-30 17:45:00,17,Thursday,0,Highway,100,Clear,16.9,66.5,0,2557,55.86
2026-07-30 18:00:00,18,Thursday,0,Residential,30,Rainy,21.0,67.4,0,926,81.27
2026-07-30 18:15:00,18,Thursday,0,Downtown,50,Clear,29.9,47.2,0,1712,62.72
2026-07-30 18:30:00,18,Thursday,0,Highway,100,Clear,25.7,42.6,0,2594,52.91
2026-07-30 18:45:00,18,Thursday,0,Arterial,70,Clear,32.8,80.3,0,1504,55.68
2026-07-30 19:00:00,19,Thursday,0,Residential,30,Clear,23.2,66.3,0,710,54.14
2026-07-30 19:15:00,19,Thursday,0,Arterial,70,Rainy,25.5,78.6,0,1693,70.34
2026-07-30 19:30:00,19,Thursday,0,Arterial,70,Clear,29.8,46.6,0,1531,53.63
2026-07-30 19:45:00,19,Thursday,0,Highway,100,Clear,25.0,65.2,0,2187,49.03
2026-07-30 20:00:00,20,Thursday,0,Downtown,50,Clear,32.4,52.2,0,506,9.26
2026-07-30 20:15:00,20,Thursday,0,Downtown,50,Rainy,24.0,63.3,0,868,30.11
2026-07-30 20:30:00,20,Thursday,0,Arterial,70,Rainy,25.3,63.0,0,761,29.37
2026-07-30 20:45:00,20,Thursday,0,Highway,100,Clear,31.9,86.7,0,1441,20.37
2026-07-30 21:00:00,21,Thursday,0,Highway,100,Clear,18.7,74.9,0,1302,18.81
2026-07-30 21:15:00,21,Thursday,0,Arterial,70,Rainy,32.3,71.3,0,963,29.33
2026-07-30 21:30:00,21,Thursday,0,Arterial,70,Clear,27.7,63.5,0,692,7.62
2026-07-30 21:45:00,21,Thursday,0,Downtown,50,Clear,34.7,77.5,0,692,12.81
2026-07-30 22:00:00,22,Thursday,0,Residential,30,Clear,17.9,64.3,0,50,1.21
2026-07-30 22:15:00,22,Thursday,0,Downtown,50,Foggy,16.0,47.7,0,669,31.63
2026-07-30 22:30:00,22,Thursday,0,Highway,100,Clear,21.5,60.3,0,1217,12.12
2026-07-30 22:45:00,22,Thursday,0,Highway,100,Clear,29.7,80.8,0,1306,17.92
2026-07-30 23:00:00,23,Thursday,0,Highway,100,Clear,28.4,88.7,0,417,4.21
2026-07-30 23:15:00,23,Thursday,0,Highway,100,Rainy,15.7,40.9,0,250,16.35
2026-07-30 23:30:00,23,Thursday,0,Downtown,50,Clear,25.7,55.4,0,209,4.56
2026-07-30 23:45:00,23,Thursday,0,Arterial,70,Clear,18.4,89.7,0,216,7.2
2026-07-31 00:00:00,0,Friday,0,Arterial,70,Clear,15.6,79.5,0,50,1.58
2026-07-31 00:15:00,0,Friday,0,Downtown,50,Rainy,26.1,85.2,0,235,21.64
2026-07-31 00:30:00,0,Friday,0,Highway,100,Clear,21.0,82.8,0,275,4.22
2026-07-31 00:45:00,0,Friday,0,Residential,30,Clear,27.1,80.2,0,70,3.42
2026-07-31 01:00:00,1,Friday,0,Highway,100,Rainy,18.1,62.2,0,268,14.96
2026-07-31 01:15:00,1,Friday,0,Downtown,50,Clear,31.8,73.1,0,170,4.72
2026-07-31 01:30:00,1,Friday,0,Highway,100,Clear,22.6,89.3,0,416,8.32
2026-07-31 01:45:00,1,Friday,0,Highway,100,Foggy,34.4,86.2,0,297,17.75
2026-07-31 02:00:00,2,Friday,0,Downtown,50,Clear,29.2,79.8,0,260,5.59
2026-07-31 02:15:00,2,Friday,0,Highway,100,Clear,15.7,56.6,0,152,3.89
2026-07-31 02:30:00,2,Friday,0,Highway,100,Foggy,26.7,48.6,0,261,19.06
2026-07-31 02:45:00,2,Friday,0,Residential,30,Clear,32.6,80.1,0,50,2.01
2026-07-31 03:00:00,3,Friday,0,Arterial,70,Clear,19.7,48.0,0,252,2.23
2026-07-31 03:15:00,3,Friday,0,Arterial,70,Clear,24.2,68.5,0,163,7.01
2026-07-31 03:30:00,3,Friday,0,Downtown,50,Clear,32.4,67.3,0,261,7.69
2026-07-31 03:45:00,3,Friday,0,Residential,30,Clear,26.8,64.6,0,103,5.85
2026-07-31 04:00:00,4,Friday,0,Downtown,50,Clear,21.0,56.8,0,100,0.64
2026-07-31 04:15:00,4,Friday,0,Arterial,70,Clear,30.3,65.1,0,306,4.53
2026-07-31 04:30:00,4,Friday,0,Highway,100,Heavy Rain,24.5,49.3,0,437,27.66
2026-07-31 04:45:00,4,Friday,0,Highway,100,Rainy,31.9,68.6,0,452,21.89
2026-07-31 05:00:00,5,Friday,0,Arterial,70,Clear,19.1,80.8,0,163,5.47
2026-07-31 05:15:00,5,Friday,0,Highway,100,Clear,34.7,56.8,0,219,3.8
2026-07-31 05:30:00,5,Friday,0,Highway,100,Clear,34.0,85.2,0,441,0.69
2026-07-31 05:45:00,5,Friday,0,Arterial,70,Clear,22.4,87.7,1,482,46.79
2026-07-31 06:00:00,6,Friday,0,Highway,100,Rainy,16.0,51.0,0,1386,28.47
2026-07-31 06:15:00,6,Friday,0,Residential,30,Rainy,29.9,53.1,0,347,32.96
2026-07-31 06:30:00,6,Friday,0,Highway,100,Rainy,19.4,44.9,0,1283,26.23
2026-07-31 06:45:00,6,Friday,0,Downtown,50,Clear,34.3,81.2,0,609,17.67
2026-07-31 07:00:00,7,Friday,0,Downtown,50,Rainy,18.0,73.1,0,632,25.65
2026-07-31 07:15:00,7,Friday,0,Highway,100,Clear,15.1,56.3,0,1296,14.0
2026-07-31 07:30:00,7,Friday,0,Residential,30,Foggy,20.1,78.5,0,267,33.0
2026-07-31 07:45:00,7,Friday,0,Highway,100,Clear,16.1,89.9,0,1144,13.77
2026-07-31 08:00:00,8,Friday,0,Highway,100,Rainy,31.6,89.0,0,2610,65.27
2026-07-31 08:15:00,8,Friday,0,Highway,100,Clear,23.9,56.3,0,2267,50.71
2026-07-31 08:30:00,8,Friday,0,Downtown,50,Clear,27.9,87.9,0,1583,56.46
2026-07-31 08:45:00,8,Friday,0,Downtown,50,Clear,29.1,61.7,0,1440,54.26
2026-07-31 09:00:00,9,Friday,0,Arterial,70,Clear,23.4,57.4,0,1656,51.91
2026-07-31 09:15:00,9,Friday,0,Arterial,70,Clear,15.3,69.0,0,1638,52.23
2026-07-31 09:30:00,9,Friday,0,Arterial,70,Clear,20.1,62.6,0,1441,47.25
2026-07-31 09:45:00,9,Friday,0,Residential,30,Rainy,34.9,66.4,0,684,66.83
2026-07-31 10:00:00,10,Friday,0,Arterial,70,Clear,25.9,44.0,0,1604,54.57
2026-07-31 10:15:00,10,Friday,0,Highway,100,Rainy,15.9,63.2,0,2324,70.34
2026-07-31 10:30:00,10,Friday,0,Residential,30,Rainy,17.5,57.7,0,778,74.05
2026-07-31 10:45:00,10,Friday,0,Arterial,70,Clear,26.7,78.6,0,1631,52.76
2026-07-31 11:00:00,11,Friday,0,Arterial,70,Clear,20.0,89.3,0,717,6.44
2026-07-31 11:15:00,11,Friday,0,Highway,100,Clear,21.7,63.3,0,1312,12.86
2026-07-31 11:30:00,11,Friday,0,Highway,100,Clear,24.5,43.7,0,1101,15.94
2026-07-31 11:45:00,11,Friday,0,Highway,100,Clear,16.8,74.0,0,1221,12.07
2026-07-31 12:00:00,12,Friday,0,Arterial,70,Clear,18.7,87.7,0,1027,21.22
2026-07-31 12:15:00,12,Friday,0,Downtown,50,Clear,35.0,86.4,0,470,12.03
2026-07-31 12:30:00,12,Friday,0,Residential,30,Rainy,19.5,41.7,0,509,37.35
2026-07-31 12:45:00,12,Friday,0,Arterial,70,Clear,18.1,55.8,0,669,8.87
2026-07-31 13:00:00,13,Friday,0,Highway,100,Clear,31.2,63.5,0,1056,12.73
2026-07-31 13:15:00,13,Friday,0,Residential,30,Rainy,26.3,73.4,0,404,28.06
2026-07-31 13:30:00,13,Friday,0,Arterial,70,Clear,15.9,47.1,0,657,11.76
2026-07-31 13:45:00,13,Friday,0,Highway,100,Clear,16.2,61.7,0,1371,15.65
2026-07-31 14:00:00,14,Friday,0,Highway,100,Foggy,29.5,62.3,0,1308,35.08
2026-07-31 14:15:00,14,Friday,0,Arterial,70,Clear,25.6,43.3,0,970,23.01
2026-07-31 14:30:00,14,Friday,0,Residential,30,Heavy Rain,18.3,77.4,0,399,46.04
2026-07-31 14:45:00,14,Friday,0,Residential,30,Rainy,22.7,73.3,0,311,21.31
2026-07-31 15:00:00,15,Friday,0,Highway,100,Clear,29.4,41.8,0,1261,14.72
2026-07-31 15:15:00,15,Friday,0,Arterial,70,Rainy,30.2,60.9,0,853,33.99
2026-07-31 15:30:00,15,Friday,0,Arterial,70,Clear,17.4,54.8,0,1147,19.64
2026-07-31 15:45:00,15,Friday,0,Arterial,70,Foggy,24.9,61.2,0,1033,42.22
2026-07-31 16:00:00,16,Friday,0,Arterial,70,Foggy,30.3,83.4,0,701,27.81
2026-07-31 16:15:00,16,Friday,0,Downtown,50,Clear,30.5,59.2,0,595,11.8
2026-07-31 16:30:00,16,Friday,0,Highway,100,Clear,15.3,75.8,0,1253,15.22
2026-07-31 16:45:00,16,Friday,0,Residential,30,Clear,34.7,67.0,1,272,44.61
2026-07-31 17:00:00,17,Friday,0,Downtown,50,Heavy Rain,31.5,67.7,0,1315,79.19
2026-07-31 17:15:00,17,Friday,0,Arterial,70,Clear,22.8,81.9,0,1550,48.72
2026-07-31 17:30:00,17,Friday,0,Highway,100,Clear,19.9,87.1,0,2509,50.66
2026-07-31 17:45:00,17,Friday,0,Highway,100,Clear,20.7,46.2,0,2463,56.99
2026-07-31 18:00:00,18,Friday,0,Downtown,50,Clear,18.3,59.9,0,1413,53.1
2026-07-31 18:15:00,18,Friday,0,Downtown,50,Foggy,17.1,40.0,0,1407,75.76
2026-07-31 18:30:00,18,Friday,0,Arterial,70,Clear,31.9,81.5,0,1822,53.96
2026-07-31 18:45:00,18,Friday,0,Highway,100,Foggy,23.9,62.1,0,2362,72.27
2026-07-31 19:00:00,19,Friday,0,Residential,30,Heavy Rain,25.5,68.1,0,781,85.43
2026-07-31 19:15:00,19,Friday,0,Highway,100,Clear,33.6,50.7,0,2752,54.14
2026-07-31 19:30:00,19,Friday,0,Downtown,50,Clear,33.3,51.0,0,1732,68.21
2026-07-31 19:45:00,19,Friday,0,Arterial,70,Clear,21.9,61.3,0,1584,55.87
2026-07-31 20:00:00,20,Friday,0,Arterial,70,Foggy,30.1,41.1,0,889,38.05
2026-07-31 20:15:00,20,Friday,0,Highway,100,Rainy,28.9,54.1,0,1458,26.78
2026-07-31 20:30:00,20,Friday,0,Highway,100,Clear,33.0,54.8,1,1146,49.28
2026-07-31 20:45:00,20,Friday,0,Highway,100,Clear,20.2,82.2,0,1286,19.08
2026-07-31 21:00:00,21,Friday,0,Arterial,70,Clear,26.7,70.9,0,861,17.99
2026-07-31 21:15:00,21,Friday,0,Downtown,50,Clear,21.3,76.8,0,506,16.3
2026-07-31 21:30:00,21,Friday,0,Highway,100,Clear,21.2,45.6,0,999,12.55
2026-07-31 21:45:00,21,Friday,0,Arterial,70,Rainy,15.4,67.3,0,856,31.06
2026-07-31 22:00:00,22,Friday,0,Highway,100,Clear,27.4,42.3,0,1147,14.17
2026-07-31 22:15:00,22,Friday,0,Residential,30,Clear,21.5,48.9,0,447,23.11
2026-07-31 22:30:00,22,Friday,0,Highway,100,Clear,26.5,59.1,0,1096,18.68
2026-07-31 22:45:00,22,Friday,0,Downtown,50,Clear,19.8,69.3,1,724,48.81
2026-07-31 23:00:00,23,Friday,0,Arterial,70,Rainy,25.6,65.5,0,284,15.02
2026-07-31 23:15:00,23,Friday,0,Arterial,70,Rainy,17.8,55.0,1,330,53.53
2026-07-31 23:30:00,23,Friday,0,Downtown,50,Foggy,21.4,44.5,0,256,27.46
2026-07-31 23:45:00,23,Friday,0,Arterial,70,Foggy,18.5,70.8,0,216,18.77
2026-08-01 00:00:00,0,Saturday,1,Downtown,50,Rainy,34.5,42.2,0,93,11.66
2026-08-01 00:15:00,0,Saturday,1,Arterial,70,Clear,24.8,86.0,0,287,6.76
2026-08-01 00:30:00,0,Saturday,1,Arterial,70,Rainy,30.1,50.3,0,198,15.66
2026-08-01 00:45:00,0,Saturday,1,Downtown,50,Rainy,26.0,50.6,0,240,17.24
2026-08-01 01:00:00,1,Saturday,1,Downtown,50,Rainy,18.6,56.6,0,140,15.16
2026-08-01 01:15:00,1,Saturday,1,Arterial,70,Clear,26.2,40.4,0,240,9.27
2026-08-01 01:30:00,1,Saturday,1,Downtown,50,Rainy,32.1,40.4,0,282,18.64
2026-08-01 01:45:00,1,Saturday,1,Downtown,50,Clear,17.6,64.7,0,147,7.55
2026-08-01 02:00:00,2,Saturday,1,Arterial,70,Clear,15.9,62.0,0,450,9.9
2026-08-01 02:15:00,2,Saturday,1,Highway,100,Clear,32.2,62.8,0,67,0.0
2026-08-01 02:30:00,2,Saturday,1,Highway,100,Clear,18.6,79.6,0,496,9.13
2026-08-01 02:45:00,2,Saturday,1,Highway,100,Clear,33.8,42.0,0,371,2.84
2026-08-01 03:00:00,3,Saturday,1,Highway,100,Clear,29.4,48.2,0,466,3.91
2026-08-01 03:15:00,3,Saturday,1,Residential,30,Clear,16.9,82.4,0,124,2.06
2026-08-01 03:30:00,3,Saturday,1,Residential,30,Clear,16.7,53.7,0,153,5.59
2026-08-01 03:45:00,3,Saturday,1,Downtown,50,Clear,17.3,89.4,0,215,4.85
2026-08-01 04:00:00,4,Saturday,1,Residential,30,Clear,23.4,44.8,0,50,4.85
2026-08-01 04:15:00,4,Saturday,1,Downtown,50,Rainy,19.6,70.7,0,141,16.43
2026-08-01 04:30:00,4,Saturday,1,Downtown,50,Clear,15.7,46.2,0,279,2.4
2026-08-01 04:45:00,4,Saturday,1,Arterial,70,Rainy,24.9,55.4,0,385,15.01
2026-08-01 05:00:00,5,Saturday,1,Downtown,50,Clear,28.3,49.0,0,50,1.95
2026-08-01 05:15:00,5,Saturday,1,Downtown,50,Heavy Rain,18.0,68.5,0,145,27.98
2026-08-01 05:30:00,5,Saturday,1,Highway,100,Clear,28.4,73.2,0,421,7.22
2026-08-01 05:45:00,5,Saturday,1,Highway,100,Rainy,27.2,76.6,1,362,47.36
2026-08-01 06:00:00,6,Saturday,1,Downtown,50,Clear,16.1,45.6,0,614,12.69
2026-08-01 06:15:00,6,Saturday,1,Arterial,70,Clear,15.5,47.6,0,887,21.48
2026-08-01 06:30:00,6,Saturday,1,Highway,100,Foggy,24.5,48.7,0,1201,29.57
2026-08-01 06:45:00,6,Saturday,1,Arterial,70,Clear,28.1,86.8,0,997,16.51
2026-08-01 07:00:00,7,Saturday,1,Arterial,70,Clear,31.3,84.6,0,822,11.54
2026-08-01 07:15:00,7,Saturday,1,Arterial,70,Clear,20.2,63.6,0,854,15.91
2026-08-01 07:30:00,7,Saturday,1,Residential,30,Rainy,23.0,58.5,0,530,40.94
2026-08-01 07:45:00,7,Saturday,1,Highway,100,Clear,33.0,44.3,0,1498,19.2
2026-08-01 08:00:00,8,Saturday,1,Highway,100,Foggy,15.8,82.9,0,1306,33.16
2026-08-01 08:15:00,8,Saturday,1,Residential,30,Heavy Rain,17.3,66.3,0,311,41.12
2026-08-01 08:30:00,8,Saturday,1,Highway,100,Foggy,17.5,71.5,0,1345,34.18
2026-08-01 08:45:00,8,Saturday,1,Residential,30,Foggy,30.1,52.7,0,118,26.25
2026-08-01 09:00:00,9,Saturday,1,Downtown,50,Rainy,20.5,40.9,0,605,26.13
2026-08-01 09:15:00,9,Saturday,1,Downtown,50,Rainy,18.4,69.8,0,774,29.5
2026-08-01 09:30:00,9,Saturday,1,Highway,100,Clear,32.7,59.3,0,1405,21.45
2026-08-01 09:45:00,9,Saturday,1,Highway,100,Clear,21.7,71.4,0,1417,21.75
2026-08-01 10:00:00,10,Saturday,1,Highway,100,Clear,22.4,52.1,0,1099,15.33
2026-08-01 10:15:00,10,Saturday,1,Residential,30,Clear,17.5,50.6,0,460,19.64
2026-08-01 10:30:00,10,Saturday,1,Arterial,70,Foggy,17.0,73.4,0,752,31.0
2026-08-01 10:45:00,10,Saturday,1,Arterial,70,Heavy Rain,27.7,72.2,0,832,42.12
2026-08-01 11:00:00,11,Saturday,1,Highway,100,Clear,31.4,72.8,1,1215,46.84
2026-08-01 11:15:00,11,Saturday,1,Downtown,50,Clear,18.1,61.4,0,695,16.93
2026-08-01 11:30:00,11,Saturday,1,Residential,30,Foggy,18.2,75.8,0,233,24.69
2026-08-01 11:45:00,11,Saturday,1,Arterial,70,Clear,23.7,61.4,0,810,17.23
2026-08-01 12:00:00,12,Saturday,1,Highway,100,Clear,29.4,69.5,1,1145,51.28
2026-08-01 12:15:00,12,Saturday,1,Highway,100,Clear,28.3,48.3,0,1309,18.5
2026-08-01 12:30:00,12,Saturday,1,Downtown,50,Rainy,17.1,50.2,0,780,26.29
2026-08-01 12:45:00,12,Saturday,1,Downtown,50,Clear,26.1,64.3,0,698,13.85
2026-08-01 13:00:00,13,Saturday,1,Arterial,70,Clear,35.0,78.8,0,682,10.93
2026-08-01 13:15:00,13,Saturday,1,Downtown,50,Rainy,26.0,84.8,1,517,58.27
2026-08-01 13:30:00,13,Saturday,1,Arterial,70,Heavy Rain,20.9,70.9,0,890,40.75
2026-08-01 13:45:00,13,Saturday,1,Arterial,70,Foggy,29.3,81.3,0,699,30.0
2026-08-01 14:00:00,14,Saturday,1,Highway,100,Clear,18.0,68.3,0,1369,17.52
2026-08-01 14:15:00,14,Saturday,1,Highway,100,Clear,18.3,83.8,0,1065,10.95
2026-08-01 14:30:00,14,Saturday,1,Highway,100,Foggy,28.6,84.0,0,1501,36.13
2026-08-01 14:45:00,14,Saturday,1,Residential,30,Clear,21.3,85.6,0,50,0.0
2026-08-01 15:00:00,15,Saturday,1,Highway,100,Clear,29.5,58.3,0,1323,17.99
2026-08-01 15:15:00,15,Saturday,1,Residential,30,Rainy,34.6,77.4,0,424,32.17
2026-08-01 15:30:00,15,Saturday,1,Downtown,50,Rainy,19.3,85.6,0,750,27.63
2026-08-01 15:45:00,15,Saturday,1,Arterial,70,Clear,20.1,41.7,0,963,19.02
2026-08-01 16:00:00,16,Saturday,1,Arterial,70,Clear,31.2,57.8,0,995,14.77
2026-08-01 16:15:00,16,Saturday,1,Highway,100,Heavy Rain,16.5,65.3,0,1095,47.6
2026-08-01 16:30:00,16,Saturday,1,Arterial,70,Clear,18.6,79.1,0,829,20.35
2026-08-01 16:45:00,16,Saturday,1,Highway,100,Clear,32.9,70.1,0,1365,18.89
2026-08-01 17:00:00,17,Saturday,1,Arterial,70,Clear,20.9,44.0,0,808,20.16
2026-08-01 17:15:00,17,Saturday,1,Arterial,70,Clear,24.2,55.9,0,893,13.64
2026-08-01 17:30:00,17,Saturday,1,Arterial,70,Rainy,31.5,50.2,0,810,26.73
2026-08-01 17:45:00,17,Saturday,1,Residential,30,Clear,19.6,46.5,0,327,15.88
2026-08-01 18:00:00,18,Saturday,1,Arterial,70,Clear,21.7,68.6,0,957,16.94
2026-08-01 18:15:00,18,Saturday,1,Highway,100,Clear,34.8,77.4,0,1088,19.22
2026-08-01 18:30:00,18,Saturday,1,Downtown,50,Clear,30.2,67.0,1,579,49.34
2026-08-01 18:45:00,18,Saturday,1,Arterial,70,Clear,29.9,65.1,0,670,13.74
2026-08-01 19:00:00,19,Saturday,1,Downtown,50,Foggy,29.1,54.7,0,661,40.01
2026-08-01 19:15:00,19,Saturday,1,Downtown,50,Clear,17.7,58.1,0,518,15.85
2026-08-01 19:30:00,19,Saturday,1,Downtown,50,Rainy,18.7,86.0,0,790,30.65
2026-08-01 19:45:00,19,Saturday,1,Highway,100,Clear,16.7,62.8,0,1185,15.46
2026-08-01 20:00:00,20,Saturday,1,Highway,100,Clear,18.8,77.9,0,1222,15.07
2026-08-01 20:15:00,20,Saturday,1,Highway,100,Rainy,34.8,56.3,0,1251,30.33
2026-08-01 20:30:00,20,Saturday,1,Residential,30,Clear,19.7,88.7,0,244,16.27
2026-08-01 20:45:00,20,Saturday,1,Residential,30,Clear,23.2,72.0,1,249,41.53
2026-08-01 21:00:00,21,Saturday,1,Arterial,70,Clear,31.3,44.6,0,647,12.89
2026-08-01 21:15:00,21,Saturday,1,Arterial,70,Rainy,23.9,46.1,0,758,29.71
2026-08-01 21:30:00,21,Saturday,1,Residential,30,Clear,23.7,68.2,0,338,18.06
2026-08-01 21:45:00,21,Saturday,1,Highway,100,Clear,27.5,78.3,0,1019,10.56
2026-08-01 22:00:00,22,Saturday,1,Arterial,70,Foggy,34.6,88.6,0,634,29.94
2026-08-01 22:15:00,22,Saturday,1,Arterial,70,Clear,18.2,59.9,0,728,11.5
2026-08-01 22:30:00,22,Saturday,1,Downtown,50,Clear,29.1,58.4,0,663,14.17
2026-08-01 22:45:00,22,Saturday,1,Downtown,50,Foggy,17.9,43.7,0,660,31.49
2026-08-01 23:00:00,23,Saturday,1,Residential,30,Rainy,21.9,87.7,0,124,16.37
2026-08-01 23:15:00,23,Saturday,1,Arterial,70,Clear,34.9,47.6,0,50,0.01
2026-08-01 23:30:00,23,Saturday,1,Downtown,50,Rainy,32.1,83.9,0,240,11.42
2026-08-01 23:45:00,23,Saturday,1,Arterial,70,Clear,26.0,72.9,0,232,4.82
2026-08-02 00:00:00,0,Sunday,1,Arterial,70,Rainy,27.0,40.1,0,321,16.61
2026-08-02 00:15:00,0,Sunday,1,Residential,30,Clear,17.0,50.3,0,50,0.0
2026-08-02 00:30:00,0,Sunday,1,Arterial,70,Clear,26.2,57.2,0,225,5.94
2026-08-02 00:45:00,0,Sunday,1,Highway,100,Clear,17.0,57.2,0,165,2.44
2026-08-02 01:00:00,1,Sunday,1,Downtown,50,Clear,19.6,73.8,0,160,4.59
2026-08-02 01:15:00,1,Sunday,1,Arterial,70,Clear,34.8,88.2,0,107,0.0
2026-08-02 01:30:00,1,Sunday,1,Highway,100,Foggy,21.6,80.8,1,306,59.81
2026-08-02 01:45:00,1,Sunday,1,Downtown,50,Clear,30.7,47.7,0,287,8.81
2026-08-02 02:00:00,2,Sunday,1,Residential,30,Clear,21.9,63.8,0,50,0.65
2026-08-02 02:15:00,2,Sunday,1,Downtown,50,Foggy,16.6,47.7,0,376,26.68
2026-08-02 02:30:00,2,Sunday,1,Highway,100,Clear,18.0,88.6,0,208,2.49
2026-08-02 02:45:00,2,Sunday,1,Downtown,50,Clear,30.4,72.2,0,200,8.48
2026-08-02 03:00:00,3,Sunday,1,Highway,100,Clear,34.1,70.1,0,363,6.82
2026-08-02 03:15:00,3,Sunday,1,Residential,30,Clear,25.7,50.6,0,50,0.5
2026-08-02 03:30:00,3,Sunday,1,Highway,100,Clear,17.7,80.5,0,328,4.0
2026-08-02 03:45:00,3,Sunday,1,Highway,100,Foggy,31.7,82.0,0,499,25.42
2026-08-02 04:00:00,4,Sunday,1,Residential,30,Clear,21.4,45.0,0,81,0.0
2026-08-02 04:15:00,4,Sunday,1,Residential,30,Rainy,16.1,40.4,0,307,27.19
2026-08-02 04:30:00,4,Sunday,1,Highway,100,Foggy,30.5,84.5,0,272,20.03
2026-08-02 04:45:00,4,Sunday,1,Residential,30,Clear,17.4,49.6,0,108,5.17
2026-08-02 05:00:00,5,Sunday,1,Arterial,70,Heavy Rain,16.4,83.4,0,112,29.74
2026-08-02 05:15:00,5,Sunday,1,Highway,100,Clear,18.5,64.2,0,490,8.36
2026-08-02 05:30:00,5,Sunday,1,Downtown,50,Rainy,21.6,47.8,0,258,20.42
2026-08-02 05:45:00,5,Sunday,1,Arterial,70,Clear,20.3,76.4,0,50,0.0
2026-08-02 06:00:00,6,Sunday,1,Downtown,50,Heavy Rain,33.0,41.5,0,715,38.04
2026-08-02 06:15:00,6,Sunday,1,Downtown,50,Clear,30.6,63.8,1,834,57.22
2026-08-02 06:30:00,6,Sunday,1,Arterial,70,Heavy Rain,23.3,60.9,0,586,40.77
2026-08-02 06:45:00,6,Sunday,1,Downtown,50,Clear,21.1,54.9,0,640,13.01
2026-08-02 07:00:00,7,Sunday,1,Downtown,50,Rainy,29.7,58.8,0,431,26.6
2026-08-02 07:15:00,7,Sunday,1,Downtown,50,Clear,32.2,66.9,0,815,23.1
2026-08-02 07:30:00,7,Sunday,1,Arterial,70,Heavy Rain,23.9,64.9,0,720,38.55
2026-08-02 07:45:00,7,Sunday,1,Downtown,50,Clear,31.5,71.3,0,785,15.83
2026-08-02 08:00:00,8,Sunday,1,Downtown,50,Clear,22.8,52.3,0,557,14.35
2026-08-02 08:15:00,8,Sunday,1,Downtown,50,Foggy,16.2,78.6,0,742,34.57
2026-08-02 08:30:00,8,Sunday,1,Highway,100,Clear,25.1,70.3,0,1239,16.6
2026-08-02 08:45:00,8,Sunday,1,Downtown,50,Clear,20.3,49.4,1,946,60.12
2026-08-02 09:00:00,9,Sunday,1,Downtown,50,Clear,29.3,48.3,0,724,15.8
2026-08-02 09:15:00,9,Sunday,1,Downtown,50,Clear,22.2,47.4,0,690,12.58
2026-08-02 09:30:00,9,Sunday,1,Highway,100,Heavy Rain,26.7,47.5,0,1041,40.02
2026-08-02 09:45:00,9,Sunday,1,Highway,100,Clear,26.1,77.7,0,1218,16.2
2026-08-02 10:00:00,10,Sunday,1,Downtown,50,Clear,24.4,68.6,0,705,13.75
2026-08-02 10:15:00,10,Sunday,1,Highway,100,Clear,22.1,85.4,0,1273,17.18
2026-08-02 10:30:00,10,Sunday,1,Downtown,50,Clear,28.7,86.6,0,713,12.13
2026-08-02 10:45:00,10,Sunday,1,Downtown,50,Rainy,25.5,50.9,0,610,28.53
2026-08-02 11:00:00,11,Sunday,1,Downtown,50,Clear,21.2,83.2,0,686,18.38
2026-08-02 11:15:00,11,Sunday,1,Arterial,70,Clear,32.9,56.2,0,737,16.0
2026-08-02 11:30:00,11,Sunday,1,Highway,100,Clear,28.1,80.9,0,1241,12.43
2026-08-02 11:45:00,11,Sunday,1,Highway,100,Clear,26.8,87.8,0,1349,19.72
2026-08-02 12:00:00,12,Sunday,1,Residential,30,Rainy,27.5,58.2,0,445,32.01
2026-08-02 12:15:00,12,Sunday,1,Arterial,70,Clear,28.0,63.3,0,900,14.64
2026-08-02 12:30:00,12,Sunday,1,Downtown,50,Heavy Rain,26.3,83.6,0,658,40.44
2026-08-02 12:45:00,12,Sunday,1,Downtown,50,Clear,19.1,69.5,0,593,13.64
2026-08-02 13:00:00,13,Sunday,1,Residential,30,Clear,20.3,74.4,0,93,4.46
2026-08-02 13:15:00,13,Sunday,1,Residential,30,Heavy Rain,18.2,41.2,0,205,38.32
2026-08-02 13:30:00,13,Sunday,1,Downtown,50,Clear,27.2,62.8,0,855,23.38
2026-08-02 13:45:00,13,Sunday,1,Arterial,70,Clear,28.8,81.5,0,694,12.51
2026-08-02 14:00:00,14,Sunday,1,Downtown,50,Rainy,28.3,55.9,0,624,29.34
2026-08-02 14:15:00,14,Sunday,1,Highway,100,Clear,19.9,82.1,0,1069,12.24
2026-08-02 14:30:00,14,Sunday,1,Downtown,50,Clear,30.8,62.9,0,905,16.53
2026-08-02 14:45:00,14,Sunday,1,Residential,30,Clear,28.2,54.4,0,424,17.69
2026-08-02 15:00:00,15,Sunday,1,Arterial,70,Clear,16.9,47.4,0,937,17.32
2026-08-02 15:15:00,15,Sunday,1,Downtown,50,Rainy,20.7,53.6,0,735,20.7
2026-08-02 15:30:00,15,Sunday,1,Highway,100,Heavy Rain,16.2,48.9,0,1158,39.86
2026-08-02 15:45:00,15,Sunday,1,Arterial,70,Clear,24.5,70.8,0,773,15.15
2026-08-02 16:00:00,16,Sunday,1,Residential,30,Rainy,18.0,88.5,0,404,27.44
2026-08-02 16:15:00,16,Sunday,1,Highway,100,Clear,30.8,48.4,0,1382,16.84
2026-08-02 16:30:00,16,Sunday,1,Arterial,70,Clear,21.3,72.9,0,822,14.55
2026-08-02 16:45:00,16,Sunday,1,Downtown,50,Clear,21.0,85.3,0,904,27.74
2026-08-02 17:00:00,17,Sunday,1,Downtown,50,Foggy,27.3,61.3,0,653,33.74
2026-08-02 17:15:00,17,Sunday,1,Downtown,50,Clear,22.7,70.6,0,699,15.93
2026-08-02 17:30:00,17,Sunday,1,Residential,30,Heavy Rain,31.3,84.1,0,360,42.82
2026-08-02 17:45:00,17,Sunday,1,Downtown,50,Foggy,26.4,79.7,0,609,30.4
2026-08-02 18:00:00,18,Sunday,1,Downtown,50,Clear,19.9,72.2,0,814,19.11
2026-08-02 18:15:00,18,Sunday,1,Highway,100,Clear,27.7,81.5,0,1188,17.5
2026-08-02 18:30:00,18,Sunday,1,Highway,100,Clear,15.8,60.8,0,1195,11.07
2026-08-02 18:45:00,18,Sunday,1,Highway,100,Clear,31.5,42.1,0,1228,16.18
2026-08-02 19:00:00,19,Sunday,1,Highway,100,Clear,21.3,63.8,0,1299,13.44
2026-08-02 19:15:00,19,Sunday,1,Residential,30,Clear,16.2,67.7,1,268,43.83
2026-08-02 19:30:00,19,Sunday,1,Highway,100,Clear,15.9,59.5,0,1196,17.0
2026-08-02 19:45:00,19,Sunday,1,Highway,100,Clear,25.4,65.8,0,1116,14.03
2026-08-02 20:00:00,20,Sunday,1,Arterial,70,Clear,32.1,40.7,0,888,18.54
2026-08-02 20:15:00,20,Sunday,1,Residential,30,Clear,27.8,82.5,0,135,10.41
2026-08-02 20:30:00,20,Sunday,1,Arterial,70,Foggy,25.8,44.7,0,978,39.04
2026-08-02 20:45:00,20,Sunday,1,Downtown,50,Clear,20.5,54.3,0,846,24.66
2026-08-02 21:00:00,21,Sunday,1,Downtown,50,Rainy,30.0,45.3,0,732,23.55
2026-08-02 21:15:00,21,Sunday,1,Highway,100,Rainy,17.1,53.6,0,1277,26.88
2026-08-02 21:30:00,21,Sunday,1,Residential,30,Clear,29.3,79.6,0,142,8.65
2026-08-02 21:45:00,21,Sunday,1,Highway,100,Clear,26.7,79.7,0,1027,9.7
2026-08-02 22:00:00,22,Sunday,1,Downtown,50,Rainy,20.1,54.9,0,913,31.3
2026-08-02 22:15:00,22,Sunday,1,Arterial,70,Clear,18.3,85.1,0,946,22.83
2026-08-02 22:30:00,22,Sunday,1,Arterial,70,Heavy Rain,17.4,65.5,0,832,42.75
2026-08-02 22:45:00,22,Sunday,1,Downtown,50,Clear,32.5,72.2,0,773,20.5
2026-08-02 23:00:00,23,Sunday,1,Downtown,50,Rainy,26.0,68.3,0,136,17.85
2026-08-02 23:15:00,23,Sunday,1,Arterial,70,Clear,28.9,88.8,0,374,13.02
2026-08-02 23:30:00,23,Sunday,1,Arterial,70,Clear,22.0,60.3,0,460,3.94
2026-08-02 23:45:00,23,Sunday,1,Residential,30,Clear,20.0,59.1,0,50,5.42
2026-08-03 00:00:00,0,Monday,0,Downtown,50,Foggy,21.7,46.8,0,263,17.46
2026-08-03 00:15:00,0,Monday,0,Downtown,50,Clear,33.5,60.0,0,144,2.12
2026-08-03 00:30:00,0,Monday,0,Arterial,70,Clear,27.4,62.6,0,301,4.88
2026-08-03 00:45:00,0,Monday,0,Highway,100,Clear,33.9,60.0,0,380,5.12
2026-08-03 01:00:00,1,Monday,0,Downtown,50,Clear,17.5,86.5,0,367,2.77
2026-08-03 01:15:00,1,Monday,0,Highway,100,Clear,27.8,45.0,0,642,8.71
2026-08-03 01:30:00,1,Monday,0,Highway,100,Clear,34.2,41.4,0,229,0.81
2026-08-03 01:45:00,1,Monday,0,Arterial,70,Foggy,24.6,78.7,0,233,18.28
2026-08-03 02:00:00,2,Monday,0,Downtown,50,Clear,29.8,75.3,0,116,1.98
2026-08-03 02:15:00,2,Monday,0,Downtown,50,Clear,28.3,57.3,0,97,2.11
2026-08-03 02:30:00,2,Monday,0,Arterial,70,Clear,34.2,68.3,0,281,9.62
2026-08-03 02:45:00,2,Monday,0,Arterial,70,Clear,16.2,76.1,0,387,0.69
2026-08-03 03:00:00,3,Monday,0,Arterial,70,Clear,19.2,78.0,0,175,3.48
2026-08-03 03:15:00,3,Monday,0,Downtown,50,Clear,22.7,60.6,0,265,4.75
2026-08-03 03:30:00,3,Monday,0,Arterial,70,Clear,27.3,70.3,0,294,6.98
2026-08-03 03:45:00,3,Monday,0,Arterial,70,Clear,17.1,44.5,0,273,7.4
2026-08-03 04:00:00,4,Monday,0,Downtown,50,Clear,24.1,60.0,0,214,1.51
2026-08-03 04:15:00,4,Monday,0,Residential,30,Foggy,32.0,58.7,0,148,25.78
2026-08-03 04:30:00,4,Monday,0,Residential,30,Foggy,19.8,46.4,0,50,22.34
2026-08-03 04:45:00,4,Monday,0,Downtown,50,Clear,15.9,57.7,0,211,4.94
2026-08-03 05:00:00,5,Monday,0,Downtown,50,Rainy,15.1,65.6,0,56,15.3
2026-08-03 05:15:00,5,Monday,0,Downtown,50,Heavy Rain,20.6,50.4,0,223,34.94
2026-08-03 05:30:00,5,Monday,0,Downtown,50,Rainy,22.5,71.6,0,50,10.6
2026-08-03 05:45:00,5,Monday,0,Downtown,50,Clear,22.0,75.3,0,258,4.95
2026-08-03 06:00:00,6,Monday,0,Highway,100,Clear,17.9,48.2,0,1155,20.93
2026-08-03 06:15:00,6,Monday,0,Highway,100,Clear,24.8,68.3,0,1163,18.43
2026-08-03 06:30:00,6,Monday,0,Highway,100,Clear,25.7,61.4,0,1356,20.37
2026-08-03 06:45:00,6,Monday,0,Arterial,70,Clear,18.1,77.7,0,814,13.21
2026-08-03 07:00:00,7,Monday,0,Residential,30,Clear,21.5,72.2,0,596,27.95
2026-08-03 07:15:00,7,Monday,0,Residential,30,Rainy,22.7,78.4,0,328,26.88
2026-08-03 07:30:00,7,Monday,0,Residential,30,Clear,17.5,55.4,0,294,17.13
2026-08-03 07:45:00,7,Monday,0,Highway,100,Clear,28.4,80.7,0,1272,13.53
2026-08-03 08:00:00,8,Monday,0,Highway,100,Clear,30.6,60.2,0,2397,57.3
2026-08-03 08:15:00,8,Monday,0,Highway,100,Clear,18.9,88.9,0,2434,52.49
2026-08-03 08:30:00,8,Monday,0,Highway,100,Rainy,33.9,41.6,0,2366,62.28
2026-08-03 08:45:00,8,Monday,0,Highway,100,Rainy,24.4,81.6,0,2430,65.73
2026-08-03 09:00:00,9,Monday,0,Highway,100,Clear,31.2,72.8,0,2683,54.09
2026-08-03 09:15:00,9,Monday,0,Highway,100,Foggy,33.3,67.6,0,2368,72.3
2026-08-03 09:30:00,9,Monday,0,Arterial,70,Clear,33.5,76.2,0,1438,51.13
2026-08-03 09:45:00,9,Monday,0,Downtown,50,Clear,27.9,48.3,0,1299,49.98
2026-08-03 10:00:00,10,Monday,0,Downtown,50,Clear,34.7,73.5,0,1482,64.55
2026-08-03 10:15:00,10,Monday,0,Residential,30,Clear,29.3,44.3,0,634,49.81
2026-08-03 10:30:00,10,Monday,0,Downtown,50,Rainy,23.2,61.6,0,1370,61.78
2026-08-03 10:45:00,10,Monday,0,Downtown,50,Clear,16.8,85.1,0,1277,55.4
2026-08-03 11:00:00,11,Monday,0,Downtown,50,Clear,34.4,74.7,0,784,12.16
2026-08-03 11:15:00,11,Monday,0,Highway,100,Clear,16.6,66.2,0,1292,14.31
2026-08-03 11:30:00,11,Monday,0,Downtown,50,Foggy,31.8,87.2,1,630,58.77
2026-08-03 11:45:00,11,Monday,0,Highway,100,Clear,18.0,73.6,0,1173,12.84
2026-08-03 12:00:00,12,Monday,0,Residential,30,Clear,32.8,46.2,0,210,6.13
2026-08-03 12:15:00,12,Monday,0,Residential,30,Clear,19.1,69.5,0,105,8.93
2026-08-03 12:30:00,12,Monday,0,Arterial,70,Clear,19.4,73.6,0,634,11.79
2026-08-03 12:45:00,12,Monday,0,Arterial,70,Clear,16.3,40.6,0,786,13.42
2026-08-03 13:00:00,13,Monday,0,Downtown,50,Clear,24.4,72.2,0,697,15.69
2026-08-03 13:15:00,13,Monday,0,Downtown,50,Rainy,23.9,61.9,0,788,28.81
2026-08-03 13:30:00,13,Monday,0,Arterial,70,Clear,24.3,86.8,0,816,12.08
2026-08-03 13:45:00,13,Monday,0,Highway,100,Heavy Rain,23.3,43.4,0,1370,40.34
2026-08-03 14:00:00,14,Monday,0,Highway,100,Clear,16.9,54.2,0,1197,17.37
2026-08-03 14:15:00,14,Monday,0,Highway,100,Rainy,32.4,64.6,0,1050,26.31
2026-08-03 14:30:00,14,Monday,0,Highway,100,Heavy Rain,30.2,56.9,0,1202,43.9
2026-08-03 14:45:00,14,Monday,0,Arterial,70,Clear,33.2,56.5,0,947,19.34
2026-08-03 15:00:00,15,Monday,0,Highway,100,Clear,27.4,79.8,0,1271,13.34
2026-08-03 15:15:00,15,Monday,0,Residential,30,Foggy,26.7,89.8,0,534,41.91
2026-08-03 15:30:00,15,Monday,0,Highway,100,Heavy Rain,22.1,57.5,0,1333,39.81
2026-08-03 15:45:00,15,Monday,0,Arterial,70,Clear,31.2,43.1,0,836,10.47
2026-08-03 16:00:00,16,Monday,0,Arterial,70,Clear,30.9,89.5,0,655,19.69
2026-08-03 16:15:00,16,Monday,0,Residential,30,Rainy,22.9,63.8,0,425,32.71
2026-08-03 16:30:00,16,Monday,0,Residential,30,Clear,28.4,62.3,0,503,20.42
2026-08-03 16:45:00,16,Monday,0,Highway,100,Clear,29.3,86.5,0,1355,18.78
2026-08-03 17:00:00,17,Monday,0,Arterial,70,Clear,33.7,86.9,0,1715,53.84
2026-08-03 17:15:00,17,Monday,0,Downtown,50,Clear,17.2,89.2,0,1446,49.6
2026-08-03 17:30:00,17,Monday,0,Highway,100,Clear,22.1,53.5,0,2303,51.08
2026-08-03 17:45:00,17,Monday,0,Arterial,70,Clear,16.0,75.9,0,1826,56.32
2026-08-03 18:00:00,18,Monday,0,Arterial,70,Clear,32.5,83.2,0,1750,55.42
2026-08-03 18:15:00,18,Monday,0,Downtown,50,Clear,27.6,46.1,0,1292,48.41
2026-08-03 18:30:00,18,Monday,0,Highway,100,Clear,24.6,70.0,0,2532,58.34
2026-08-03 18:45:00,18,Monday,0,Downtown,50,Clear,31.3,71.2,0,1354,49.53
2026-08-03 19:00:00,19,Monday,0,Highway,100,Clear,22.9,84.7,0,2661,53.17
2026-08-03 19:15:00,19,Monday,0,Highway,100,Clear,27.0,69.2,0,2444,49.51
2026-08-03 19:30:00,19,Monday,0,Residential,30,Heavy Rain,21.2,72.2,0,845,86.77
2026-08-03 19:45:00,19,Monday,0,Arterial,70,Rainy,27.6,71.4,0,1532,62.72
2026-08-03 20:00:00,20,Monday,0,Residential,30,Clear,23.2,43.9,0,380,12.87
2026-08-03 20:15:00,20,Monday,0,Arterial,70,Clear,26.7,64.8,0,825,16.33
2026-08-03 20:30:00,20,Monday,0,Highway,100,Clear,15.5,84.2,0,1140,14.78
2026-08-03 20:45:00,20,Monday,0,Arterial,70,Clear,30.4,87.8,0,797,10.17
2026-08-03 21:00:00,21,Monday,0,Downtown,50,Clear,31.1,49.9,0,577,13.31
2026-08-03 21:15:00,21,Monday,0,Downtown,50,Clear,31.3,63.5,0,657,13.98
2026-08-03 21:30:00,21,Monday,0,Downtown,50,Clear,22.7,64.0,0,796,17.7
2026-08-03 21:45:00,21,Monday,0,Residential,30,Clear,18.5,63.9,0,195,5.59
2026-08-03 22:00:00,22,Monday,0,Arterial,70,Rainy,16.7,75.5,0,756,28.1
2026-08-03 22:15:00,22,Monday,0,Highway,100,Clear,34.1,81.0,0,1312,14.36
2026-08-03 22:30:00,22,Monday,0,Downtown,50,Foggy,27.2,65.7,0,718,35.95
2026-08-03 22:45:00,22,Monday,0,Highway,100,Clear,32.6,68.4,0,1362,20.92
2026-08-03 23:00:00,23,Monday,0,Highway,100,Rainy,23.2,87.0,1,417,52.11
2026-08-03 23:15:00,23,Monday,0,Arterial,70,Rainy,16.5,47.2,0,249,19.62
2026-08-03 23:30:00,23,Monday,0,Arterial,70,Clear,32.4,50.5,0,91,3.72
2026-08-03 23:45:00,23,Monday,0,Downtown,50,Rainy,17.8,65.1,0,180,11.98
2026-08-04 00:00:00,0,Tuesday,0,Highway,100,Clear,19.4,65.3,0,184,0.04
2026-08-04 00:15:00,0,Tuesday,0,Downtown,50,Rainy,16.9,87.7,0,145,22.37
2026-08-04 00:30:00,0,Tuesday,0,Highway,100,Heavy Rain,15.2,74.6,0,331,34.58
2026-08-04 00:45:00,0,Tuesday,0,Arterial,70,Rainy,16.0,42.7,0,387,20.87
2026-08-04 01:00:00,1,Tuesday,0,Residential,30,Clear,20.6,83.2,0,50,4.62
2026-08-04 01:15:00,1,Tuesday,0,Residential,30,Clear,15.9,79.8,0,194,5.33
2026-08-04 01:30:00,1,Tuesday,0,Downtown,50,Rainy,20.6,41.3,0,156,16.87
2026-08-04 01:45:00,1,Tuesday,0,Arterial,70,Clear,15.3,84.9,0,156,6.58
2026-08-04 02:00:00,2,Tuesday,0,Highway,100,Foggy,28.1,74.3,0,452,17.94
2026-08-04 02:15:00,2,Tuesday,0,Highway,100,Rainy,27.0,52.2,0,340,24.37
2026-08-04 02:30:00,2,Tuesday,0,Highway,100,Foggy,34.0,68.1,0,199,18.08
2026-08-04 02:45:00,2,Tuesday,0,Arterial,70,Clear,33.4,48.8,0,115,0.0
2026-08-04 03:00:00,3,Tuesday,0,Arterial,70,Rainy,29.5,51.7,0,287,19.41
2026-08-04 03:15:00,3,Tuesday,0,Downtown,50,Clear,30.8,57.9,0,121,1.65
2026-08-04 03:30:00,3,Tuesday,0,Arterial,70,Clear,24.1,76.3,1,214,37.84
2026-08-04 03:45:00,3,Tuesday,0,Arterial,70,Clear,17.3,62.6,0,155,5.02
2026-08-04 04:00:00,4,Tuesday,0,Downtown,50,Clear,24.0,86.8,0,238,6.61
2026-08-04 04:15:00,4,Tuesday,0,Highway,100,Clear,16.1,42.5,0,307,6.83
2026-08-04 04:30:00,4,Tuesday,0,Arterial,70,Clear,16.8,41.6,0,298,9.14
2026-08-04 04:45:00,4,Tuesday,0,Residential,30,Clear,18.6,74.2,0,50,1.45
2026-08-04 05:00:00,5,Tuesday,0,Highway,100,Clear,33.8,83.0,0,389,1.41
2026-08-04 05:15:00,5,Tuesday,0,Highway,100,Clear,16.7,75.5,0,288,0.0
2026-08-04 05:30:00,5,Tuesday,0,Downtown,50,Clear,33.9,61.7,0,50,6.3
2026-08-04 05:45:00,5,Tuesday,0,Downtown,50,Foggy,31.7,59.5,0,175,24.23
2026-08-04 06:00:00,6,Tuesday,0,Downtown,50,Heavy Rain,26.5,64.0,0,693,39.55
2026-08-04 06:15:00,6,Tuesday,0,Arterial,70,Clear,27.2,68.8,0,801,16.44
2026-08-04 06:30:00,6,Tuesday,0,Downtown,50,Clear,27.6,82.5,0,642,22.0
2026-08-04 06:45:00,6,Tuesday,0,Downtown,50,Rainy,30.4,54.4,0,589,32.13
2026-08-04 07:00:00,7,Tuesday,0,Arterial,70,Clear,15.2,48.5,0,880,17.77
2026-08-04 07:15:00,7,Tuesday,0,Highway,100,Clear,33.2,78.0,0,1227,15.43
2026-08-04 07:30:00,7,Tuesday,0,Highway,100,Clear,32.9,72.7,0,1421,17.82
2026-08-04 07:45:00,7,Tuesday,0,Highway,100,Clear,20.2,64.0,0,1177,11.45
2026-08-04 08:00:00,8,Tuesday,0,Downtown,50,Rainy,16.6,42.2,0,1498,69.63
2026-08-04 08:15:00,8,Tuesday,0,Downtown,50,Rainy,22.6,69.5,0,1365,61.35
2026-08-04 08:30:00,8,Tuesday,0,Downtown,50,Clear,28.6,54.6,0,1314,48.4
2026-08-04 08:45:00,8,Tuesday,0,Highway,100,Rainy,30.0,44.1,0,2387,64.32
2026-08-04 09:00:00,9,Tuesday,0,Downtown,50,Clear,18.5,47.5,0,1310,56.77
2026-08-04 09:15:00,9,Tuesday,0,Downtown,50,Clear,33.6,74.8,0,1468,58.86
2026-08-04 09:30:00,9,Tuesday,0,Residential,30,Rainy,19.0,52.0,0,621,58.74
2026-08-04 09:45:00,9,Tuesday,0,Highway,100,Clear,30.4,82.0,0,2509,56.9
2026-08-04 10:00:00,10,Tuesday,0,Residential,30,Foggy,32.8,46.4,0,476,64.3
2026-08-04 10:15:00,10,Tuesday,0,Arterial,70,Foggy,26.8,77.9,0,1854,75.55
2026-08-04 10:30:00,10,Tuesday,0,Residential,30,Heavy Rain,30.8,64.4,0,597,76.03
2026-08-04 10:45:00,10,Tuesday,0,Highway,100,Clear,25.5,46.3,0,2667,52.09
2026-08-04 11:00:00,11,Tuesday,0,Residential,30,Clear,34.8,72.3,0,434,18.71
2026-08-04 11:15:00,11,Tuesday,0,Arterial,70,Clear,33.8,79.4,0,872,17.68
2026-08-04 11:30:00,11,Tuesday,0,Highway,100,Clear,31.8,49.0,0,1212,13.98
2026-08-04 11:45:00,11,Tuesday,0,Highway,100,Rainy,31.4,47.6,0,1089,28.16
2026-08-04 12:00:00,12,Tuesday,0,Highway,100,Clear,29.6,56.0,0,1238,20.54
2026-08-04 12:15:00,12,Tuesday,0,Residential,30,Clear,28.5,55.3,0,400,19.7
2026-08-04 12:30:00,12,Tuesday,0,Highway,100,Clear,22.2,78.0,0,1347,17.98
2026-08-04 12:45:00,12,Tuesday,0,Highway,100,Foggy,16.0,73.3,0,1092,31.01
2026-08-04 13:00:00,13,Tuesday,0,Residential,30,Clear,26.1,58.6,0,600,33.86
2026-08-04 13:15:00,13,Tuesday,0,Highway,100,Rainy,15.4,41.1,0,1051,26.24
2026-08-04 13:30:00,13,Tuesday,0,Arterial,70,Clear,22.0,72.6,1,1019,54.16
2026-08-04 13:45:00,13,Tuesday,0,Highway,100,Rainy,28.0,72.0,0,1183,23.06
2026-08-04 14:00:00,14,Tuesday,0,Highway,100,Rainy,31.9,60.3,0,1189,27.67
2026-08-04 14:15:00,14,Tuesday,0,Highway,100,Clear,25.4,63.8,0,1354,17.32
2026-08-04 14:30:00,14,Tuesday,0,Highway,100,Rainy,27.5,86.2,0,1417,31.71
2026-08-04 14:45:00,14,Tuesday,0,Highway,100,Clear,25.4,61.9,0,1136,11.42
2026-08-04 15:00:00,15,Tuesday,0,Downtown,50,Foggy,19.6,43.7,1,782,71.8
2026-08-04 15:15:00,15,Tuesday,0,Highway,100,Rainy,31.3,47.6,0,1143,24.33
2026-08-04 15:30:00,15,Tuesday,0,Residential,30,Clear,30.2,80.3,0,267,13.1
2026-08-04 15:45:00,15,Tuesday,0,Arterial,70,Heavy Rain,18.4,59.3,0,978,50.88
2026-08-04 16:00:00,16,Tuesday,0,Residential,30,Clear,30.4,84.1,0,112,7.4
2026-08-04 16:15:00,16,Tuesday,0,Highway,100,Clear,27.9,86.0,0,1225,16.72
2026-08-04 16:30:00,16,Tuesday,0,Downtown,50,Clear,24.4,83.0,0,607,10.51
2026-08-04 16:45:00,16,Tuesday,0,Highway,100,Rainy,24.8,87.5,0,1336,26.93
2026-08-04 17:00:00,17,Tuesday,0,Arterial,70,Clear,22.3,88.6,0,1657,58.78
2026-08-04 17:15:00,17,Tuesday,0,Arterial,70,Rainy,32.0,43.6,0,1440,61.53
2026-08-04 17:30:00,17,Tuesday,0,Downtown,50,Clear,31.0,70.9,0,1272,49.35
2026-08-04 17:45:00,17,Tuesday,0,Highway,100,Rainy,22.5,74.4,0,2519,62.29
2026-08-04 18:00:00,18,Tuesday,0,Downtown,50,Clear,28.0,50.0,0,1248,45.59
2026-08-04 18:15:00,18,Tuesday,0,Downtown,50,Clear,16.6,71.7,0,1527,54.93
2026-08-04 18:30:00,18,Tuesday,0,Highway,100,Foggy,21.7,63.0,0,2513,71.83
2026-08-04 18:45:00,18,Tuesday,0,Arterial,70,Clear,25.2,77.1,0,1686,51.61
2026-08-04 19:00:00,19,Tuesday,0,Highway,100,Clear,24.6,72.2,0,2359,55.08
2026-08-04 19:15:00,19,Tuesday,0,Residential,30,Foggy,17.9,72.8,0,628,66.49
2026-08-04 19:30:00,19,Tuesday,0,Arterial,70,Clear,31.7,44.9,0,1739,57.05
2026-08-04 19:45:00,19,Tuesday,0,Highway,100,Rainy,23.8,71.7,0,2628,68.76
2026-08-04 20:00:00,20,Tuesday,0,Downtown,50,Clear,20.7,65.7,0,679,15.76
2026-08-04 20:15:00,20,Tuesday,0,Residential,30,Clear,30.2,46.3,0,527,23.75
2026-08-04 20:30:00,20,Tuesday,0,Highway,100,Rainy,30.5,85.4,0,1239,20.91
2026-08-04 20:45:00,20,Tuesday,0,Arterial,70,Clear,27.4,56.9,0,865,13.7
2026-08-04 21:00:00,21,Tuesday,0,Downtown,50,Rainy,33.1,78.3,0,725,28.07
2026-08-04 21:15:00,21,Tuesday,0,Downtown,50,Rainy,29.4,53.4,0,653,24.05
2026-08-04 21:30:00,21,Tuesday,0,Arterial,70,Clear,24.3,63.0,0,658,10.93
2026-08-04 21:45:00,21,Tuesday,0,Downtown,50,Rainy,24.6,72.5,0,686,25.63
2026-08-04 22:00:00,22,Tuesday,0,Highway,100,Rainy,25.2,46.3,0,1225,29.64
2026-08-04 22:15:00,22,Tuesday,0,Residential,30,Heavy Rain,30.7,80.7,0,413,46.43
2026-08-04 22:30:00,22,Tuesday,0,Arterial,70,Clear,18.1,75.5,0,904,15.57
2026-08-04 22:45:00,22,Tuesday,0,Arterial,70,Clear,18.1,49.6,0,1024,19.64
2026-08-04 23:00:00,23,Tuesday,0,Downtown,50,Clear,32.0,45.3,0,146,5.16
2026-08-04 23:15:00,23,Tuesday,0,Downtown,50,Clear,16.9,70.5,0,196,3.04
2026-08-04 23:30:00,23,Tuesday,0,Arterial,70,Rainy,31.4,70.7,0,462,19.7
2026-08-04 23:45:00,23,Tuesday,0,Highway,100,Clear,31.4,60.3,0,379,4.07
2026-08-05 00:00:00,0,Wednesday,0,Highway,100,Foggy,17.1,84.5,0,484,25.23
2026-08-05 00:15:00,0,Wednesday,0,Highway,100,Clear,33.2,59.4,0,409,2.65
2026-08-05 00:30:00,0,Wednesday,0,Highway,100,Rainy,21.5,63.3,0,182,17.79
2026-08-05 00:45:00,0,Wednesday,0,Arterial,70,Rainy,18.6,82.6,0,116,14.84
2026-08-05 01:00:00,1,Wednesday,0,Downtown,50,Clear,31.1,55.2,0,112,4.83
2026-08-05 01:15:00,1,Wednesday,0,Residential,30,Clear,29.7,72.8,0,50,0.0
2026-08-05 01:30:00,1,Wednesday,0,Downtown,50,Clear,15.8,76.5,0,50,0.0
2026-08-05 01:45:00,1,Wednesday,0,Arterial,70,Rainy,29.6,80.9,0,143,17.21
2026-08-05 02:00:00,2,Wednesday,0,Highway,100,Rainy,17.0,89.1,0,104,14.76
2026-08-05 02:15:00,2,Wednesday,0,Arterial,70,Rainy,30.1,43.7,0,194,16.02
2026-08-05 02:30:00,2,Wednesday,0,Arterial,70,Clear,18.8,47.8,0,95,0.16
2026-08-05 02:45:00,2,Wednesday,0,Downtown,50,Rainy,31.1,70.8,0,408,17.72
2026-08-05 03:00:00,3,Wednesday,0,Highway,100,Rainy,17.1,83.1,0,655,22.92
2026-08-05 03:15:00,3,Wednesday,0,Downtown,50,Clear,23.6,54.4,0,243,7.03
2026-08-05 03:30:00,3,Wednesday,0,Highway,100,Clear,24.8,60.6,0,483,5.28
2026-08-05 03:45:00,3,Wednesday,0,Highway,100,Clear,33.7,40.6,0,386,0.0
2026-08-05 04:00:00,4,Wednesday,0,Highway,100,Foggy,33.7,82.5,0,272,20.66
2026-08-05 04:15:00,4,Wednesday,0,Downtown,50,Rainy,17.4,67.5,1,55,45.08
2026-08-05 04:30:00,4,Wednesday,0,Residential,30,Clear,33.7,79.0,0,275,9.84
2026-08-05 04:45:00,4,Wednesday,0,Arterial,70,Rainy,28.4,68.6,1,289,53.15
2026-08-05 05:00:00,5,Wednesday,0,Highway,100,Rainy,27.0,86.2,0,267,10.93
2026-08-05 05:15:00,5,Wednesday,0,Highway,100,Clear,24.4,84.6,0,450,4.32
2026-08-05 05:30:00,5,Wednesday,0,Arterial,70,Heavy Rain,20.4,62.1,0,194,32.74
2026-08-05 05:45:00,5,Wednesday,0,Residential,30,Foggy,23.7,74.1,1,50,54.62
2026-08-05 06:00:00,6,Wednesday,0,Residential,30,Clear,34.7,67.5,0,568,25.61
2026-08-05 06:15:00,6,Wednesday,0,Highway,100,Clear,18.1,72.2,1,1437,55.98
2026-08-05 06:30:00,6,Wednesday,0,Arterial,70,Clear,25.9,78.0,0,830,15.92
2026-08-05 06:45:00,6,Wednesday,0,Arterial,70,Foggy,33.9,59.0,0,721,30.95
2026-08-05 07:00:00,7,Wednesday,0,Residential,30,Foggy,25.1,40.9,0,253,29.37
2026-08-05 07:15:00,7,Wednesday,0,Highway,100,Clear,28.7,55.0,0,1213,13.77
2026-08-05 07:30:00,7,Wednesday,0,Arterial,70,Clear,18.2,56.8,0,970,21.26
2026-08-05 07:45:00,7,Wednesday,0,Arterial,70,Clear,27.7,76.6,0,693,10.51
2026-08-05 08:00:00,8,Wednesday,0,Arterial,70,Clear,16.8,50.4,0,1757,51.66
2026-08-05 08:15:00,8,Wednesday,0,Highway,100,Clear,32.2,78.0,0,2477,54.21
2026-08-05 08:30:00,8,Wednesday,0,Downtown,50,Clear,29.8,72.2,0,1520,52.93
2026-08-05 08:45:00,8,Wednesday,0,Downtown,50,Clear,22.6,57.5,0,1495,56.25
2026-08-05 09:00:00,9,Wednesday,0,Downtown,50,Clear,17.6,83.1,0,1172,47.87
2026-08-05 09:15:00,9,Wednesday,0,Arterial,70,Rainy,17.2,57.9,0,1734,68.51
2026-08-05 09:30:00,9,Wednesday,0,Arterial,70,Rainy,22.9,68.6,1,1714,100.0
2026-08-05 09:45:00,9,Wednesday,0,Downtown,50,Clear,30.9,48.1,0,1503,56.91
2026-08-05 10:00:00,10,Wednesday,0,Highway,100,Foggy,33.7,44.5,0,2481,70.77
2026-08-05 10:15:00,10,Wednesday,0,Residential,30,Clear,27.5,67.6,0,660,52.37
2026-08-05 10:30:00,10,Wednesday,0,Highway,100,Foggy,34.1,64.1,0,2640,72.71
2026-08-05 10:45:00,10,Wednesday,0,Highway,100,Clear,32.9,60.8,0,2369,51.8
2026-08-05 11:00:00,11,Wednesday,0,Residential,30,Rainy,15.5,69.0,0,136,18.98
2026-08-05 11:15:00,11,Wednesday,0,Arterial,70,Clear,25.8,59.8,0,756,14.98
2026-08-05 11:30:00,11,Wednesday,0,Downtown,50,Clear,19.6,72.3,0,572,13.28
2026-08-05 11:45:00,11,Wednesday,0,Highway,100,Rainy,15.7,45.6,0,1200,26.35
2026-08-05 12:00:00,12,Wednesday,0,Residential,30,Clear,32.2,81.1,0,556,28.02
2026-08-05 12:15:00,12,Wednesday,0,Downtown,50,Clear,18.5,82.0,0,698,16.02
2026-08-05 12:30:00,12,Wednesday,0,Highway,100,Foggy,26.3,76.1,0,1075,30.45
2026-08-05 12:45:00,12,Wednesday,0,Downtown,50,Heavy Rain,27.4,87.7,0,689,36.92
2026-08-05 13:00:00,13,Wednesday,0,Downtown,50,Clear,33.5,85.2,0,891,20.22
2026-08-05 13:15:00,13,Wednesday,0,Highway,100,Clear,25.6,76.3,0,1156,16.06
2026-08-05 13:30:00,13,Wednesday,0,Highway,100,Foggy,21.6,89.3,0,1014,30.66
2026-08-05 13:45:00,13,Wednesday,0,Residential,30,Heavy Rain,19.7,53.4,0,388,47.9
2026-08-05 14:00:00,14,Wednesday,0,Residential,30,Clear,27.8,75.0,0,319,15.7
2026-08-05 14:15:00,14,Wednesday,0,Arterial,70,Clear,18.2,87.7,0,752,17.84
2026-08-05 14:30:00,14,Wednesday,0,Arterial,70,Clear,19.1,62.2,0,896,14.83
2026-08-05 14:45:00,14,Wednesday,0,Downtown,50,Clear,19.6,44.4,0,754,21.77
2026-08-05 15:00:00,15,Wednesday,0,Residential,30,Rainy,32.1,72.0,0,210,19.76
2026-08-05 15:15:00,15,Wednesday,0,Residential,30,Rainy,16.8,83.3,0,458,28.39
2026-08-05 15:30:00,15,Wednesday,0,Arterial,70,Clear,20.1,88.0,1,845,54.04
2026-08-05 15:45:00,15,Wednesday,0,Downtown,50,Rainy,25.0,58.2,0,750,24.19
2026-08-05 16:00:00,16,Wednesday,0,Highway,100,Clear,15.2,70.7,1,1300,53.31
2026-08-05 16:15:00,16,Wednesday,0,Downtown,50,Clear,21.0,58.4,0,568,14.26
2026-08-05 16:30:00,16,Wednesday,0,Downtown,50,Clear,19.6,87.9,0,612,13.9
2026-08-05 16:45:00,16,Wednesday,0,Highway,100,Clear,27.6,49.7,0,1133,17.52
2026-08-05 17:00:00,17,Wednesday,0,Highway,100,Rainy,29.7,47.4,0,2435,61.85
2026-08-05 17:15:00,17,Wednesday,0,Highway,100,Heavy Rain,30.0,79.0,0,2309,80.45
2026-08-05 17:30:00,17,Wednesday,0,Highway,100,Clear,32.5,70.0,0,2611,57.35
2026-08-05 17:45:00,17,Wednesday,0,Highway,100,Clear,31.3,56.5,0,2519,51.99
2026-08-05 18:00:00,18,Wednesday,0,Highway,100,Rainy,34.9,60.6,0,2603,65.9
2026-08-05 18:15:00,18,Wednesday,0,Downtown,50,Clear,34.1,71.1,0,1222,56.35
2026-08-05 18:30:00,18,Wednesday,0,Downtown,50,Clear,32.5,80.6,0,1505,56.52
2026-08-05 18:45:00,18,Wednesday,0,Highway,100,Heavy Rain,31.3,87.5,0,2413,80.01
2026-08-05 19:00:00,19,Wednesday,0,Highway,100,Clear,34.0,73.4,0,2421,54.98
2026-08-05 19:15:00,19,Wednesday,0,Residential,30,Clear,28.4,82.2,0,510,49.33
2026-08-05 19:30:00,19,Wednesday,0,Highway,100,Clear,32.4,46.8,0,2718,60.44
2026-08-05 19:45:00,19,Wednesday,0,Downtown,50,Clear,22.1,46.9,0,1185,50.32
2026-08-05 20:00:00,20,Wednesday,0,Downtown,50,Clear,31.1,68.0,0,820,18.78
2026-08-05 20:15:00,20,Wednesday,0,Arterial,70,Clear,22.3,60.0,0,790,14.06
2026-08-05 20:30:00,20,Wednesday,0,Downtown,50,Clear,20.7,61.6,0,846,20.28
2026-08-05 20:45:00,20,Wednesday,0,Arterial,70,Rainy,31.7,82.2,0,970,25.21
2026-08-05 21:00:00,21,Wednesday,0,Residential,30,Rainy,26.7,89.2,0,392,30.96
2026-08-05 21:15:00,21,Wednesday,0,Residential,30,Heavy Rain,24.9,49.8,0,375,45.72
2026-08-05 21:30:00,21,Wednesday,0,Arterial,70,Clear,25.2,63.7,0,760,17.1
2026-08-05 21:45:00,21,Wednesday,0,Downtown,50,Clear,32.2,77.0,0,561,14.19
2026-08-05 22:00:00,22,Wednesday,0,Residential,30,Rainy,30.8,47.7,0,219,22.74
2026-08-05 22:15:00,22,Wednesday,0,Downtown,50,Clear,21.8,43.7,1,574,43.23
2026-08-05 22:30:00,22,Wednesday,0,Highway,100,Foggy,29.4,87.8,0,1357,38.28
2026-08-05 22:45:00,22,Wednesday,0,Residential,30,Rainy,18.8,72.4,0,350,29.06
2026-08-05 23:00:00,23,Wednesday,0,Highway,100,Clear,33.3,88.1,0,479,7.07
2026-08-05 23:15:00,23,Wednesday,0,Arterial,70,Clear,33.4,50.9,0,124,3.69
2026-08-05 23:30:00,23,Wednesday,0,Highway,100,Clear,30.1,42.0,0,241,4.54
2026-08-05 23:45:00,23,Wednesday,0,Highway,100,Clear,20.7,72.5,1,586,40.09
2026-08-06 00:00:00,0,Thursday,0,Residential,30,Clear,16.9,47.0,0,145,2.16
2026-08-06 00:15:00,0,Thursday,0,Arterial,70,Clear,30.7,76.6,0,85,0.0
2026-08-06 00:30:00,0,Thursday,0,Arterial,70,Rainy,26.5,88.5,0,181,18.36
2026-08-06 00:45:00,0,Thursday,0,Arterial,70,Rainy,30.2,56.7,0,302,18.3
2026-08-06 01:00:00,1,Thursday,0,Arterial,70,Clear,32.9,74.2,0,250,4.2
2026-08-06 01:15:00,1,Thursday,0,Arterial,70,Clear,27.2,56.2,0,457,8.13
2026-08-06 01:30:00,1,Thursday,0,Highway,100,Clear,23.5,42.7,0,373,5.67
2026-08-06 01:45:00,1,Thursday,0,Highway,100,Clear,19.7,51.1,0,392,7.63
2026-08-06 02:00:00,2,Thursday,0,Highway,100,Rainy,16.2,45.3,0,128,10.91
2026-08-06 02:15:00,2,Thursday,0,Highway,100,Clear,32.2,58.2,0,293,3.65
2026-08-06 02:30:00,2,Thursday,0,Downtown,50,Clear,27.0,70.7,0,174,0.0
2026-08-06 02:45:00,2,Thursday,0,Residential,30,Rainy,34.5,86.4,0,206,18.93
2026-08-06 03:00:00,3,Thursday,0,Downtown,50,Clear,29.0,70.7,0,134,2.74
2026-08-06 03:15:00,3,Thursday,0,Residential,30,Foggy,26.9,53.4,0,50,18.75
2026-08-06 03:30:00,3,Thursday,0,Highway,100,Rainy,34.2,50.3,0,197,11.17
2026-08-06 03:45:00,3,Thursday,0,Highway,100,Clear,24.2,57.1,0,454,3.11
2026-08-06 04:00:00,4,Thursday,0,Highway,100,Clear,27.8,73.6,0,244,0.6
2026-08-06 04:15:00,4,Thursday,0,Arterial,70,Clear,25.4,44.4,0,144,7.84
2026-08-06 04:30:00,4,Thursday,0,Highway,100,Clear,29.8,52.7,0,398,5.32
2026-08-06 04:45:00,4,Thursday,0,Highway,100,Rainy,33.1,63.1,0,343,16.48
2026-08-06 05:00:00,5,Thursday,0,Arterial,70,Clear,19.5,49.0,0,225,5.72
2026-08-06 05:15:00,5,Thursday,0,Highway,100,Rainy,25.8,76.2,0,302,12.8
2026-08-06 05:30:00,5,Thursday,0,Arterial,70,Foggy,33.1,83.6,0,151,25.22
2026-08-06 05:45:00,5,Thursday,0,Residential,30,Clear,17.8,82.1,0,56,3.58
2026-08-06 06:00:00,6,Thursday,0,Residential,30,Rainy,28.0,69.1,0,225,21.51
2026-08-06 06:15:00,6,Thursday,0,Arterial,70,Rainy,18.1,51.2,0,748,24.57
2026-08-06 06:30:00,6,Thursday,0,Residential,30,Clear,21.9,61.4,0,434,19.02
2026-08-06 06:45:00,6,Thursday,0,Downtown,50,Clear,22.2,65.1,0,821,20.81
2026-08-06 07:00:00,7,Thursday,0,Downtown,50,Clear,25.7,44.2,0,552,12.4
2026-08-06 07:15:00,7,Thursday,0,Downtown,50,Clear,17.3,63.1,0,682,16.9
2026-08-06 07:30:00,7,Thursday,0,Arterial,70,Foggy,22.9,57.9,0,759,29.0
2026-08-06 07:45:00,7,Thursday,0,Residential,30,Clear,26.1,72.4,0,405,19.57
2026-08-06 08:00:00,8,Thursday,0,Arterial,70,Clear,18.9,42.4,0,1794,54.0
2026-08-06 08:15:00,8,Thursday,0,Highway,100,Clear,22.0,41.5,0,2631,52.08
2026-08-06 08:30:00,8,Thursday,0,Residential,30,Clear,16.4,40.4,0,676,50.9
2026-08-06 08:45:00,8,Thursday,0,Arterial,70,Clear,17.8,63.2,0,1600,48.37
2026-08-06 09:00:00,9,Thursday,0,Highway,100,Rainy,19.0,77.7,0,2783,68.22
2026-08-06 09:15:00,9,Thursday,0,Highway,100,Clear,21.5,60.8,0,2564,53.69
2026-08-06 09:30:00,9,Thursday,0,Highway,100,Heavy Rain,15.7,46.0,0,2619,74.83
2026-08-06 09:45:00,9,Thursday,0,Highway,100,Clear,15.6,52.8,0,2685,54.18
2026-08-06 10:00:00,10,Thursday,0,Highway,100,Clear,26.1,81.1,0,2302,52.29
2026-08-06 10:15:00,10,Thursday,0,Highway,100,Rainy,20.6,82.2,0,2544,69.43
2026-08-06 10:30:00,10,Thursday,0,Downtown,50,Clear,25.1,41.0,0,1593,58.84
2026-08-06 10:45:00,10,Thursday,0,Downtown,50,Clear,16.1,85.2,0,1388,57.77
2026-08-06 11:00:00,11,Thursday,0,Downtown,50,Clear,27.9,58.2,0,803,15.36
2026-08-06 11:15:00,11,Thursday,0,Highway,100,Rainy,20.9,53.9,0,1329,31.62
2026-08-06 11:30:00,11,Thursday,0,Residential,30,Clear,20.4,54.7,0,495,19.32
2026-08-06 11:45:00,11,Thursday,0,Highway,100,Clear,26.4,49.7,0,1363,15.86
2026-08-06 12:00:00,12,Thursday,0,Arterial,70,Clear,18.9,74.7,1,829,50.48
2026-08-06 12:15:00,12,Thursday,0,Arterial,70,Clear,31.1,63.4,0,815,17.5
2026-08-06 12:30:00,12,Thursday,0,Downtown,50,Rainy,16.1,40.2,0,736,25.81
2026-08-06 12:45:00,12,Thursday,0,Downtown,50,Clear,23.6,75.6,0,750,19.82
2026-08-06 13:00:00,13,Thursday,0,Highway,100,Foggy,15.4,84.4,0,1378,37.44
2026-08-06 13:15:00,13,Thursday,0,Highway,100,Clear,25.2,69.1,0,1360,13.12
2026-08-06 13:30:00,13,Thursday,0,Arterial,70,Foggy,21.6,49.4,0,834,29.22
2026-08-06 13:45:00,13,Thursday,0,Highway,100,Clear,27.3,43.7,0,1340,9.98
2026-08-06 14:00:00,14,Thursday,0,Arterial,70,Clear,16.6,58.8,0,594,7.51
2026-08-06 14:15:00,14,Thursday,0,Downtown,50,Clear,23.3,49.1,0,684,14.84
2026-08-06 14:30:00,14,Thursday,0,Arterial,70,Clear,31.7,64.7,0,798,13.59
2026-08-06 14:45:00,14,Thursday,0,Highway,100,Rainy,21.3,76.5,0,1273,23.28
2026-08-06 15:00:00,15,Thursday,0,Arterial,70,Foggy,15.5,55.8,0,775,31.52
2026-08-06 15:15:00,15,Thursday,0,Arterial,70,Clear,24.3,81.0,0,624,12.2
2026-08-06 15:30:00,15,Thursday,0,Downtown,50,Rainy,19.7,56.0,0,560,19.6
2026-08-06 15:45:00,15,Thursday,0,Arterial,70,Clear,21.8,80.1,0,695,12.72
2026-08-06 16:00:00,16,Thursday,0,Highway,100,Clear,15.3,64.4,0,1418,16.51
2026-08-06 16:15:00,16,Thursday,0,Highway,100,Clear,26.4,40.2,0,1213,13.81
2026-08-06 16:30:00,16,Thursday,0,Arterial,70,Rainy,21.2,52.0,0,898,26.25
2026-08-06 16:45:00,16,Thursday,0,Residential,30,Clear,16.7,89.0,0,334,9.83
2026-08-06 17:00:00,17,Thursday,0,Highway,100,Heavy Rain,15.9,62.6,0,2722,76.22
2026-08-06 17:15:00,17,Thursday,0,Residential,30,Foggy,21.2,67.6,0,560,64.52
2026-08-06 17:30:00,17,Thursday,0,Downtown,50,Clear,30.0,55.7,0,1544,56.51
2026-08-06 17:45:00,17,Thursday,0,Downtown,50,Heavy Rain,29.9,76.4,0,1176,76.86
2026-08-06 18:00:00,18,Thursday,0,Highway,100,Rainy,19.7,59.9,0,2446,64.17
2026-08-06 18:15:00,18,Thursday,0,Arterial,70,Clear,33.8,88.3,0,1622,51.85
2026-08-06 18:30:00,18,Thursday,0,Residential,30,Clear,27.2,84.8,0,760,58.37
2026-08-06 18:45:00,18,Thursday,0,Residential,30,Foggy,22.4,88.7,0,590,60.67
2026-08-06 19:00:00,19,Thursday,0,Downtown,50,Clear,31.5,47.4,0,1301,50.16
2026-08-06 19:15:00,19,Thursday,0,Residential,30,Clear,31.9,54.8,0,687,50.77
2026-08-06 19:30:00,19,Thursday,0,Highway,100,Clear,22.0,70.0,1,2459,85.15
2026-08-06 19:45:00,19,Thursday,0,Arterial,70,Clear,29.2,60.2,0,1508,54.64
2026-08-06 20:00:00,20,Thursday,0,Downtown,50,Rainy,31.0,53.1,0,437,19.12
2026-08-06 20:15:00,20,Thursday,0,Arterial,70,Rainy,15.2,54.7,0,793,25.07
2026-08-06 20:30:00,20,Thursday,0,Downtown,50,Heavy Rain,25.3,56.9,0,619,36.04
2026-08-06 20:45:00,20,Thursday,0,Downtown,50,Foggy,25.6,64.8,0,795,35.79
2026-08-06 21:00:00,21,Thursday,0,Arterial,70,Clear,21.7,65.7,0,1023,18.17
2026-08-06 21:15:00,21,Thursday,0,Arterial,70,Rainy,32.3,83.3,0,1013,33.66
2026-08-06 21:30:00,21,Thursday,0,Highway,100,Rainy,18.6,80.0,0,1181,28.26
2026-08-06 21:45:00,21,Thursday,0,Arterial,70,Clear,20.4,89.2,0,1043,17.07
2026-08-06 22:00:00,22,Thursday,0,Highway,100,Clear,17.9,72.2,0,1320,16.92
2026-08-06 22:15:00,22,Thursday,0,Arterial,70,Clear,22.9,42.4,0,725,9.82
2026-08-06 22:30:00,22,Thursday,0,Residential,30,Rainy,25.9,46.4,0,388,26.19
2026-08-06 22:45:00,22,Thursday,0,Downtown,50,Clear,27.7,78.2,0,880,21.95
2026-08-06 23:00:00,23,Thursday,0,Arterial,70,Clear,20.7,86.7,0,215,3.54
2026-08-06 23:15:00,23,Thursday,0,Arterial,70,Clear,31.8,84.1,0,225,7.2
2026-08-06 23:30:00,23,Thursday,0,Downtown,50,Clear,16.1,48.0,0,116,4.25
2026-08-06 23:45:00,23,Thursday,0,Highway,100,Foggy,28.8,63.7,0,550,28.11
2026-08-07 00:00:00,0,Friday,0,Arterial,70,Foggy,16.0,80.9,0,248,22.74
2026-08-07 00:15:00,0,Friday,0,Arterial,70,Rainy,18.1,80.5,0,218,11.71
2026-08-07 00:30:00,0,Friday,0,Residential,30,Clear,24.3,45.4,0,236,12.76
2026-08-07 00:45:00,0,Friday,0,Arterial,70,Clear,27.7,86.1,0,215,5.86
2026-08-07 01:00:00,1,Friday,0,Residential,30,Rainy,34.2,79.6,0,134,20.15
2026-08-07 01:15:00,1,Friday,0,Highway,100,Clear,22.3,79.3,0,341,4.33
2026-08-07 01:30:00,1,Friday,0,Arterial,70,Clear,24.1,89.6,0,338,1.41
2026-08-07 01:45:00,1,Friday,0,Arterial,70,Clear,34.8,61.3,0,106,3.6
2026-08-07 02:00:00,2,Friday,0,Highway,100,Clear,22.7,50.0,0,427,6.3
2026-08-07 02:15:00,2,Friday,0,Downtown,50,Rainy,19.9,70.8,0,240,14.65
2026-08-07 02:30:00,2,Friday,0,Downtown,50,Clear,22.0,43.3,0,189,7.94
2026-08-07 02:45:00,2,Friday,0,Highway,100,Rainy,20.1,59.4,0,356,19.25
2026-08-07 03:00:00,3,Friday,0,Residential,30,Clear,17.5,65.9,0,297,14.26
2026-08-07 03:15:00,3,Friday,0,Arterial,70,Clear,20.7,50.1,0,400,6.81
2026-08-07 03:30:00,3,Friday,0,Downtown,50,Clear,26.1,60.8,0,50,3.79
2026-08-07 03:45:00,3,Friday,0,Residential,30,Foggy,17.1,75.2,0,50,23.85
2026-08-07 04:00:00,4,Friday,0,Downtown,50,Rainy,32.4,41.0,0,235,20.58
2026-08-07 04:15:00,4,Friday,0,Arterial,70,Clear,19.8,64.5,0,237,8.73
2026-08-07 04:30:00,4,Friday,0,Downtown,50,Rainy,26.6,51.0,0,214,16.27
2026-08-07 04:45:00,4,Friday,0,Highway,100,Clear,34.7,79.8,0,461,1.79
2026-08-07 05:00:00,5,Friday,0,Arterial,70,Clear,23.7,66.5,1,107,35.04
2026-08-07 05:15:00,5,Friday,0,Arterial,70,Clear,16.7,80.3,0,452,5.66
2026-08-07 05:30:00,5,Friday,0,Downtown,50,Heavy Rain,18.5,57.3,0,215,35.95
2026-08-07 05:45:00,5,Friday,0,Residential,30,Heavy Rain,26.0,45.9,0,106,32.02
2026-08-07 06:00:00,6,Friday,0,Highway,100,Clear,20.1,67.6,0,1447,21.4
2026-08-07 06:15:00,6,Friday,0,Residential,30,Foggy,26.3,79.7,0,141,29.04
2026-08-07 06:30:00,6,Friday,0,Arterial,70,Rainy,20.9,59.0,0,825,28.04
2026-08-07 06:45:00,6,Friday,0,Arterial,70,Foggy,15.3,87.4,0,1057,35.1
2026-08-07 07:00:00,7,Friday,0,Residential,30,Clear,16.9,82.7,0,418,17.89
2026-08-07 07:15:00,7,Friday,0,Highway,100,Rainy,24.0,78.0,0,1049,22.91
2026-08-07 07:30:00,7,Friday,0,Highway,100,Clear,21.5,87.8,0,1293,6.74
2026-08-07 07:45:00,7,Friday,0,Residential,30,Rainy,29.1,55.7,0,417,28.07
2026-08-07 08:00:00,8,Friday,0,Arterial,70,Rainy,19.3,60.2,0,1736,61.12
2026-08-07 08:15:00,8,Friday,0,Downtown,50,Clear,25.0,67.2,0,1377,50.86
2026-08-07 08:30:00,8,Friday,0,Highway,100,Clear,30.2,69.0,0,2314,45.59
2026-08-07 08:45:00,8,Friday,0,Highway,100,Rainy,22.7,73.5,0,2616,67.65
2026-08-07 09:00:00,9,Friday,0,Highway,100,Clear,29.4,57.7,1,2447,86.28
2026-08-07 09:15:00,9,Friday,0,Arterial,70,Clear,21.8,86.1,0,1433,50.31
2026-08-07 09:30:00,9,Friday,0,Arterial,70,Clear,17.7,41.7,1,1818,93.44
2026-08-07 09:45:00,9,Friday,0,Highway,100,Clear,27.0,76.2,0,2336,47.04
2026-08-07 10:00:00,10,Friday,0,Highway,100,Rainy,19.3,56.2,0,2322,68.25
2026-08-07 10:15:00,10,Friday,0,Highway,100,Rainy,27.2,72.1,0,2637,63.75
2026-08-07 10:30:00,10,Friday,0,Downtown,50,Clear,34.1,57.0,0,1403,58.82
2026-08-07 10:45:00,10,Friday,0,Highway,100,Clear,19.7,65.9,0,2305,52.29
2026-08-07 11:00:00,11,Friday,0,Highway,100,Clear,27.1,78.7,0,1361,15.0
2026-08-07 11:15:00,11,Friday,0,Arterial,70,Clear,27.9,88.3,0,855,22.07
2026-08-07 11:30:00,11,Friday,0,Arterial,70,Clear,21.9,86.1,0,707,7.47
2026-08-07 11:45:00,11,Friday,0,Arterial,70,Clear,20.4,64.9,0,604,14.99
2026-08-07 12:00:00,12,Friday,0,Downtown,50,Rainy,20.0,45.2,0,543,24.7
2026-08-07 12:15:00,12,Friday,0,Highway,100,Rainy,28.1,87.3,0,1273,27.32
2026-08-07 12:30:00,12,Friday,0,Highway,100,Clear,18.9,55.4,0,1147,15.03
2026-08-07 12:45:00,12,Friday,0,Arterial,70,Clear,32.7,83.0,0,899,15.47
2026-08-07 13:00:00,13,Friday,0,Downtown,50,Rainy,33.4,59.6,0,809,31.43
2026-08-07 13:15:00,13,Friday,0,Residential,30,Clear,31.4,82.5,0,218,11.23
2026-08-07 13:30:00,13,Friday,0,Arterial,70,Foggy,30.8,68.5,0,795,31.79
2026-08-07 13:45:00,13,Friday,0,Highway,100,Rainy,32.8,68.1,1,1315,68.6
2026-08-07 14:00:00,14,Friday,0,Downtown,50,Rainy,16.8,48.4,0,775,28.97
2026-08-07 14:15:00,14,Friday,0,Arterial,70,Clear,31.7,67.3,0,761,15.0
2026-08-07 14:30:00,14,Friday,0,Downtown,50,Clear,24.2,75.5,1,742,47.13
2026-08-07 14:45:00,14,Friday,0,Downtown,50,Clear,19.1,66.0,0,678,13.03
2026-08-07 15:00:00,15,Friday,0,Arterial,70,Clear,29.0,78.6,0,1045,17.93
2026-08-07 15:15:00,15,Friday,0,Arterial,70,Foggy,24.6,68.7,0,807,36.85
2026-08-07 15:30:00,15,Friday,0,Downtown,50,Clear,15.0,60.0,0,503,8.64
2026-08-07 15:45:00,15,Friday,0,Highway,100,Clear,29.6,77.7,0,874,9.75
2026-08-07 16:00:00,16,Friday,0,Arterial,70,Clear,18.7,83.6,0,1034,17.76
2026-08-07 16:15:00,16,Friday,0,Arterial,70,Clear,31.4,51.0,0,1072,21.14
2026-08-07 16:30:00,16,Friday,0,Arterial,70,Rainy,15.7,42.0,0,923,31.07
2026-08-07 16:45:00,16,Friday,0,Arterial,70,Clear,25.7,52.2,0,528,11.55
2026-08-07 17:00:00,17,Friday,0,Downtown,50,Rainy,32.3,72.8,0,1431,64.71
2026-08-07 17:15:00,17,Friday,0,Highway,100,Rainy,27.6,40.8,0,2513,62.15
2026-08-07 17:30:00,17,Friday,0,Highway,100,Clear,20.1,40.0,0,2688,60.85
2026-08-07 17:45:00,17,Friday,0,Residential,30,Clear,32.3,59.6,0,597,48.1
2026-08-07 18:00:00,18,Friday,0,Arterial,70,Rainy,32.5,88.1,0,1674,72.81
2026-08-07 18:15:00,18,Friday,0,Residential,30,Rainy,18.2,74.1,0,804,71.17
2026-08-07 18:30:00,18,Friday,0,Downtown,50,Foggy,32.3,46.4,0,1518,73.57
2026-08-07 18:45:00,18,Friday,0,Highway,100,Rainy,24.5,77.3,0,2426,62.25
2026-08-07 19:00:00,19,Friday,0,Arterial,70,Clear,31.2,57.3,0,1695,55.76
2026-08-07 19:15:00,19,Friday,0,Highway,100,Rainy,15.3,52.8,0,2571,62.69
2026-08-07 19:30:00,19,Friday,0,Arterial,70,Clear,20.9,61.7,0,1603,48.77
2026-08-07 19:45:00,19,Friday,0,Downtown,50,Clear,20.9,87.4,0,1346,53.27
2026-08-07 20:00:00,20,Friday,0,Downtown,50,Clear,26.4,49.2,0,790,20.2
2026-08-07 20:15:00,20,Friday,0,Highway,100,Clear,15.1,44.5,0,1380,15.02
2026-08-07 20:30:00,20,Friday,0,Arterial,70,Rainy,30.1,69.4,0,853,30.33
2026-08-07 20:45:00,20,Friday,0,Arterial,70,Foggy,16.4,72.8,0,901,36.74
2026-08-07 21:00:00,21,Friday,0,Arterial,70,Rainy,30.5,64.2,0,953,29.59
2026-08-07 21:15:00,21,Friday,0,Arterial,70,Clear,15.1,54.8,0,618,6.68
2026-08-07 21:30:00,21,Friday,0,Arterial,70,Clear,24.8,58.8,0,986,19.37
2026-08-07 21:45:00,21,Friday,0,Downtown,50,Clear,32.4,44.4,0,727,11.77
2026-08-07 22:00:00,22,Friday,0,Arterial,70,Rainy,33.7,75.5,0,949,30.68
2026-08-07 22:15:00,22,Friday,0,Highway,100,Clear,17.6,64.7,0,1188,21.08
2026-08-07 22:30:00,22,Friday,0,Downtown,50,Clear,27.6,50.1,0,830,17.22
2026-08-07 22:45:00,22,Friday,0,Downtown,50,Clear,16.1,78.4,0,655,14.08
2026-08-07 23:00:00,23,Friday,0,Highway,100,Clear,21.8,74.8,1,281,36.3
2026-08-07 23:15:00,23,Friday,0,Arterial,70,Clear,29.0,57.6,0,341,8.45
2026-08-07 23:30:00,23,Friday,0,Highway,100,Clear,25.6,50.4,0,276,5.54
2026-08-07 23:45:00,23,Friday,0,Downtown,50,Rainy,19.4,66.3,0,150,14.36
2026-08-08 00:00:00,0,Saturday,1,Arterial,70,Rainy,24.3,43.5,0,351,23.14
2026-08-08 00:15:00,0,Saturday,1,Downtown,50,Clear,34.7,46.6,0,317,6.59
2026-08-08 00:30:00,0,Saturday,1,Downtown,50,Clear,33.8,85.6,0,270,3.08
2026-08-08 00:45:00,0,Saturday,1,Residential,30,Clear,15.8,72.2,0,50,5.18
2026-08-08 01:00:00,1,Saturday,1,Arterial,70,Foggy,24.7,41.7,0,371,22.96
2026-08-08 01:15:00,1,Saturday,1,Arterial,70,Rainy,33.2,58.1,1,288,49.53
2026-08-08 01:30:00,1,Saturday,1,Highway,100,Clear,27.7,42.3,0,433,0.39
2026-08-08 01:45:00,1,Saturday,1,Highway,100,Clear,27.5,60.1,0,540,11.54
2026-08-08 02:00:00,2,Saturday,1,Arterial,70,Rainy,19.2,73.9,0,160,14.54
2026-08-08 02:15:00,2,Saturday,1,Downtown,50,Clear,34.4,87.1,1,227,37.62
2026-08-08 02:30:00,2,Saturday,1,Arterial,70,Clear,21.2,42.4,0,244,6.19
2026-08-08 02:45:00,2,Saturday,1,Arterial,70,Foggy,22.3,85.7,0,479,28.05
2026-08-08 03:00:00,3,Saturday,1,Downtown,50,Clear,18.2,74.6,0,255,11.1
2026-08-08 03:15:00,3,Saturday,1,Highway,100,Rainy,23.1,64.3,0,220,13.75
2026-08-08 03:30:00,3,Saturday,1,Highway,100,Clear,15.9,63.0,0,207,9.77
2026-08-08 03:45:00,3,Saturday,1,Residential,30,Clear,27.3,83.3,0,414,18.49
2026-08-08 04:00:00,4,Saturday,1,Highway,100,Clear,30.7,68.4,0,453,8.22
2026-08-08 04:15:00,4,Saturday,1,Arterial,70,Clear,28.3,57.2,0,138,0.0
2026-08-08 04:30:00,4,Saturday,1,Arterial,70,Foggy,31.7,68.3,0,259,21.45
2026-08-08 04:45:00,4,Saturday,1,Arterial,70,Clear,31.8,42.3,0,72,2.28
2026-08-08 05:00:00,5,Saturday,1,Downtown,50,Clear,30.3,45.5,0,63,4.89
2026-08-08 05:15:00,5,Saturday,1,Highway,100,Foggy,17.1,89.6,0,296,19.03
2026-08-08 05:30:00,5,Saturday,1,Arterial,70,Rainy,34.4,57.9,0,419,22.42
2026-08-08 05:45:00,5,Saturday,1,Arterial,70,Clear,21.1,72.8,0,141,4.8
2026-08-08 06:00:00,6,Saturday,1,Downtown,50,Clear,21.6,69.6,0,584,15.39
2026-08-08 06:15:00,6,Saturday,1,Downtown,50,Rainy,30.1,85.8,0,839,29.29
2026-08-08 06:30:00,6,Saturday,1,Downtown,50,Clear,22.1,86.1,0,556,18.08
2026-08-08 06:45:00,6,Saturday,1,Downtown,50,Clear,31.2,45.4,0,928,20.43
2026-08-08 07:00:00,7,Saturday,1,Arterial,70,Clear,24.5,88.2,0,875,16.17
2026-08-08 07:15:00,7,Saturday,1,Downtown,50,Clear,27.1,61.3,0,636,16.03
2026-08-08 07:30:00,7,Saturday,1,Arterial,70,Rainy,33.6,43.1,0,997,32.5
2026-08-08 07:45:00,7,Saturday,1,Residential,30,Clear,27.6,40.3,0,404,16.58
2026-08-08 08:00:00,8,Saturday,1,Highway,100,Clear,27.2,50.3,0,1271,11.22
2026-08-08 08:15:00,8,Saturday,1,Downtown,50,Rainy,16.4,53.6,0,539,24.01
2026-08-08 08:30:00,8,Saturday,1,Arterial,70,Clear,16.0,78.2,0,724,17.31
2026-08-08 08:45:00,8,Saturday,1,Highway,100,Clear,22.1,85.1,0,1348,21.49
2026-08-08 09:00:00,9,Saturday,1,Downtown,50,Clear,27.6,88.1,0,672,12.68
2026-08-08 09:15:00,9,Saturday,1,Arterial,70,Clear,16.7,41.1,0,986,18.51
2026-08-08 09:30:00,9,Saturday,1,Arterial,70,Rainy,24.8,70.6,0,780,29.45
2026-08-08 09:45:00,9,Saturday,1,Residential,30,Clear,23.9,77.8,0,244,5.94
2026-08-08 10:00:00,10,Saturday,1,Arterial,70,Clear,15.3,86.0,0,869,15.32
2026-08-08 10:15:00,10,Saturday,1,Highway,100,Clear,34.3,86.0,0,1318,23.3
2026-08-08 10:30:00,10,Saturday,1,Highway,100,Clear,27.1,81.1,0,1191,12.44
2026-08-08 10:45:00,10,Saturday,1,Arterial,70,Clear,16.4,70.7,0,772,12.5
2026-08-08 11:00:00,11,Saturday,1,Highway,100,Foggy,23.1,66.5,0,1161,31.86
2026-08-08 11:15:00,11,Saturday,1,Downtown,50,Rainy,20.2,41.8,0,744,29.4
2026-08-08 11:30:00,11,Saturday,1,Highway,100,Clear,28.9,51.5,0,1287,17.07
2026-08-08 11:45:00,11,Saturday,1,Highway,100,Rainy,23.3,53.3,0,1241,30.21
2026-08-08 12:00:00,12,Saturday,1,Residential,30,Clear,30.3,45.5,0,474,21.23
2026-08-08 12:15:00,12,Saturday,1,Downtown,50,Clear,27.2,71.5,0,580,9.96
2026-08-08 12:30:00,12,Saturday,1,Arterial,70,Clear,20.0,57.7,0,683,12.78
2026-08-08 12:45:00,12,Saturday,1,Downtown,50,Foggy,20.0,46.2,0,754,39.78
2026-08-08 13:00:00,13,Saturday,1,Downtown,50,Clear,28.8,56.1,0,788,14.44
2026-08-08 13:15:00,13,Saturday,1,Downtown,50,Clear,16.3,41.9,0,614,9.18
2026-08-08 13:30:00,13,Saturday,1,Highway,100,Rainy,29.2,57.3,0,1237,24.97
2026-08-08 13:45:00,13,Saturday,1,Residential,30,Rainy,17.1,82.4,0,574,36.72
2026-08-08 14:00:00,14,Saturday,1,Highway,100,Clear,27.4,86.4,0,1331,16.29
2026-08-08 14:15:00,14,Saturday,1,Highway,100,Rainy,15.0,41.3,0,1218,28.09
2026-08-08 14:30:00,14,Saturday,1,Arterial,70,Clear,19.5,65.1,0,781,10.86
2026-08-08 14:45:00,14,Saturday,1,Downtown,50,Clear,24.6,53.7,0,780,13.75
2026-08-08 15:00:00,15,Saturday,1,Downtown,50,Rainy,33.0,63.4,1,700,64.38
2026-08-08 15:15:00,15,Saturday,1,Arterial,70,Rainy,22.5,73.1,0,779,30.6
2026-08-08 15:30:00,15,Saturday,1,Arterial,70,Clear,26.0,64.8,0,742,19.19
2026-08-08 15:45:00,15,Saturday,1,Downtown,50,Heavy Rain,16.6,59.4,0,718,44.57
2026-08-08 16:00:00,16,Saturday,1,Highway,100,Foggy,30.8,80.8,0,1266,32.04
2026-08-08 16:15:00,16,Saturday,1,Arterial,70,Clear,29.8,69.8,0,748,14.71
2026-08-08 16:30:00,16,Saturday,1,Highway,100,Clear,30.1,81.1,0,1185,15.38
2026-08-08 16:45:00,16,Saturday,1,Arterial,70,Clear,27.6,49.5,0,773,13.1
2026-08-08 17:00:00,17,Saturday,1,Highway,100,Clear,29.3,55.3,0,1194,15.65
2026-08-08 17:15:00,17,Saturday,1,Arterial,70,Clear,33.4,60.1,0,930,19.49
2026-08-08 17:30:00,17,Saturday,1,Residential,30,Clear,18.9,78.2,0,570,22.39
2026-08-08 17:45:00,17,Saturday,1,Downtown,50,Rainy,18.9,89.1,0,733,26.6
2026-08-08 18:00:00,18,Saturday,1,Residential,30,Clear,26.9,66.9,0,219,14.12
2026-08-08 18:15:00,18,Saturday,1,Residential,30,Clear,21.0,65.2,0,153,4.31
2026-08-08 18:30:00,18,Saturday,1,Highway,100,Rainy,24.0,68.6,0,1465,32.39
2026-08-08 18:45:00,18,Saturday,1,Downtown,50,Clear,26.1,52.2,0,636,14.22
2026-08-08 19:00:00,19,Saturday,1,Downtown,50,Clear,33.4,54.0,1,645,49.55
2026-08-08 19:15:00,19,Saturday,1,Highway,100,Clear,16.1,53.4,0,1241,12.77
2026-08-08 19:30:00,19,Saturday,1,Arterial,70,Clear,18.9,85.7,0,789,15.28
2026-08-08 19:45:00,19,Saturday,1,Arterial,70,Clear,33.5,84.3,0,920,21.14
2026-08-08 20:00:00,20,Saturday,1,Highway,100,Rainy,18.5,74.1,0,1281,22.29
2026-08-08 20:15:00,20,Saturday,1,Arterial,70,Rainy,25.5,88.0,0,933,31.21
2026-08-08 20:30:00,20,Saturday,1,Highway,100,Rainy,22.9,46.4,0,1169,28.52
2026-08-08 20:45:00,20,Saturday,1,Highway,100,Clear,21.9,74.6,0,1228,12.46
2026-08-08 21:00:00,21,Saturday,1,Arterial,70,Rainy,26.7,85.1,0,1044,34.94
2026-08-08 21:15:00,21,Saturday,1,Downtown,50,Heavy Rain,24.4,58.5,0,510,38.53
2026-08-08 21:30:00,21,Saturday,1,Arterial,70,Heavy Rain,22.0,75.4,0,714,39.12
2026-08-08 21:45:00,21,Saturday,1,Arterial,70,Clear,29.4,74.0,0,987,19.05
2026-08-08 22:00:00,22,Saturday,1,Arterial,70,Clear,32.6,49.8,0,631,13.58
2026-08-08 22:15:00,22,Saturday,1,Residential,30,Clear,16.0,48.8,0,389,17.78
2026-08-08 22:30:00,22,Saturday,1,Arterial,70,Rainy,19.3,45.3,0,869,31.59
2026-08-08 22:45:00,22,Saturday,1,Arterial,70,Clear,24.4,47.1,0,555,12.84
2026-08-08 23:00:00,23,Saturday,1,Arterial,70,Clear,23.6,71.1,0,256,9.83
2026-08-08 23:15:00,23,Saturday,1,Residential,30,Rainy,24.9,49.8,0,314,21.67
2026-08-08 23:30:00,23,Saturday,1,Highway,100,Clear,22.5,56.7,1,580,40.23
2026-08-08 23:45:00,23,Saturday,1,Downtown,50,Clear,30.0,56.2,0,50,3.95
2026-08-09 00:00:00,0,Sunday,1,Arterial,70,Rainy,26.0,73.4,0,160,18.21
2026-08-09 00:15:00,0,Sunday,1,Downtown,50,Clear,21.4,72.4,0,240,7.87
2026-08-09 00:30:00,0,Sunday,1,Residential,30,Clear,15.7,68.8,0,327,13.23
2026-08-09 00:45:00,0,Sunday,1,Downtown,50,Clear,30.4,64.7,0,119,0.0
2026-08-09 01:00:00,1,Sunday,1,Downtown,50,Rainy,22.7,74.6,0,245,20.97
2026-08-09 01:15:00,1,Sunday,1,Downtown,50,Clear,19.6,61.5,0,67,0.0
2026-08-09 01:30:00,1,Sunday,1,Downtown,50,Clear,32.8,48.8,1,197,39.75
2026-08-09 01:45:00,1,Sunday,1,Residential,30,Foggy,16.6,87.4,0,139,20.57
2026-08-09 02:00:00,2,Sunday,1,Highway,100,Clear,34.1,89.7,0,472,6.07
2026-08-09 02:15:00,2,Sunday,1,Highway,100,Foggy,22.0,83.1,0,394,25.51
2026-08-09 02:30:00,2,Sunday,1,Downtown,50,Rainy,18.2,72.4,0,196,16.9
2026-08-09 02:45:00,2,Sunday,1,Highway,100,Foggy,15.9,63.5,0,397,17.11
2026-08-09 03:00:00,3,Sunday,1,Downtown,50,Heavy Rain,17.1,47.9,0,50,24.31
2026-08-09 03:15:00,3,Sunday,1,Highway,100,Clear,32.7,48.0,0,309,4.38
2026-08-09 03:30:00,3,Sunday,1,Downtown,50,Clear,22.2,60.3,0,466,14.5
2026-08-09 03:45:00,3,Sunday,1,Highway,100,Rainy,26.7,42.5,0,298,14.37
2026-08-09 04:00:00,4,Sunday,1,Downtown,50,Foggy,30.3,63.9,0,374,21.62
2026-08-09 04:15:00,4,Sunday,1,Arterial,70,Clear,27.1,59.5,0,50,1.51
2026-08-09 04:30:00,4,Sunday,1,Highway,100,Clear,16.9,87.4,0,404,0.61
2026-08-09 04:45:00,4,Sunday,1,Highway,100,Heavy Rain,34.4,72.8,0,420,33.06
2026-08-09 05:00:00,5,Sunday,1,Arterial,70,Clear,17.3,50.4,0,329,2.54
2026-08-09 05:15:00,5,Sunday,1,Arterial,70,Foggy,26.2,71.1,0,261,21.77
2026-08-09 05:30:00,5,Sunday,1,Downtown,50,Clear,22.0,53.9,0,169,5.39
2026-08-09 05:45:00,5,Sunday,1,Downtown,50,Rainy,15.4,41.7,0,71,16.25
2026-08-09 06:00:00,6,Sunday,1,Highway,100,Clear,16.8,51.0,0,1306,14.38
2026-08-09 06:15:00,6,Sunday,1,Highway,100,Rainy,27.0,84.9,0,1312,27.55
2026-08-09 06:30:00,6,Sunday,1,Downtown,50,Clear,17.2,82.8,0,766,16.05
2026-08-09 06:45:00,6,Sunday,1,Arterial,70,Rainy,23.1,43.5,0,745,25.65
2026-08-09 07:00:00,7,Sunday,1,Highway,100,Foggy,21.4,82.8,0,1385,35.22
2026-08-09 07:15:00,7,Sunday,1,Highway,100,Clear,33.2,69.8,0,1270,19.71
2026-08-09 07:30:00,7,Sunday,1,Downtown,50,Clear,28.7,47.6,0,621,16.48
2026-08-09 07:45:00,7,Sunday,1,Arterial,70,Clear,28.2,89.7,0,684,4.41
2026-08-09 08:00:00,8,Sunday,1,Highway,100,Clear,31.7,54.7,0,1419,20.01
2026-08-09 08:15:00,8,Sunday,1,Residential,30,Clear,33.0,64.1,0,452,22.65
2026-08-09 08:30:00,8,Sunday,1,Arterial,70,Rainy,26.4,49.6,0,837,30.21
2026-08-09 08:45:00,8,Sunday,1,Residential,30,Clear,24.6,73.7,0,384,20.35
2026-08-09 09:00:00,9,Sunday,1,Residential,30,Rainy,25.2,86.6,0,195,20.87
2026-08-09 09:15:00,9,Sunday,1,Residential,30,Clear,19.0,45.1,0,462,18.36
2026-08-09 09:30:00,9,Sunday,1,Arterial,70,Rainy,18.9,51.5,0,737,25.11
2026-08-09 09:45:00,9,Sunday,1,Residential,30,Clear,18.0,57.9,0,375,16.4
2026-08-09 10:00:00,10,Sunday,1,Highway,100,Clear,32.6,62.2,0,1196,15.38
2026-08-09 10:15:00,10,Sunday,1,Arterial,70,Clear,34.1,56.3,0,816,12.26
2026-08-09 10:30:00,10,Sunday,1,Highway,100,Clear,23.3,89.0,0,1112,14.98
2026-08-09 10:45:00,10,Sunday,1,Arterial,70,Rainy,15.8,61.7,0,800,26.53
2026-08-09 11:00:00,11,Sunday,1,Residential,30,Clear,18.0,88.6,0,257,15.12
2026-08-09 11:15:00,11,Sunday,1,Arterial,70,Clear,23.2,67.8,0,1001,17.64
2026-08-09 11:30:00,11,Sunday,1,Arterial,70,Clear,18.7,83.1,0,577,10.13
2026-08-09 11:45:00,11,Sunday,1,Residential,30,Foggy,19.5,77.6,0,494,41.67
2026-08-09 12:00:00,12,Sunday,1,Highway,100,Clear,16.5,41.2,0,1349,17.55
2026-08-09 12:15:00,12,Sunday,1,Downtown,50,Clear,26.9,85.2,0,567,10.44
2026-08-09 12:30:00,12,Sunday,1,Arterial,70,Clear,29.5,72.2,0,778,15.59
2026-08-09 12:45:00,12,Sunday,1,Downtown,50,Clear,27.6,43.2,0,286,2.2
2026-08-09 13:00:00,13,Sunday,1,Arterial,70,Clear,23.5,60.0,0,655,14.99
2026-08-09 13:15:00,13,Sunday,1,Highway,100,Clear,26.8,68.4,0,1021,17.49
2026-08-09 13:30:00,13,Sunday,1,Arterial,70,Heavy Rain,24.1,76.0,1,812,78.09
2026-08-09 13:45:00,13,Sunday,1,Highway,100,Heavy Rain,34.2,74.6,0,1293,41.17
2026-08-09 14:00:00,14,Sunday,1,Highway,100,Clear,21.9,70.7,0,1288,13.71
2026-08-09 14:15:00,14,Sunday,1,Downtown,50,Clear,17.9,84.3,0,614,15.25
2026-08-09 14:30:00,14,Sunday,1,Downtown,50,Rainy,31.1,59.8,0,671,31.25
2026-08-09 14:45:00,14,Sunday,1,Downtown,50,Rainy,25.0,90.0,0,827,34.47
2026-08-09 15:00:00,15,Sunday,1,Arterial,70,Clear,31.0,68.6,0,811,15.61
2026-08-09 15:15:00,15,Sunday,1,Highway,100,Clear,23.5,83.6,0,1146,17.87
2026-08-09 15:30:00,15,Sunday,1,Highway,100,Rainy,18.3,50.7,0,1324,32.47
2026-08-09 15:45:00,15,Sunday,1,Highway,100,Clear,17.2,47.5,0,1244,19.3
2026-08-09 16:00:00,16,Sunday,1,Arterial,70,Clear,27.2,68.7,0,776,15.47
2026-08-09 16:15:00,16,Sunday,1,Highway,100,Foggy,26.8,56.4,0,1195,28.62
2026-08-09 16:30:00,16,Sunday,1,Highway,100,Foggy,29.6,63.0,0,1283,35.37
2026-08-09 16:45:00,16,Sunday,1,Residential,30,Rainy,27.6,61.0,0,322,23.7
2026-08-09 17:00:00,17,Sunday,1,Highway,100,Clear,21.3,81.5,1,1278,52.84
2026-08-09 17:15:00,17,Sunday,1,Residential,30,Clear,25.4,52.8,0,398,14.55
2026-08-09 17:30:00,17,Sunday,1,Downtown,50,Clear,16.6,70.6,0,771,15.16
2026-08-09 17:45:00,17,Sunday,1,Residential,30,Heavy Rain,23.2,41.3,0,440,48.93
2026-08-09 18:00:00,18,Sunday,1,Residential,30,Foggy,28.2,74.1,0,439,37.21
2026-08-09 18:15:00,18,Sunday,1,Downtown,50,Clear,17.1,52.3,0,751,14.19
2026-08-09 18:30:00,18,Sunday,1,Highway,100,Clear,18.6,64.6,0,1268,18.75
2026-08-09 18:45:00,18,Sunday,1,Downtown,50,Clear,29.3,72.4,0,568,14.83
2026-08-09 19:00:00,19,Sunday,1,Arterial,70,Rainy,28.9,85.5,0,866,28.95
2026-08-09 19:15:00,19,Sunday,1,Highway,100,Clear,15.8,51.2,0,1264,19.28
2026-08-09 19:30:00,19,Sunday,1,Downtown,50,Clear,27.1,80.8,0,738,16.86
2026-08-09 19:45:00,19,Sunday,1,Downtown,50,Clear,28.6,54.5,0,614,12.31
2026-08-09 20:00:00,20,Sunday,1,Residential,30,Foggy,21.4,81.8,0,424,35.18
2026-08-09 20:15:00,20,Sunday,1,Arterial,70,Clear,29.4,89.5,0,750,10.04
2026-08-09 20:30:00,20,Sunday,1,Downtown,50,Rainy,32.7,85.4,0,617,32.15
2026-08-09 20:45:00,20,Sunday,1,Downtown,50,Rainy,19.4,65.4,0,664,29.11
2026-08-09 21:00:00,21,Sunday,1,Downtown,50,Clear,30.3,51.0,0,695,11.8
2026-08-09 21:15:00,21,Sunday,1,Highway,100,Clear,31.4,77.8,0,1401,17.61
2026-08-09 21:30:00,21,Sunday,1,Downtown,50,Clear,21.5,67.8,0,827,23.09
2026-08-09 21:45:00,21,Sunday,1,Highway,100,Clear,31.2,58.7,0,1209,15.85
2026-08-09 22:00:00,22,Sunday,1,Downtown,50,Foggy,34.3,61.6,0,653,34.35
2026-08-09 22:15:00,22,Sunday,1,Highway,100,Clear,32.7,65.3,0,1342,22.22
2026-08-09 22:30:00,22,Sunday,1,Highway,100,Clear,28.0,72.1,0,1372,17.46
2026-08-09 22:45:00,22,Sunday,1,Arterial,70,Clear,30.6,81.7,0,796,12.63
2026-08-09 23:00:00,23,Sunday,1,Highway,100,Clear,26.4,80.3,0,561,8.97
2026-08-09 23:15:00,23,Sunday,1,Residential,30,Heavy Rain,32.8,63.4,0,265,39.91
2026-08-09 23:30:00,23,Sunday,1,Residential,30,Heavy Rain,33.7,75.8,0,247,40.37
2026-08-09 23:45:00,23,Sunday,1,Residential,30,Heavy Rain,29.6,67.0,1,96,69.11
2026-08-10 00:00:00,0,Monday,0,Downtown,50,Rainy,23.7,81.5,0,50,5.54
2026-08-10 00:15:00,0,Monday,0,Downtown,50,Clear,17.1,85.0,0,332,5.47
2026-08-10 00:30:00,0,Monday,0,Arterial,70,Rainy,23.0,78.0,0,217,17.53
2026-08-10 00:45:00,0,Monday,0,Arterial,70,Heavy Rain,29.8,78.6,0,50,29.95
2026-08-10 01:00:00,1,Monday,0,Highway,100,Clear,34.8,50.7,0,450,3.69
2026-08-10 01:15:00,1,Monday,0,Arterial,70,Clear,31.9,54.9,0,194,0.98
2026-08-10 01:30:00,1,Monday,0,Arterial,70,Clear,18.8,48.8,0,188,2.16
2026-08-10 01:45:00,1,Monday,0,Residential,30,Clear,30.3,81.0,0,210,13.82
2026-08-10 02:00:00,2,Monday,0,Downtown,50,Foggy,18.7,53.7,0,177,25.69
2026-08-10 02:15:00,2,Monday,0,Residential,30,Clear,23.9,62.4,0,50,5.96
2026-08-10 02:30:00,2,Monday,0,Downtown,50,Clear,26.1,67.3,0,196,7.35
2026-08-10 02:45:00,2,Monday,0,Highway,100,Rainy,15.0,63.9,0,515,14.3
2026-08-10 03:00:00,3,Monday,0,Arterial,70,Foggy,27.8,72.3,0,270,28.52
2026-08-10 03:15:00,3,Monday,0,Arterial,70,Clear,29.9,75.6,0,266,7.48
2026-08-10 03:30:00,3,Monday,0,Highway,100,Clear,27.3,43.5,0,518,9.47
2026-08-10 03:45:00,3,Monday,0,Residential,30,Rainy,17.3,70.4,0,50,12.55
2026-08-10 04:00:00,4,Monday,0,Highway,100,Clear,31.1,47.4,0,445,2.8
2026-08-10 04:15:00,4,Monday,0,Highway,100,Clear,22.5,55.3,0,555,6.14
2026-08-10 04:30:00,4,Monday,0,Arterial,70,Clear,26.6,72.4,0,417,10.29
2026-08-10 04:45:00,4,Monday,0,Arterial,70,Heavy Rain,17.9,85.5,0,337,35.45
2026-08-10 05:00:00,5,Monday,0,Downtown,50,Clear,29.1,42.5,0,186,4.88
2026-08-10 05:15:00,5,Monday,0,Highway,100,Clear,22.1,59.0,0,234,9.03
2026-08-10 05:30:00,5,Monday,0,Arterial,70,Heavy Rain,34.1,75.4,0,341,33.53
2026-08-10 05:45:00,5,Monday,0,Arterial,70,Heavy Rain,24.8,83.1,0,451,34.8
2026-08-10 06:00:00,6,Monday,0,Residential,30,Clear,18.5,84.3,0,339,12.49
2026-08-10 06:15:00,6,Monday,0,Downtown,50,Clear,32.4,61.2,0,707,11.63
2026-08-10 06:30:00,6,Monday,0,Highway,100,Clear,20.6,42.2,0,1134,13.68
2026-08-10 06:45:00,6,Monday,0,Highway,100,Heavy Rain,23.5,60.2,0,1564,48.74
2026-08-10 07:00:00,7,Monday,0,Arterial,70,Clear,29.0,87.5,0,879,14.18
2026-08-10 07:15:00,7,Monday,0,Highway,100,Clear,24.3,64.6,0,1364,19.99
2026-08-10 07:30:00,7,Monday,0,Highway,100,Rainy,31.6,43.4,0,1255,32.24
2026-08-10 07:45:00,7,Monday,0,Downtown,50,Clear,34.6,86.8,0,557,6.75
2026-08-10 08:00:00,8,Monday,0,Highway,100,Clear,30.5,82.3,0,2345,51.65
2026-08-10 08:15:00,8,Monday,0,Arterial,70,Rainy,23.7,89.5,0,1453,61.24
2026-08-10 08:30:00,8,Monday,0,Highway,100,Clear,26.5,65.8,0,2463,55.75
2026-08-10 08:45:00,8,Monday,0,Arterial,70,Rainy,19.2,86.2,0,1684,65.88
2026-08-10 09:00:00,9,Monday,0,Highway,100,Clear,18.4,62.0,0,2595,56.72
2026-08-10 09:15:00,9,Monday,0,Arterial,70,Foggy,22.4,42.0,0,1558,68.31
2026-08-10 09:30:00,9,Monday,0,Residential,30,Clear,33.8,69.1,0,713,53.1
2026-08-10 09:45:00,9,Monday,0,Highway,100,Rainy,20.7,41.9,0,2580,60.97
2026-08-10 10:00:00,10,Monday,0,Downtown,50,Rainy,22.0,77.4,0,1585,72.53
2026-08-10 10:15:00,10,Monday,0,Residential,30,Rainy,22.0,89.6,0,819,70.76
2026-08-10 10:30:00,10,Monday,0,Highway,100,Clear,27.9,75.3,0,2442,43.97
2026-08-10 10:45:00,10,Monday,0,Highway,100,Clear,18.1,56.2,0,2548,57.17
2026-08-10 11:00:00,11,Monday,0,Highway,100,Rainy,33.0,65.2,0,1324,32.09
2026-08-10 11:15:00,11,Monday,0,Highway,100,Clear,28.3,62.8,0,1247,18.77
2026-08-10 11:30:00,11,Monday,0,Downtown,50,Clear,25.1,61.9,0,679,5.4
2026-08-10 11:45:00,11,Monday,0,Highway,100,Clear,33.3,40.6,0,1032,11.38
2026-08-10 12:00:00,12,Monday,0,Arterial,70,Clear,20.1,44.4,0,985,18.51
2026-08-10 12:15:00,12,Monday,0,Highway,100,Rainy,30.8,53.8,0,1396,32.69
2026-08-10 12:30:00,12,Monday,0,Residential,30,Clear,19.9,67.2,0,443,19.12
2026-08-10 12:45:00,12,Monday,0,Arterial,70,Clear,20.3,52.5,0,741,14.24
2026-08-10 13:00:00,13,Monday,0,Downtown,50,Foggy,33.6,71.4,0,855,40.31
2026-08-10 13:15:00,13,Monday,0,Downtown,50,Clear,29.0,71.9,0,730,19.04
2026-08-10 13:30:00,13,Monday,0,Downtown,50,Clear,33.4,65.1,0,576,14.43
2026-08-10 13:45:00,13,Monday,0,Residential,30,Heavy Rain,17.1,62.5,0,414,46.95
2026-08-10 14:00:00,14,Monday,0,Highway,100,Foggy,33.0,82.9,0,953,29.3
2026-08-10 14:15:00,14,Monday,0,Residential,30,Clear,16.6,53.7,0,360,18.1
2026-08-10 14:30:00,14,Monday,0,Downtown,50,Clear,32.5,67.0,0,925,19.34
2026-08-10 14:45:00,14,Monday,0,Arterial,70,Clear,20.4,43.4,0,690,15.25
2026-08-10 15:00:00,15,Monday,0,Arterial,70,Clear,25.7,49.2,0,672,10.08
2026-08-10 15:15:00,15,Monday,0,Arterial,70,Clear,33.0,86.7,0,952,13.62
2026-08-10 15:30:00,15,Monday,0,Downtown,50,Clear,20.7,48.4,0,796,19.04
2026-08-10 15:45:00,15,Monday,0,Arterial,70,Clear,15.3,60.3,0,704,11.01
2026-08-10 16:00:00,16,Monday,0,Downtown,50,Clear,33.2,75.0,0,614,15.65
2026-08-10 16:15:00,16,Monday,0,Arterial,70,Clear,15.9,63.2,0,712,9.67
2026-08-10 16:30:00,16,Monday,0,Downtown,50,Clear,24.9,78.6,0,756,18.49
2026-08-10 16:45:00,16,Monday,0,Residential,30,Clear,22.4,75.1,0,337,14.47
2026-08-10 17:00:00,17,Monday,0,Downtown,50,Clear,27.7,53.5,0,1279,50.73
2026-08-10 17:15:00,17,Monday,0,Highway,100,Clear,18.3,63.4,1,2638,91.7
2026-08-10 17:30:00,17,Monday,0,Residential,30,Clear,19.8,86.4,0,713,55.46
2026-08-10 17:45:00,17,Monday,0,Downtown,50,Foggy,30.2,68.1,0,1463,75.13
2026-08-10 18:00:00,18,Monday,0,Arterial,70,Clear,27.7,41.4,0,1739,53.96
2026-08-10 18:15:00,18,Monday,0,Arterial,70,Clear,31.6,53.0,0,1691,54.68
2026-08-10 18:30:00,18,Monday,0,Highway,100,Rainy,30.7,81.9,0,2741,67.14
2026-08-10 18:45:00,18,Monday,0,Arterial,70,Clear,17.7,69.9,0,1472,47.56
2026-08-10 19:00:00,19,Monday,0,Downtown,50,Clear,28.9,40.7,0,1440,54.85
2026-08-10 19:15:00,19,Monday,0,Highway,100,Rainy,18.4,55.6,0,2476,67.42
2026-08-10 19:30:00,19,Monday,0,Highway,100,Rainy,19.0,52.0,0,2299,65.99
2026-08-10 19:45:00,19,Monday,0,Arterial,70,Clear,27.7,70.8,0,1669,56.23
2026-08-10 20:00:00,20,Monday,0,Highway,100,Clear,32.3,59.2,0,1278,17.48
2026-08-10 20:15:00,20,Monday,0,Downtown,50,Clear,28.4,59.7,0,652,12.77
2026-08-10 20:30:00,20,Monday,0,Highway,100,Clear,18.0,82.3,0,1175,15.74
2026-08-10 20:45:00,20,Monday,0,Arterial,70,Heavy Rain,17.7,67.8,0,849,43.55
2026-08-10 21:00:00,21,Monday,0,Arterial,70,Rainy,17.1,66.2,0,979,30.9
2026-08-10 21:15:00,21,Monday,0,Residential,30,Rainy,30.3,66.4,0,241,24.24
2026-08-10 21:30:00,21,Monday,0,Highway,100,Rainy,28.1,55.7,0,1268,30.11
2026-08-10 21:45:00,21,Monday,0,Downtown,50,Clear,34.4,53.7,0,721,17.44
2026-08-10 22:00:00,22,Monday,0,Downtown,50,Clear,33.4,77.1,0,705,14.46
2026-08-10 22:15:00,22,Monday,0,Downtown,50,Foggy,31.7,50.7,0,888,41.39
2026-08-10 22:30:00,22,Monday,0,Arterial,70,Rainy,26.8,68.3,0,702,26.36
2026-08-10 22:45:00,22,Monday,0,Residential,30,Clear,29.9,48.8,0,278,13.59
2026-08-10 23:00:00,23,Monday,0,Residential,30,Rainy,17.2,83.0,0,196,19.25
2026-08-10 23:15:00,23,Monday,0,Downtown,50,Clear,33.0,83.1,0,164,6.43
2026-08-10 23:30:00,23,Monday,0,Arterial,70,Heavy Rain,30.2,56.1,0,118,30.55
2026-08-10 23:45:00,23,Monday,0,Residential,30,Rainy,30.6,68.0,0,62,17.3
2026-08-11 00:00:00,0,Tuesday,0,Highway,100,Heavy Rain,32.2,71.1,0,327,27.58
2026-08-11 00:15:00,0,Tuesday,0,Downtown,50,Rainy,30.8,67.8,0,272,20.74
2026-08-11 00:30:00,0,Tuesday,0,Residential,30,Foggy,18.4,87.4,0,50,23.49
2026-08-11 00:45:00,0,Tuesday,0,Highway,100,Clear,32.3,61.6,0,349,4.86
2026-08-11 01:00:00,1,Tuesday,0,Downtown,50,Clear,19.3,82.6,0,211,2.09
2026-08-11 01:15:00,1,Tuesday,0,Residential,30,Clear,23.3,80.3,0,50,5.35
2026-08-11 01:30:00,1,Tuesday,0,Arterial,70,Rainy,18.1,69.7,0,298,11.68
2026-08-11 01:45:00,1,Tuesday,0,Downtown,50,Rainy,20.1,40.7,0,227,17.34
2026-08-11 02:00:00,2,Tuesday,0,Arterial,70,Clear,15.2,87.3,0,180,3.05
2026-08-11 02:15:00,2,Tuesday,0,Arterial,70,Clear,21.5,87.6,0,79,2.08
2026-08-11 02:30:00,2,Tuesday,0,Downtown,50,Clear,19.0,83.3,0,254,7.04
2026-08-11 02:45:00,2,Tuesday,0,Downtown,50,Rainy,31.1,44.6,0,76,10.15
2026-08-11 03:00:00,3,Tuesday,0,Residential,30,Rainy,28.1,80.2,0,59,16.1
2026-08-11 03:15:00,3,Tuesday,0,Downtown,50,Clear,15.8,54.2,0,203,8.29
2026-08-11 03:30:00,3,Tuesday,0,Highway,100,Heavy Rain,20.4,89.3,0,253,31.47
2026-08-11 03:45:00,3,Tuesday,0,Downtown,50,Rainy,23.9,52.0,0,50,13.76
2026-08-11 04:00:00,4,Tuesday,0,Residential,30,Foggy,22.3,43.2,0,50,19.7
2026-08-11 04:15:00,4,Tuesday,0,Residential,30,Heavy Rain,22.0,77.2,0,50,29.44
2026-08-11 04:30:00,4,Tuesday,0,Highway,100,Clear,31.0,62.6,0,471,3.25
2026-08-11 04:45:00,4,Tuesday,0,Arterial,70,Clear,18.3,46.4,0,214,5.1
2026-08-11 05:00:00,5,Tuesday,0,Arterial,70,Clear,34.7,43.3,0,243,0.0
2026-08-11 05:15:00,5,Tuesday,0,Highway,100,Clear,19.9,43.6,0,486,10.12
2026-08-11 05:30:00,5,Tuesday,0,Arterial,70,Clear,17.5,82.1,0,411,12.0
2026-08-11 05:45:00,5,Tuesday,0,Residential,30,Clear,29.7,73.4,0,50,2.97
2026-08-11 06:00:00,6,Tuesday,0,Highway,100,Foggy,19.5,63.6,0,1222,28.02
2026-08-11 06:15:00,6,Tuesday,0,Residential,30,Clear,28.0,61.3,0,270,13.06
2026-08-11 06:30:00,6,Tuesday,0,Arterial,70,Rainy,29.7,85.3,0,839,25.94
2026-08-11 06:45:00,6,Tuesday,0,Highway,100,Rainy,33.0,86.1,0,1283,28.24
2026-08-11 07:00:00,7,Tuesday,0,Arterial,70,Foggy,33.3,54.5,0,971,35.83
2026-08-11 07:15:00,7,Tuesday,0,Downtown,50,Clear,18.1,45.4,1,921,52.99
2026-08-11 07:30:00,7,Tuesday,0,Residential,30,Foggy,26.3,64.4,0,498,36.17
2026-08-11 07:45:00,7,Tuesday,0,Highway,100,Rainy,35.0,87.7,0,1070,26.07
2026-08-11 08:00:00,8,Tuesday,0,Arterial,70,Clear,29.9,40.9,0,1506,51.38
2026-08-11 08:15:00,8,Tuesday,0,Highway,100,Clear,27.8,72.1,0,2429,50.55
2026-08-11 08:30:00,8,Tuesday,0,Highway,100,Clear,31.4,40.2,0,2493,50.42
2026-08-11 08:45:00,8,Tuesday,0,Arterial,70,Clear,17.2,86.9,0,1590,54.57
2026-08-11 09:00:00,9,Tuesday,0,Arterial,70,Rainy,20.8,66.5,0,1371,61.67
2026-08-11 09:15:00,9,Tuesday,0,Arterial,70,Rainy,29.8,74.8,0,1582,68.98
2026-08-11 09:30:00,9,Tuesday,0,Downtown,50,Clear,32.6,75.7,0,1321,52.83
2026-08-11 09:45:00,9,Tuesday,0,Arterial,70,Clear,24.0,75.8,0,1754,56.95
2026-08-11 10:00:00,10,Tuesday,0,Highway,100,Clear,33.1,46.2,0,2490,57.66
2026-08-11 10:15:00,10,Tuesday,0,Arterial,70,Clear,33.5,55.1,0,1514,51.01
2026-08-11 10:30:00,10,Tuesday,0,Downtown,50,Clear,18.0,43.4,0,1350,50.29
2026-08-11 10:45:00,10,Tuesday,0,Downtown,50,Clear,17.6,55.1,0,1417,54.47
2026-08-11 11:00:00,11,Tuesday,0,Arterial,70,Clear,19.3,54.4,0,717,15.55
2026-08-11 11:15:00,11,Tuesday,0,Downtown,50,Foggy,32.6,53.8,0,673,30.68
2026-08-11 11:30:00,11,Tuesday,0,Arterial,70,Foggy,20.4,71.3,0,729,29.06
2026-08-11 11:45:00,11,Tuesday,0,Downtown,50,Rainy,34.2,82.5,0,615,27.05
2026-08-11 12:00:00,12,Tuesday,0,Downtown,50,Foggy,22.8,55.7,0,805,38.05
2026-08-11 12:15:00,12,Tuesday,0,Downtown,50,Clear,33.4,46.7,0,573,11.81
2026-08-11 12:30:00,12,Tuesday,0,Downtown,50,Clear,29.1,54.7,0,664,13.99
2026-08-11 12:45:00,12,Tuesday,0,Highway,100,Clear,26.6,52.8,0,1214,12.6
2026-08-11 13:00:00,13,Tuesday,0,Arterial,70,Rainy,24.7,59.1,0,751,26.73
2026-08-11 13:15:00,13,Tuesday,0,Arterial,70,Heavy Rain,24.7,61.2,0,834,43.93
2026-08-11 13:30:00,13,Tuesday,0,Highway,100,Clear,23.7,89.1,0,1088,13.5
2026-08-11 13:45:00,13,Tuesday,0,Downtown,50,Clear,28.0,56.9,0,429,8.09
2026-08-11 14:00:00,14,Tuesday,0,Arterial,70,Clear,31.1,64.8,0,797,14.33
2026-08-11 14:15:00,14,Tuesday,0,Arterial,70,Clear,22.9,50.4,0,827,24.13
2026-08-11 14:30:00,14,Tuesday,0,Downtown,50,Clear,32.1,64.2,0,680,19.41
2026-08-11 14:45:00,14,Tuesday,0,Downtown,50,Foggy,32.8,84.6,0,601,33.96
2026-08-11 15:00:00,15,Tuesday,0,Downtown,50,Clear,24.3,84.6,0,683,16.88
2026-08-11 15:15:00,15,Tuesday,0,Highway,100,Foggy,24.9,84.5,0,1301,36.97
2026-08-11 15:30:00,15,Tuesday,0,Downtown,50,Clear,34.4,49.0,0,918,21.66
2026-08-11 15:45:00,15,Tuesday,0,Downtown,50,Clear,30.1,82.1,0,880,15.47
2026-08-11 16:00:00,16,Tuesday,0,Residential,30,Foggy,15.6,46.1,0,50,19.26
2026-08-11 16:15:00,16,Tuesday,0,Arterial,70,Rainy,22.3,50.4,0,1021,27.04
2026-08-11 16:30:00,16,Tuesday,0,Arterial,70,Clear,25.8,50.4,0,834,12.82
2026-08-11 16:45:00,16,Tuesday,0,Downtown,50,Clear,29.9,53.7,0,814,11.44
2026-08-11 17:00:00,17,Tuesday,0,Downtown,50,Rainy,28.9,63.2,0,1202,59.75
2026-08-11 17:15:00,17,Tuesday,0,Downtown,50,Rainy,25.4,42.3,0,1459,66.42
2026-08-11 17:30:00,17,Tuesday,0,Downtown,50,Clear,16.1,87.4,0,1426,49.49
2026-08-11 17:45:00,17,Tuesday,0,Downtown,50,Clear,16.9,53.4,0,1342,50.55
2026-08-11 18:00:00,18,Tuesday,0,Residential,30,Clear,23.5,68.2,0,709,57.11
2026-08-11 18:15:00,18,Tuesday,0,Arterial,70,Foggy,29.6,56.9,0,1917,77.78
2026-08-11 18:30:00,18,Tuesday,0,Highway,100,Clear,16.6,61.1,0,2535,59.22
2026-08-11 18:45:00,18,Tuesday,0,Downtown,50,Clear,18.6,71.7,0,1308,48.4
2026-08-11 19:00:00,19,Tuesday,0,Arterial,70,Clear,17.5,77.2,0,1731,55.35
2026-08-11 19:15:00,19,Tuesday,0,Residential,30,Rainy,18.9,76.6,0,756,69.41
2026-08-11 19:30:00,19,Tuesday,0,Arterial,70,Clear,20.5,57.3,0,1919,54.42
2026-08-11 19:45:00,19,Tuesday,0,Downtown,50,Clear,34.4,76.9,1,1406,94.04
2026-08-11 20:00:00,20,Tuesday,0,Arterial,70,Rainy,28.7,73.4,0,799,28.51
2026-08-11 20:15:00,20,Tuesday,0,Arterial,70,Clear,20.9,89.4,0,707,9.22
2026-08-11 20:30:00,20,Tuesday,0,Downtown,50,Clear,24.3,57.2,0,624,17.46
2026-08-11 20:45:00,20,Tuesday,0,Residential,30,Foggy,26.0,48.0,0,385,29.55
2026-08-11 21:00:00,21,Tuesday,0,Highway,100,Clear,22.6,74.3,0,1416,19.67
2026-08-11 21:15:00,21,Tuesday,0,Highway,100,Rainy,17.6,74.9,0,1023,26.81
2026-08-11 21:30:00,21,Tuesday,0,Highway,100,Clear,32.3,70.5,1,1169,50.29
2026-08-11 21:45:00,21,Tuesday,0,Residential,30,Clear,25.3,82.8,0,300,10.39
2026-08-11 22:00:00,22,Tuesday,0,Residential,30,Heavy Rain,29.2,84.4,0,251,35.22
2026-08-11 22:15:00,22,Tuesday,0,Highway,100,Clear,16.9,65.9,0,1337,15.67
2026-08-11 22:30:00,22,Tuesday,0,Highway,100,Clear,20.0,81.4,0,1053,12.68
2026-08-11 22:45:00,22,Tuesday,0,Arterial,70,Clear,32.5,49.1,0,824,14.57
2026-08-11 23:00:00,23,Tuesday,0,Highway,100,Foggy,18.6,68.9,0,60,16.46
2026-08-11 23:15:00,23,Tuesday,0,Highway,100,Rainy,30.6,53.9,0,511,16.52
2026-08-11 23:30:00,23,Tuesday,0,Downtown,50,Clear,31.9,49.0,0,105,4.13
2026-08-11 23:45:00,23,Tuesday,0,Highway,100,Clear,31.8,48.8,0,250,0.0
2026-08-12 00:00:00,0,Wednesday,0,Downtown,50,Clear,30.2,72.0,0,409,7.55
2026-08-12 00:15:00,0,Wednesday,0,Arterial,70,Foggy,33.7,75.9,1,181,56.73
2026-08-12 00:30:00,0,Wednesday,0,Arterial,70,Clear,21.7,64.5,0,138,0.0
2026-08-12 00:45:00,0,Wednesday,0,Highway,100,Clear,30.3,59.8,0,399,6.53
2026-08-12 01:00:00,1,Wednesday,0,Arterial,70,Rainy,18.1,73.1,0,387,21.58
2026-08-12 01:15:00,1,Wednesday,0,Arterial,70,Clear,19.3,69.6,0,50,0.0
2026-08-12 01:30:00,1,Wednesday,0,Arterial,70,Clear,29.0,67.9,0,251,2.97
2026-08-12 01:45:00,1,Wednesday,0,Downtown,50,Clear,25.1,82.6,0,246,4.96
2026-08-12 02:00:00,2,Wednesday,0,Highway,100,Clear,25.1,47.6,0,568,7.23
2026-08-12 02:15:00,2,Wednesday,0,Highway,100,Rainy,25.9,57.9,0,337,12.16
2026-08-12 02:30:00,2,Wednesday,0,Arterial,70,Clear,23.0,77.0,0,337,7.25
2026-08-12 02:45:00,2,Wednesday,0,Residential,30,Clear,22.0,78.9,0,461,25.71
2026-08-12 03:00:00,3,Wednesday,0,Residential,30,Heavy Rain,31.0,63.7,0,212,36.1
2026-08-12 03:15:00,3,Wednesday,0,Downtown,50,Rainy,17.8,59.9,0,162,12.97
2026-08-12 03:30:00,3,Wednesday,0,Highway,100,Heavy Rain,30.0,71.0,0,252,29.93
2026-08-12 03:45:00,3,Wednesday,0,Arterial,70,Rainy,15.4,45.2,0,309,18.8
2026-08-12 04:00:00,4,Wednesday,0,Downtown,50,Clear,17.1,77.7,0,50,0.0
2026-08-12 04:15:00,4,Wednesday,0,Arterial,70,Clear,30.4,48.6,0,236,7.93
2026-08-12 04:30:00,4,Wednesday,0,Highway,100,Clear,31.4,54.5,0,302,5.38
2026-08-12 04:45:00,4,Wednesday,0,Arterial,70,Clear,16.4,75.3,0,273,1.03
2026-08-12 05:00:00,5,Wednesday,0,Highway,100,Clear,31.7,80.5,0,688,6.41
2026-08-12 05:15:00,5,Wednesday,0,Downtown,50,Clear,31.5,40.9,0,112,5.57
2026-08-12 05:30:00,5,Wednesday,0,Downtown,50,Clear,26.5,75.0,0,325,7.23
2026-08-12 05:45:00,5,Wednesday,0,Arterial,70,Foggy,23.7,79.8,0,201,17.44
2026-08-12 06:00:00,6,Wednesday,0,Highway,100,Clear,24.8,88.0,0,1360,12.68
2026-08-12 06:15:00,6,Wednesday,0,Highway,100,Rainy,16.3,47.9,0,1380,29.88
2026-08-12 06:30:00,6,Wednesday,0,Residential,30,Foggy,17.1,71.6,0,368,31.59
2026-08-12 06:45:00,6,Wednesday,0,Arterial,70,Clear,16.9,88.9,0,891,16.2
2026-08-12 07:00:00,7,Wednesday,0,Residential,30,Rainy,28.2,58.8,0,426,31.17
2026-08-12 07:15:00,7,Wednesday,0,Downtown,50,Clear,27.5,69.7,0,733,14.95
2026-08-12 07:30:00,7,Wednesday,0,Arterial,70,Clear,29.6,56.6,0,764,17.18
2026-08-12 07:45:00,7,Wednesday,0,Downtown,50,Clear,28.1,43.0,0,616,14.47
2026-08-12 08:00:00,8,Wednesday,0,Downtown,50,Clear,21.2,56.9,0,1468,51.27
2026-08-12 08:15:00,8,Wednesday,0,Residential,30,Clear,21.5,80.9,0,964,69.68
2026-08-12 08:30:00,8,Wednesday,0,Highway,100,Clear,27.9,56.4,0,2593,56.9
2026-08-12 08:45:00,8,Wednesday,0,Highway,100,Clear,18.6,73.1,0,2466,55.07
2026-08-12 09:00:00,9,Wednesday,0,Highway,100,Foggy,33.2,62.8,0,2936,76.19
2026-08-12 09:15:00,9,Wednesday,0,Downtown,50,Rainy,16.4,75.3,0,1376,62.89
2026-08-12 09:30:00,9,Wednesday,0,Highway,100,Rainy,24.3,69.4,0,2477,68.42
2026-08-12 09:45:00,9,Wednesday,0,Highway,100,Clear,23.8,51.3,0,2753,54.29
2026-08-12 10:00:00,10,Wednesday,0,Downtown,50,Rainy,24.3,56.1,0,1156,61.3
2026-08-12 10:15:00,10,Wednesday,0,Highway,100,Clear,27.8,66.4,0,2344,52.89
2026-08-12 10:30:00,10,Wednesday,0,Arterial,70,Clear,32.2,42.4,0,1872,53.19
2026-08-12 10:45:00,10,Wednesday,0,Downtown,50,Rainy,30.1,49.6,0,1379,65.25
2026-08-12 11:00:00,11,Wednesday,0,Downtown,50,Clear,17.5,88.0,0,414,7.25
2026-08-12 11:15:00,11,Wednesday,0,Highway,100,Heavy Rain,29.0,68.4,0,1309,47.63
2026-08-12 11:30:00,11,Wednesday,0,Highway,100,Rainy,26.3,88.3,0,1153,25.42
2026-08-12 11:45:00,11,Wednesday,0,Arterial,70,Rainy,18.5,72.5,0,898,26.58
2026-08-12 12:00:00,12,Wednesday,0,Highway,100,Clear,15.7,71.6,1,1170,52.26
2026-08-12 12:15:00,12,Wednesday,0,Highway,100,Clear,15.1,79.6,0,1138,10.47
2026-08-12 12:30:00,12,Wednesday,0,Downtown,50,Clear,20.7,67.0,0,710,13.48
2026-08-12 12:45:00,12,Wednesday,0,Highway,100,Clear,18.7,84.0,0,1264,18.08
2026-08-12 13:00:00,13,Wednesday,0,Residential,30,Rainy,17.6,84.4,0,398,28.65
2026-08-12 13:15:00,13,Wednesday,0,Downtown,50,Foggy,31.5,56.0,0,760,40.11
2026-08-12 13:30:00,13,Wednesday,0,Highway,100,Clear,18.0,69.5,0,1286,11.94
2026-08-12 13:45:00,13,Wednesday,0,Highway,100,Clear,33.1,74.9,0,1218,16.96
2026-08-12 14:00:00,14,Wednesday,0,Arterial,70,Clear,30.0,58.6,0,1013,21.09
2026-08-12 14:15:00,14,Wednesday,0,Arterial,70,Rainy,23.4,79.8,0,859,27.9
2026-08-12 14:30:00,14,Wednesday,0,Downtown,50,Heavy Rain,26.4,73.8,0,688,43.49
2026-08-12 14:45:00,14,Wednesday,0,Highway,100,Clear,16.0,40.0,0,1403,17.23
2026-08-12 15:00:00,15,Wednesday,0,Highway,100,Clear,16.6,66.9,0,1195,8.99
2026-08-12 15:15:00,15,Wednesday,0,Downtown,50,Clear,25.5,49.8,0,666,10.16
2026-08-12 15:30:00,15,Wednesday,0,Arterial,70,Foggy,32.8,69.3,0,901,36.74
2026-08-12 15:45:00,15,Wednesday,0,Downtown,50,Clear,30.1,82.6,0,795,20.25
2026-08-12 16:00:00,16,Wednesday,0,Arterial,70,Rainy,30.8,85.8,0,779,26.85
2026-08-12 16:15:00,16,Wednesday,0,Highway,100,Foggy,21.7,58.9,0,1331,30.16
2026-08-12 16:30:00,16,Wednesday,0,Downtown,50,Clear,29.9,73.6,0,795,16.95
2026-08-12 16:45:00,16,Wednesday,0,Arterial,70,Clear,27.8,86.0,0,799,20.37
2026-08-12 17:00:00,17,Wednesday,0,Highway,100,Clear,17.7,41.1,0,2519,54.92
2026-08-12 17:15:00,17,Wednesday,0,Arterial,70,Clear,27.8,70.4,0,1830,52.59
2026-08-12 17:30:00,17,Wednesday,0,Arterial,70,Rainy,33.8,79.0,0,1643,69.83
2026-08-12 17:45:00,17,Wednesday,0,Downtown,50,Foggy,20.0,51.9,0,1415,71.2
2026-08-12 18:00:00,18,Wednesday,0,Downtown,50,Clear,24.3,69.5,0,1427,59.93
2026-08-12 18:15:00,18,Wednesday,0,Downtown,50,Rainy,28.5,44.8,0,1582,72.29
2026-08-12 18:30:00,18,Wednesday,0,Highway,100,Clear,31.5,59.5,0,2780,61.05
2026-08-12 18:45:00,18,Wednesday,0,Highway,100,Clear,16.3,64.0,0,2677,54.25
2026-08-12 19:00:00,19,Wednesday,0,Highway,100,Foggy,23.4,57.8,0,2266,69.11
2026-08-12 19:15:00,19,Wednesday,0,Highway,100,Clear,30.4,86.0,0,2461,53.29
2026-08-12 19:30:00,19,Wednesday,0,Highway,100,Clear,29.7,42.2,0,2596,52.58
2026-08-12 19:45:00,19,Wednesday,0,Downtown,50,Clear,29.5,51.8,0,1381,51.52
2026-08-12 20:00:00,20,Wednesday,0,Highway,100,Clear,15.2,47.8,0,1182,17.08
2026-08-12 20:15:00,20,Wednesday,0,Downtown,50,Rainy,18.5,58.6,0,804,32.66
2026-08-12 20:30:00,20,Wednesday,0,Arterial,70,Rainy,25.2,77.0,0,850,27.16
2026-08-12 20:45:00,20,Wednesday,0,Downtown,50,Clear,23.2,84.9,1,638,50.75
2026-08-12 21:00:00,21,Wednesday,0,Arterial,70,Clear,28.0,78.7,0,823,19.2
2026-08-12 21:15:00,21,Wednesday,0,Arterial,70,Clear,26.9,52.7,0,690,14.6
2026-08-12 21:30:00,21,Wednesday,0,Residential,30,Clear,26.0,67.7,0,396,13.39
2026-08-12 21:45:00,21,Wednesday,0,Highway,100,Clear,19.5,46.2,0,1155,16.15
2026-08-12 22:00:00,22,Wednesday,0,Residential,30,Clear,19.7,46.7,0,270,12.59
2026-08-12 22:15:00,22,Wednesday,0,Highway,100,Clear,28.0,81.1,0,1400,20.32
2026-08-12 22:30:00,22,Wednesday,0,Downtown,50,Clear,17.6,72.4,0,697,11.7
2026-08-12 22:45:00,22,Wednesday,0,Arterial,70,Clear,19.9,51.9,0,966,11.91
2026-08-12 23:00:00,23,Wednesday,0,Highway,100,Clear,15.4,52.9,0,487,8.35
2026-08-12 23:15:00,23,Wednesday,0,Highway,100,Clear,22.1,74.7,0,434,9.9
2026-08-12 23:30:00,23,Wednesday,0,Downtown,50,Heavy Rain,33.2,69.7,0,253,33.84
2026-08-12 23:45:00,23,Wednesday,0,Downtown,50,Clear,28.4,42.0,0,301,4.0
2026-08-13 00:00:00,0,Thursday,0,Arterial,70,Clear,23.2,77.6,1,160,36.13
2026-08-13 00:15:00,0,Thursday,0,Arterial,70,Clear,18.1,85.8,0,448,3.47
2026-08-13 00:30:00,0,Thursday,0,Arterial,70,Clear,32.2,50.0,0,227,1.4
2026-08-13 00:45:00,0,Thursday,0,Downtown,50,Clear,17.2,44.6,0,128,1.7
2026-08-13 01:00:00,1,Thursday,0,Arterial,70,Clear,15.5,68.2,0,236,0.93
2026-08-13 01:15:00,1,Thursday,0,Arterial,70,Rainy,24.9,41.0,0,243,19.41
2026-08-13 01:30:00,1,Thursday,0,Downtown,50,Clear,28.5,48.5,0,181,0.12
2026-08-13 01:45:00,1,Thursday,0,Downtown,50,Clear,28.4,75.7,0,182,4.2
2026-08-13 02:00:00,2,Thursday,0,Highway,100,Clear,29.9,80.4,0,142,1.45
2026-08-13 02:15:00,2,Thursday,0,Arterial,70,Clear,27.0,43.7,0,468,11.9
2026-08-13 02:30:00,2,Thursday,0,Downtown,50,Clear,15.1,78.3,0,193,4.58
2026-08-13 02:45:00,2,Thursday,0,Arterial,70,Clear,23.1,84.1,0,114,4.33
2026-08-13 03:00:00,3,Thursday,0,Residential,30,Clear,17.1,40.8,0,50,0.0
2026-08-13 03:15:00,3,Thursday,0,Arterial,70,Clear,19.8,44.6,0,50,5.6
2026-08-13 03:30:00,3,Thursday,0,Residential,30,Clear,25.1,86.4,0,50,2.37
2026-08-13 03:45:00,3,Thursday,0,Downtown,50,Clear,26.8,62.4,0,161,7.29
2026-08-13 04:00:00,4,Thursday,0,Highway,100,Clear,33.8,74.7,0,348,5.24
2026-08-13 04:15:00,4,Thursday,0,Residential,30,Clear,35.0,43.8,0,202,12.62
2026-08-13 04:30:00,4,Thursday,0,Downtown,50,Clear,16.1,57.9,0,64,3.08
2026-08-13 04:45:00,4,Thursday,0,Highway,100,Clear,29.6,82.6,0,360,3.79
2026-08-13 05:00:00,5,Thursday,0,Arterial,70,Clear,27.3,65.2,0,232,4.13
2026-08-13 05:15:00,5,Thursday,0,Downtown,50,Clear,31.6,60.2,0,161,4.91
2026-08-13 05:30:00,5,Thursday,0,Highway,100,Heavy Rain,25.8,49.5,0,394,36.07
2026-08-13 05:45:00,5,Thursday,0,Highway,100,Foggy,23.9,89.5,0,204,20.92
2026-08-13 06:00:00,6,Thursday,0,Arterial,70,Clear,21.1,53.5,0,1119,21.02
2026-08-13 06:15:00,6,Thursday,0,Downtown,50,Rainy,30.2,87.8,0,715,32.16
2026-08-13 06:30:00,6,Thursday,0,Downtown,50,Clear,20.5,55.7,0,751,10.85
2026-08-13 06:45:00,6,Thursday,0,Highway,100,Clear,33.3,60.3,0,1360,16.15
2026-08-13 07:00:00,7,Thursday,0,Residential,30,Foggy,20.7,59.4,1,249,63.1
2026-08-13 07:15:00,7,Thursday,0,Highway,100,Heavy Rain,23.3,86.7,0,1226,44.03
2026-08-13 07:30:00,7,Thursday,0,Highway,100,Clear,23.7,73.3,1,1354,52.93
2026-08-13 07:45:00,7,Thursday,0,Downtown,50,Clear,29.9,50.4,0,855,20.3
2026-08-13 08:00:00,8,Thursday,0,Arterial,70,Clear,23.4,65.7,0,1651,53.24
2026-08-13 08:15:00,8,Thursday,0,Downtown,50,Clear,29.6,85.1,0,1701,60.89
2026-08-13 08:30:00,8,Thursday,0,Arterial,70,Rainy,29.0,76.7,0,1784,65.22
2026-08-13 08:45:00,8,Thursday,0,Downtown,50,Rainy,24.8,65.2,0,1413,69.63
2026-08-13 09:00:00,9,Thursday,0,Arterial,70,Clear,27.0,42.1,0,1645,54.2
2026-08-13 09:15:00,9,Thursday,0,Arterial,70,Clear,31.1,77.8,1,1576,85.82
2026-08-13 09:30:00,9,Thursday,0,Arterial,70,Rainy,20.7,51.8,0,1589,66.04
2026-08-13 09:45:00,9,Thursday,0,Residential,30,Clear,17.2,57.6,0,597,53.9
2026-08-13 10:00:00,10,Thursday,0,Highway,100,Rainy,27.0,89.4,0,2555,64.73
2026-08-13 10:15:00,10,Thursday,0,Highway,100,Heavy Rain,15.4,51.9,0,2492,79.62
2026-08-13 10:30:00,10,Thursday,0,Arterial,70,Clear,24.2,84.0,0,1789,52.04
2026-08-13 10:45:00,10,Thursday,0,Highway,100,Clear,33.0,66.9,0,2411,52.87
2026-08-13 11:00:00,11,Thursday,0,Highway,100,Clear,33.0,42.4,0,1192,11.08
2026-08-13 11:15:00,11,Thursday,0,Arterial,70,Clear,30.0,85.6,0,833,16.87
2026-08-13 11:30:00,11,Thursday,0,Arterial,70,Clear,24.5,55.2,1,785,46.36
2026-08-13 11:45:00,11,Thursday,0,Downtown,50,Clear,24.5,88.7,0,746,15.15
2026-08-13 12:00:00,12,Thursday,0,Arterial,70,Clear,28.2,76.4,0,943,14.68
2026-08-13 12:15:00,12,Thursday,0,Arterial,70,Rainy,17.8,62.9,0,989,27.89
2026-08-13 12:30:00,12,Thursday,0,Highway,100,Rainy,24.9,44.6,0,1197,26.65
2026-08-13 12:45:00,12,Thursday,0,Highway,100,Rainy,28.1,54.3,0,1217,31.19
2026-08-13 13:00:00,13,Thursday,0,Downtown,50,Clear,29.5,63.3,0,567,19.48
2026-08-13 13:15:00,13,Thursday,0,Arterial,70,Clear,34.7,85.3,0,900,14.87
2026-08-13 13:30:00,13,Thursday,0,Downtown,50,Clear,23.7,73.9,0,719,18.99
2026-08-13 13:45:00,13,Thursday,0,Arterial,70,Rainy,34.8,48.6,0,907,28.32
2026-08-13 14:00:00,14,Thursday,0,Arterial,70,Rainy,19.1,64.7,0,654,22.68
2026-08-13 14:15:00,14,Thursday,0,Arterial,70,Rainy,33.8,54.2,0,1054,36.07
2026-08-13 14:30:00,14,Thursday,0,Highway,100,Clear,20.1,69.2,0,1380,14.33
2026-08-13 14:45:00,14,Thursday,0,Arterial,70,Clear,23.0,90.0,0,750,12.61
2026-08-13 15:00:00,15,Thursday,0,Highway,100,Clear,34.3,70.4,0,1224,15.25
2026-08-13 15:15:00,15,Thursday,0,Highway,100,Rainy,24.8,41.7,0,1404,27.9
2026-08-13 15:30:00,15,Thursday,0,Arterial,70,Rainy,27.7,41.7,1,770,59.13
2026-08-13 15:45:00,15,Thursday,0,Downtown,50,Clear,23.0,83.2,0,819,14.51
2026-08-13 16:00:00,16,Thursday,0,Downtown,50,Clear,26.4,89.4,1,589,48.45
2026-08-13 16:15:00,16,Thursday,0,Downtown,50,Clear,28.4,57.6,0,765,16.89
2026-08-13 16:30:00,16,Thursday,0,Highway,100,Clear,30.6,60.1,0,1276,18.15
2026-08-13 16:45:00,16,Thursday,0,Downtown,50,Clear,28.4,59.4,0,712,20.33
2026-08-13 17:00:00,17,Thursday,0,Residential,30,Rainy,29.6,69.4,0,842,69.13
2026-08-13 17:15:00,17,Thursday,0,Arterial,70,Clear,26.6,55.1,0,1707,56.3
2026-08-13 17:30:00,17,Thursday,0,Residential,30,Clear,17.0,68.0,0,759,50.8
2026-08-13 17:45:00,17,Thursday,0,Highway,100,Heavy Rain,30.3,58.1,1,2510,100.0
2026-08-13 18:00:00,18,Thursday,0,Highway,100,Clear,19.4,55.8,0,2301,48.79
2026-08-13 18:15:00,18,Thursday,0,Downtown,50,Rainy,34.7,67.3,0,1264,61.52
2026-08-13 18:30:00,18,Thursday,0,Arterial,70,Clear,23.4,74.8,0,2000,63.08
2026-08-13 18:45:00,18,Thursday,0,Arterial,70,Clear,34.7,42.0,0,1736,52.72
2026-08-13 19:00:00,19,Thursday,0,Highway,100,Foggy,22.5,85.9,1,2591,100.0
2026-08-13 19:15:00,19,Thursday,0,Highway,100,Foggy,30.5,54.4,0,2543,70.5
2026-08-13 19:30:00,19,Thursday,0,Highway,100,Rainy,28.4,56.2,0,2517,70.36
2026-08-13 19:45:00,19,Thursday,0,Residential,30,Foggy,28.8,47.6,0,735,76.42
2026-08-13 20:00:00,20,Thursday,0,Arterial,70,Heavy Rain,15.3,40.6,0,828,42.92
2026-08-13 20:15:00,20,Thursday,0,Residential,30,Rainy,28.0,72.8,0,618,41.67
2026-08-13 20:30:00,20,Thursday,0,Arterial,70,Rainy,21.4,43.6,0,938,29.21
2026-08-13 20:45:00,20,Thursday,0,Arterial,70,Clear,18.9,67.2,0,857,15.33
2026-08-13 21:00:00,21,Thursday,0,Downtown,50,Foggy,31.9,59.0,0,657,33.12
2026-08-13 21:15:00,21,Thursday,0,Arterial,70,Clear,16.7,42.8,1,814,53.95
2026-08-13 21:30:00,21,Thursday,0,Highway,100,Clear,23.6,70.0,0,1246,13.94
2026-08-13 21:45:00,21,Thursday,0,Residential,30,Clear,23.0,53.8,0,409,21.15
2026-08-13 22:00:00,22,Thursday,0,Arterial,70,Clear,31.6,44.5,0,910,21.12
2026-08-13 22:15:00,22,Thursday,0,Highway,100,Foggy,24.8,54.0,0,1222,32.64
2026-08-13 22:30:00,22,Thursday,0,Highway,100,Clear,17.1,42.3,0,1214,11.33
2026-08-13 22:45:00,22,Thursday,0,Arterial,70,Clear,17.8,87.0,0,943,21.09
2026-08-13 23:00:00,23,Thursday,0,Highway,100,Clear,27.0,57.6,0,292,7.31
2026-08-13 23:15:00,23,Thursday,0,Highway,100,Clear,17.3,47.8,0,391,11.4
2026-08-13 23:30:00,23,Thursday,0,Highway,100,Clear,30.8,59.5,0,295,6.4
2026-08-13 23:45:00,23,Thursday,0,Arterial,70,Heavy Rain,15.3,76.1,0,358,34.12
2026-08-14 00:00:00,0,Friday,0,Arterial,70,Heavy Rain,27.9,71.4,0,50,27.68
2026-08-14 00:15:00,0,Friday,0,Highway,100,Clear,27.3,81.9,0,518,5.24
2026-08-14 00:30:00,0,Friday,0,Highway,100,Rainy,17.1,45.7,0,239,21.1
2026-08-14 00:45:00,0,Friday,0,Arterial,70,Heavy Rain,27.6,69.5,0,151,31.16
2026-08-14 01:00:00,1,Friday,0,Highway,100,Clear,28.4,59.2,0,554,6.96
2026-08-14 01:15:00,1,Friday,0,Highway,100,Clear,15.3,56.0,0,356,2.0
2026-08-14 01:30:00,1,Friday,0,Residential,30,Rainy,30.6,69.0,0,80,12.18
2026-08-14 01:45:00,1,Friday,0,Arterial,70,Foggy,21.2,40.1,1,224,49.07
2026-08-14 02:00:00,2,Friday,0,Downtown,50,Clear,25.9,50.0,0,112,1.72
2026-08-14 02:15:00,2,Friday,0,Residential,30,Clear,28.6,85.4,0,50,0.0
2026-08-14 02:30:00,2,Friday,0,Highway,100,Rainy,21.8,89.3,0,312,14.77
2026-08-14 02:45:00,2,Friday,0,Downtown,50,Clear,31.1,67.4,0,448,16.75
2026-08-14 03:00:00,3,Friday,0,Highway,100,Clear,24.8,73.9,0,423,6.9
2026-08-14 03:15:00,3,Friday,0,Highway,100,Clear,22.0,49.5,0,362,5.11
2026-08-14 03:30:00,3,Friday,0,Residential,30,Clear,26.3,64.0,0,86,1.42
2026-08-14 03:45:00,3,Friday,0,Arterial,70,Clear,28.9,49.6,0,87,0.62
2026-08-14 04:00:00,4,Friday,0,Residential,30,Rainy,16.8,75.6,0,133,18.09
2026-08-14 04:15:00,4,Friday,0,Downtown,50,Foggy,33.3,45.1,0,379,25.54
2026-08-14 04:30:00,4,Friday,0,Downtown,50,Rainy,23.9,77.5,0,90,12.51
2026-08-14 04:45:00,4,Friday,0,Downtown,50,Rainy,26.4,50.7,0,203,18.65
2026-08-14 05:00:00,5,Friday,0,Residential,30,Clear,32.2,63.8,0,50,3.86
2026-08-14 05:15:00,5,Friday,0,Arterial,70,Clear,23.5,56.5,0,185,2.65
2026-08-14 05:30:00,5,Friday,0,Arterial,70,Clear,31.7,65.1,0,294,3.66
2026-08-14 05:45:00,5,Friday,0,Residential,30,Clear,34.2,41.7,0,50,0.0
2026-08-14 06:00:00,6,Friday,0,Arterial,70,Rainy,31.8,44.1,0,1135,31.73
2026-08-14 06:15:00,6,Friday,0,Arterial,70,Clear,19.1,63.6,0,824,14.23
2026-08-14 06:30:00,6,Friday,0,Highway,100,Clear,16.4,61.9,1,1149,50.91
2026-08-14 06:45:00,6,Friday,0,Arterial,70,Clear,19.5,84.7,0,707,12.15
2026-08-14 07:00:00,7,Friday,0,Highway,100,Clear,21.5,72.1,0,1553,20.32
2026-08-14 07:15:00,7,Friday,0,Downtown,50,Heavy Rain,24.1,86.8,0,744,49.18
2026-08-14 07:30:00,7,Friday,0,Residential,30,Clear,28.9,63.3,0,249,11.16
2026-08-14 07:45:00,7,Friday,0,Highway,100,Foggy,25.9,59.8,0,1050,32.75
2026-08-14 08:00:00,8,Friday,0,Highway,100,Clear,18.8,47.0,0,2568,57.73
2026-08-14 08:15:00,8,Friday,0,Highway,100,Clear,23.5,82.1,0,2632,53.13
2026-08-14 08:30:00,8,Friday,0,Arterial,70,Clear,18.9,73.9,0,1842,56.43
2026-08-14 08:45:00,8,Friday,0,Downtown,50,Foggy,18.2,69.3,0,1493,70.43
2026-08-14 09:00:00,9,Friday,0,Downtown,50,Foggy,25.2,82.4,0,1215,61.55
2026-08-14 09:15:00,9,Friday,0,Arterial,70,Clear,34.4,43.9,0,1673,55.12
2026-08-14 09:30:00,9,Friday,0,Arterial,70,Clear,20.7,42.0,0,1835,58.72
2026-08-14 09:45:00,9,Friday,0,Residential,30,Clear,21.7,68.5,0,690,57.55
2026-08-14 10:00:00,10,Friday,0,Residential,30,Clear,17.7,57.4,0,734,55.74
2026-08-14 10:15:00,10,Friday,0,Highway,100,Clear,19.8,65.5,0,2632,57.98
2026-08-14 10:30:00,10,Friday,0,Arterial,70,Clear,31.8,59.8,0,1484,46.45
2026-08-14 10:45:00,10,Friday,0,Highway,100,Rainy,26.1,51.3,0,2394,65.93
2026-08-14 11:00:00,11,Friday,0,Residential,30,Clear,30.4,88.4,0,432,20.48
2026-08-14 11:15:00,11,Friday,0,Highway,100,Clear,27.8,84.1,0,1321,16.44
2026-08-14 11:30:00,11,Friday,0,Highway,100,Heavy Rain,33.1,43.3,0,1177,43.0
2026-08-14 11:45:00,11,Friday,0,Highway,100,Clear,25.5,63.2,0,1412,14.03
2026-08-14 12:00:00,12,Friday,0,Highway,100,Rainy,33.3,57.7,0,1081,28.93
2026-08-14 12:15:00,12,Friday,0,Arterial,70,Clear,21.9,74.0,0,821,15.63
2026-08-14 12:30:00,12,Friday,0,Highway,100,Heavy Rain,33.2,45.8,0,1252,44.28
2026-08-14 12:45:00,12,Friday,0,Downtown,50,Clear,21.7,47.7,0,766,11.51
2026-08-14 13:00:00,13,Friday,0,Arterial,70,Clear,30.2,67.2,0,897,12.07
2026-08-14 13:15:00,13,Friday,0,Downtown,50,Clear,27.4,79.5,0,682,16.24
2026-08-14 13:30:00,13,Friday,0,Arterial,70,Clear,22.5,88.1,0,963,20.02
2026-08-14 13:45:00,13,Friday,0,Highway,100,Heavy Rain,25.9,85.7,0,1101,45.74
2026-08-14 14:00:00,14,Friday,0,Downtown,50,Clear,26.1,41.6,0,877,23.3
2026-08-14 14:15:00,14,Friday,0,Residential,30,Rainy,17.5,70.9,1,414,61.99
2026-08-14 14:30:00,14,Friday,0,Arterial,70,Clear,34.1,57.8,0,687,10.27
2026-08-14 14:45:00,14,Friday,0,Residential,30,Clear,25.7,50.7,1,394,57.37
2026-08-14 15:00:00,15,Friday,0,Downtown,50,Foggy,34.3,79.3,0,507,24.99
2026-08-14 15:15:00,15,Friday,0,Downtown,50,Rainy,33.0,46.7,0,837,32.72
2026-08-14 15:30:00,15,Friday,0,Highway,100,Rainy,21.5,74.4,0,1452,29.16
2026-08-14 15:45:00,15,Friday,0,Residential,30,Clear,30.0,55.7,0,146,0.34
2026-08-14 16:00:00,16,Friday,0,Downtown,50,Clear,20.3,89.8,0,860,23.52
2026-08-14 16:15:00,16,Friday,0,Residential,30,Clear,16.2,59.3,0,468,17.91
2026-08-14 16:30:00,16,Friday,0,Highway,100,Rainy,29.4,50.7,0,1330,30.78
2026-08-14 16:45:00,16,Friday,0,Downtown,50,Clear,34.4,75.8,0,949,20.72
2026-08-14 17:00:00,17,Friday,0,Highway,100,Foggy,30.1,44.1,0,2387,63.46
2026-08-14 17:15:00,17,Friday,0,Downtown,50,Clear,23.8,53.0,0,1623,62.26
2026-08-14 17:30:00,17,Friday,0,Downtown,50,Clear,24.5,68.1,0,1441,51.44
2026-08-14 17:45:00,17,Friday,0,Highway,100,Clear,19.9,49.7,0,2415,51.61
2026-08-14 18:00:00,18,Friday,0,Highway,100,Clear,22.0,79.8,0,2429,53.47
2026-08-14 18:15:00,18,Friday,0,Highway,100,Clear,24.2,49.6,0,2400,50.18
2026-08-14 18:30:00,18,Friday,0,Downtown,50,Clear,20.7,53.1,0,1370,56.28
2026-08-14 18:45:00,18,Friday,0,Arterial,70,Clear,24.6,79.0,0,1658,52.97
2026-08-14 19:00:00,19,Friday,0,Residential,30,Clear,33.0,74.5,0,630,47.77
2026-08-14 19:15:00,19,Friday,0,Arterial,70,Rainy,28.8,62.4,0,1692,68.57
2026-08-14 19:30:00,19,Friday,0,Highway,100,Clear,23.1,76.6,0,2645,56.56
2026-08-14 19:45:00,19,Friday,0,Highway,100,Foggy,21.6,42.3,0,2557,73.05
2026-08-14 20:00:00,20,Friday,0,Arterial,70,Rainy,20.7,52.5,0,761,30.91
2026-08-14 20:15:00,20,Friday,0,Arterial,70,Heavy Rain,25.4,89.3,0,758,37.32
2026-08-14 20:30:00,20,Friday,0,Downtown,50,Clear,31.6,73.1,0,617,17.02
2026-08-14 20:45:00,20,Friday,0,Highway,100,Clear,15.1,81.6,0,1484,21.18
2026-08-14 21:00:00,21,Friday,0,Downtown,50,Clear,31.8,62.0,0,625,15.99
2026-08-14 21:15:00,21,Friday,0,Arterial,70,Rainy,31.6,41.2,0,770,26.29
2026-08-14 21:30:00,21,Friday,0,Highway,100,Clear,19.3,59.8,0,1317,12.13
2026-08-14 21:45:00,21,Friday,0,Arterial,70,Rainy,22.9,51.2,0,888,32.12
2026-08-14 22:00:00,22,Friday,0,Highway,100,Clear,18.7,49.8,0,1159,10.95
2026-08-14 22:15:00,22,Friday,0,Downtown,50,Rainy,17.1,88.9,0,727,27.29
2026-08-14 22:30:00,22,Friday,0,Highway,100,Clear,23.4,75.4,0,1093,13.56
2026-08-14 22:45:00,22,Friday,0,Arterial,70,Clear,23.7,63.3,0,810,14.1
2026-08-14 23:00:00,23,Friday,0,Highway,100,Clear,15.5,57.5,0,332,0.0
2026-08-14 23:15:00,23,Friday,0,Residential,30,Clear,32.0,81.3,0,80,3.43
2026-08-14 23:30:00,23,Friday,0,Highway,100,Clear,25.6,54.9,0,243,6.89
2026-08-14 23:45:00,23,Friday,0,Downtown,50,Rainy,23.6,49.7,0,230,20.82
2026-08-15 00:00:00,0,Saturday,1,Downtown,50,Clear,31.8,53.2,0,209,5.28
2026-08-15 00:15:00,0,Saturday,1,Arterial,70,Clear,24.8,79.6,0,382,7.52
2026-08-15 00:30:00,0,Saturday,1,Arterial,70,Foggy,23.8,40.1,0,234,25.6
2026-08-15 00:45:00,0,Saturday,1,Arterial,70,Rainy,32.7,88.7,0,384,20.34
2026-08-15 01:00:00,1,Saturday,1,Arterial,70,Clear,26.4,57.8,0,259,2.96
2026-08-15 01:15:00,1,Saturday,1,Arterial,70,Foggy,19.5,55.5,1,50,56.14
2026-08-15 01:30:00,1,Saturday,1,Residential,30,Rainy,26.5,84.5,0,247,21.97
2026-08-15 01:45:00,1,Saturday,1,Arterial,70,Foggy,18.1,56.8,0,121,22.11
2026-08-15 02:00:00,2,Saturday,1,Highway,100,Heavy Rain,33.0,55.0,0,491,34.1
2026-08-15 02:15:00,2,Saturday,1,Arterial,70,Rainy,33.2,68.3,0,382,19.22
2026-08-15 02:30:00,2,Saturday,1,Arterial,70,Foggy,32.9,58.7,0,153,21.88
2026-08-15 02:45:00,2,Saturday,1,Arterial,70,Clear,32.0,87.1,0,379,11.44
2026-08-15 03:00:00,3,Saturday,1,Downtown,50,Rainy,19.3,54.6,0,205,19.13
2026-08-15 03:15:00,3,Saturday,1,Residential,30,Clear,26.1,79.5,0,50,0.0
2026-08-15 03:30:00,3,Saturday,1,Highway,100,Rainy,30.9,44.1,0,579,12.73
2026-08-15 03:45:00,3,Saturday,1,Arterial,70,Heavy Rain,30.3,45.7,0,82,26.26
2026-08-15 04:00:00,4,Saturday,1,Downtown,50,Clear,24.8,66.7,0,330,5.44
2026-08-15 04:15:00,4,Saturday,1,Residential,30,Clear,27.1,71.7,0,186,9.57
2026-08-15 04:30:00,4,Saturday,1,Highway,100,Clear,30.6,82.3,0,210,3.65
2026-08-15 04:45:00,4,Saturday,1,Residential,30,Rainy,19.4,71.2,0,158,18.29
2026-08-15 05:00:00,5,Saturday,1,Highway,100,Clear,26.7,81.2,0,295,5.69
2026-08-15 05:15:00,5,Saturday,1,Downtown,50,Clear,16.0,49.2,0,193,7.42
2026-08-15 05:30:00,5,Saturday,1,Residential,30,Clear,15.1,87.4,0,54,1.21
2026-08-15 05:45:00,5,Saturday,1,Downtown,50,Clear,26.9,82.8,0,189,2.13
2026-08-15 06:00:00,6,Saturday,1,Highway,100,Clear,19.4,40.1,0,1364,15.63
2026-08-15 06:15:00,6,Saturday,1,Downtown,50,Rainy,31.9,89.0,0,791,32.6
2026-08-15 06:30:00,6,Saturday,1,Highway,100,Clear,18.5,85.7,0,1289,23.52
2026-08-15 06:45:00,6,Saturday,1,Highway,100,Rainy,15.2,63.1,0,1442,34.21
2026-08-15 07:00:00,7,Saturday,1,Highway,100,Clear,28.5,42.5,0,1257,9.22
2026-08-15 07:15:00,7,Saturday,1,Arterial,70,Clear,25.9,46.4,0,821,19.32
2026-08-15 07:30:00,7,Saturday,1,Arterial,70,Clear,18.5,52.0,0,793,8.41
2026-08-15 07:45:00,7,Saturday,1,Highway,100,Clear,22.7,58.9,0,1266,17.74
2026-08-15 08:00:00,8,Saturday,1,Downtown,50,Foggy,20.0,55.8,0,557,31.33
2026-08-15 08:15:00,8,Saturday,1,Residential,30,Clear,33.4,50.3,0,213,14.72
2026-08-15 08:30:00,8,Saturday,1,Residential,30,Clear,19.0,88.8,0,282,9.21
2026-08-15 08:45:00,8,Saturday,1,Downtown,50,Clear,27.7,73.1,0,833,16.46
2026-08-15 09:00:00,9,Saturday,1,Downtown,50,Clear,21.3,86.6,0,635,15.07
2026-08-15 09:15:00,9,Saturday,1,Downtown,50,Clear,28.2,76.6,0,739,20.52
2026-08-15 09:30:00,9,Saturday,1,Downtown,50,Clear,29.3,70.7,0,828,22.91
2026-08-15 09:45:00,9,Saturday,1,Arterial,70,Clear,20.9,89.6,0,797,11.53
2026-08-15 10:00:00,10,Saturday,1,Highway,100,Heavy Rain,22.6,75.4,0,1245,42.31
2026-08-15 10:15:00,10,Saturday,1,Arterial,70,Heavy Rain,31.2,82.8,0,862,38.15
2026-08-15 10:30:00,10,Saturday,1,Downtown,50,Rainy,31.4,83.7,0,756,32.99
2026-08-15 10:45:00,10,Saturday,1,Arterial,70,Clear,32.6,67.3,0,932,17.31
2026-08-15 11:00:00,11,Saturday,1,Downtown,50,Clear,29.3,52.8,0,398,5.08
2026-08-15 11:15:00,11,Saturday,1,Highway,100,Rainy,31.9,66.5,0,1195,26.01
2026-08-15 11:30:00,11,Saturday,1,Highway,100,Foggy,24.6,45.6,0,1261,35.88
2026-08-15 11:45:00,11,Saturday,1,Arterial,70,Clear,17.2,88.5,0,802,15.62
2026-08-15 12:00:00,12,Saturday,1,Arterial,70,Foggy,30.4,56.7,0,734,36.26
2026-08-15 12:15:00,12,Saturday,1,Arterial,70,Clear,30.7,61.7,0,740,10.23
2026-08-15 12:30:00,12,Saturday,1,Highway,100,Clear,27.0,42.7,0,1218,13.9
2026-08-15 12:45:00,12,Saturday,1,Arterial,70,Rainy,19.4,73.5,0,974,32.25
2026-08-15 13:00:00,13,Saturday,1,Downtown,50,Clear,21.6,80.3,0,715,16.03
2026-08-15 13:15:00,13,Saturday,1,Downtown,50,Rainy,15.5,57.0,0,546,25.49
2026-08-15 13:30:00,13,Saturday,1,Arterial,70,Rainy,21.9,74.6,0,706,25.09
2026-08-15 13:45:00,13,Saturday,1,Downtown,50,Clear,31.6,67.7,0,423,11.39
2026-08-15 14:00:00,14,Saturday,1,Residential,30,Rainy,30.2,50.2,0,359,27.53
2026-08-15 14:15:00,14,Saturday,1,Arterial,70,Clear,27.7,81.4,0,926,17.5
2026-08-15 14:30:00,14,Saturday,1,Arterial,70,Foggy,19.8,70.8,1,1216,73.95
2026-08-15 14:45:00,14,Saturday,1,Downtown,50,Rainy,24.5,82.9,0,687,27.73
2026-08-15 15:00:00,15,Saturday,1,Highway,100,Foggy,21.3,56.7,0,1167,33.25
2026-08-15 15:15:00,15,Saturday,1,Downtown,50,Clear,32.1,66.8,0,539,12.21
2026-08-15 15:30:00,15,Saturday,1,Highway,100,Clear,33.2,66.1,0,1555,20.09
2026-08-15 15:45:00,15,Saturday,1,Downtown,50,Clear,23.9,83.2,0,827,11.01
2026-08-15 16:00:00,16,Saturday,1,Arterial,70,Clear,17.7,88.4,0,663,12.3
2026-08-15 16:15:00,16,Saturday,1,Highway,100,Rainy,34.7,77.5,0,1182,26.9
2026-08-15 16:30:00,16,Saturday,1,Arterial,70,Clear,30.9,42.8,0,811,14.02
2026-08-15 16:45:00,16,Saturday,1,Downtown,50,Clear,34.0,59.5,0,705,14.97
2026-08-15 17:00:00,17,Saturday,1,Downtown,50,Rainy,33.2,51.5,0,743,29.94
2026-08-15 17:15:00,17,Saturday,1,Arterial,70,Clear,26.0,69.9,0,978,21.54
2026-08-15 17:30:00,17,Saturday,1,Highway,100,Clear,23.4,77.4,0,1517,18.15
2026-08-15 17:45:00,17,Saturday,1,Highway,100,Clear,19.8,41.5,0,1280,18.19
2026-08-15 18:00:00,18,Saturday,1,Highway,100,Clear,29.5,74.8,0,1344,16.08
2026-08-15 18:15:00,18,Saturday,1,Highway,100,Rainy,18.4,64.1,0,1040,24.41
2026-08-15 18:30:00,18,Saturday,1,Highway,100,Rainy,20.5,70.5,0,1220,28.4
2026-08-15 18:45:00,18,Saturday,1,Downtown,50,Clear,20.6,59.6,0,867,20.21
2026-08-15 19:00:00,19,Saturday,1,Residential,30,Rainy,24.7,87.9,0,488,33.97
2026-08-15 19:15:00,19,Saturday,1,Highway,100,Clear,30.7,83.5,0,1208,19.72
2026-08-15 19:30:00,19,Saturday,1,Downtown,50,Clear,34.5,84.1,0,778,17.51
2026-08-15 19:45:00,19,Saturday,1,Residential,30,Clear,16.3,56.6,0,530,21.16
2026-08-15 20:00:00,20,Saturday,1,Highway,100,Clear,19.2,48.0,0,1330,17.11
2026-08-15 20:15:00,20,Saturday,1,Highway,100,Clear,28.7,64.8,0,1379,11.11
2026-08-15 20:30:00,20,Saturday,1,Highway,100,Clear,31.1,49.4,0,1274,17.58
2026-08-15 20:45:00,20,Saturday,1,Arterial,70,Clear,25.4,76.7,0,979,20.34
2026-08-15 21:00:00,21,Saturday,1,Highway,100,Clear,29.7,53.1,0,1065,21.56
2026-08-15 21:15:00,21,Saturday,1,Downtown,50,Rainy,29.1,74.5,0,825,28.99
2026-08-15 21:30:00,21,Saturday,1,Residential,30,Clear,26.1,73.6,0,229,11.0
2026-08-15 21:45:00,21,Saturday,1,Arterial,70,Clear,32.5,65.4,0,925,15.63
2026-08-15 22:00:00,22,Saturday,1,Residential,30,Rainy,24.9,81.8,0,331,24.11
2026-08-15 22:15:00,22,Saturday,1,Highway,100,Clear,26.7,60.2,0,1289,9.57
2026-08-15 22:30:00,22,Saturday,1,Highway,100,Clear,34.2,77.5,0,1014,8.07
2026-08-15 22:45:00,22,Saturday,1,Highway,100,Foggy,22.6,64.7,0,1248,32.38
2026-08-15 23:00:00,23,Saturday,1,Downtown,50,Clear,23.9,68.2,1,68,39.29
2026-08-15 23:15:00,23,Saturday,1,Highway,100,Rainy,23.6,58.5,0,361,15.6
2026-08-15 23:30:00,23,Saturday,1,Downtown,50,Rainy,22.4,66.8,0,486,25.81
2026-08-15 23:45:00,23,Saturday,1,Residential,30,Clear,31.5,75.9,0,50,0.0
2026-08-16 00:00:00,0,Sunday,1,Downtown,50,Heavy Rain,23.1,85.9,0,160,32.93
2026-08-16 00:15:00,0,Sunday,1,Downtown,50,Rainy,31.6,79.2,0,50,13.76
2026-08-16 00:30:00,0,Sunday,1,Arterial,70,Clear,20.7,74.7,0,317,3.02
2026-08-16 00:45:00,0,Sunday,1,Highway,100,Clear,29.9,58.1,0,416,1.51
2026-08-16 01:00:00,1,Sunday,1,Highway,100,Clear,22.7,79.5,0,164,0.19
2026-08-16 01:15:00,1,Sunday,1,Highway,100,Heavy Rain,18.9,62.9,1,451,67.97
2026-08-16 01:30:00,1,Sunday,1,Residential,30,Clear,19.4,61.4,1,50,39.63
2026-08-16 01:45:00,1,Sunday,1,Downtown,50,Clear,26.0,57.9,0,240,0.0
2026-08-16 02:00:00,2,Sunday,1,Downtown,50,Rainy,34.5,78.1,0,89,13.24
2026-08-16 02:15:00,2,Sunday,1,Highway,100,Clear,28.4,72.5,1,541,37.65
2026-08-16 02:30:00,2,Sunday,1,Residential,30,Clear,24.6,86.1,0,50,2.79
2026-08-16 02:45:00,2,Sunday,1,Downtown,50,Rainy,17.3,67.4,0,143,17.44
2026-08-16 03:00:00,3,Sunday,1,Arterial,70,Clear,25.3,87.8,1,211,37.53
2026-08-16 03:15:00,3,Sunday,1,Highway,100,Clear,28.2,63.6,0,300,2.41
2026-08-16 03:30:00,3,Sunday,1,Arterial,70,Rainy,21.3,46.5,0,187,17.63
2026-08-16 03:45:00,3,Sunday,1,Arterial,70,Clear,19.6,78.4,0,308,6.24
2026-08-16 04:00:00,4,Sunday,1,Downtown,50,Clear,22.3,49.5,0,168,2.6
2026-08-16 04:15:00,4,Sunday,1,Downtown,50,Foggy,34.9,76.6,0,120,19.52
2026-08-16 04:30:00,4,Sunday,1,Highway,100,Clear,33.1,74.2,0,50,3.85
2026-08-16 04:45:00,4,Sunday,1,Residential,30,Rainy,24.2,56.6,0,50,15.47
2026-08-16 05:00:00,5,Sunday,1,Arterial,70,Clear,29.9,44.2,0,191,9.06
2026-08-16 05:15:00,5,Sunday,1,Highway,100,Heavy Rain,30.8,68.9,0,507,37.44
2026-08-16 05:30:00,5,Sunday,1,Downtown,50,Clear,25.8,54.1,0,50,0.0
2026-08-16 05:45:00,5,Sunday,1,Downtown,50,Clear,26.0,47.8,0,160,8.28
2026-08-16 06:00:00,6,Sunday,1,Arterial,70,Rainy,22.8,57.7,0,1040,33.69
2026-08-16 06:15:00,6,Sunday,1,Arterial,70,Clear,20.2,48.0,0,698,12.46
2026-08-16 06:30:00,6,Sunday,1,Downtown,50,Heavy Rain,16.5,84.6,0,692,43.93
2026-08-16 06:45:00,6,Sunday,1,Residential,30,Heavy Rain,33.1,79.3,0,360,44.19
2026-08-16 07:00:00,7,Sunday,1,Highway,100,Clear,16.0,71.4,0,1555,20.04
2026-08-16 07:15:00,7,Sunday,1,Arterial,70,Clear,32.4,67.5,0,864,14.79
2026-08-16 07:30:00,7,Sunday,1,Arterial,70,Clear,32.5,49.2,0,894,18.09
2026-08-16 07:45:00,7,Sunday,1,Downtown,50,Foggy,17.8,87.0,0,660,32.42
2026-08-16 08:00:00,8,Sunday,1,Residential,30,Clear,21.3,48.4,0,289,13.52
2026-08-16 08:15:00,8,Sunday,1,Arterial,70,Rainy,27.0,81.3,0,864,27.21
2026-08-16 08:30:00,8,Sunday,1,Downtown,50,Clear,31.4,62.9,0,520,11.41
2026-08-16 08:45:00,8,Sunday,1,Arterial,70,Clear,18.7,84.1,0,1058,24.87
2026-08-16 09:00:00,9,Sunday,1,Downtown,50,Clear,19.4,61.1,0,653,16.74
2026-08-16 09:15:00,9,Sunday,1,Highway,100,Clear,26.9,53.9,0,1327,19.72
2026-08-16 09:30:00,9,Sunday,1,Highway,100,Clear,24.8,79.6,0,1426,20.52
2026-08-16 09:45:00,9,Sunday,1,Highway,100,Rainy,27.1,51.1,1,1434,65.3
2026-08-16 10:00:00,10,Sunday,1,Arterial,70,Foggy,17.8,67.3,0,764,29.84
2026-08-16 10:15:00,10,Sunday,1,Arterial,70,Rainy,24.3,68.1,0,815,25.81
2026-08-16 10:30:00,10,Sunday,1,Downtown,50,Clear,22.8,59.7,0,714,23.72
2026-08-16 10:45:00,10,Sunday,1,Downtown,50,Rainy,25.5,76.8,0,447,18.67
2026-08-16 11:00:00,11,Sunday,1,Downtown,50,Clear,23.7,74.9,0,432,14.46
2026-08-16 11:15:00,11,Sunday,1,Downtown,50,Clear,32.5,76.6,0,643,14.99
2026-08-16 11:30:00,11,Sunday,1,Arterial,70,Clear,32.1,49.0,0,1061,20.88
2026-08-16 11:45:00,11,Sunday,1,Downtown,50,Clear,33.0,71.4,0,818,18.81
2026-08-16 12:00:00,12,Sunday,1,Highway,100,Clear,31.8,41.9,0,1102,12.63
2026-08-16 12:15:00,12,Sunday,1,Downtown,50,Rainy,24.3,47.3,0,742,30.84
2026-08-16 12:30:00,12,Sunday,1,Highway,100,Clear,18.6,71.5,0,1253,15.48
2026-08-16 12:45:00,12,Sunday,1,Residential,30,Rainy,27.9,44.3,0,289,34.81
2026-08-16 13:00:00,13,Sunday,1,Residential,30,Clear,26.1,79.6,0,363,16.4
2026-08-16 13:15:00,13,Sunday,1,Highway,100,Clear,29.9,59.5,0,1273,16.48
2026-08-16 13:30:00,13,Sunday,1,Arterial,70,Clear,23.8,57.3,0,926,16.37
2026-08-16 13:45:00,13,Sunday,1,Arterial,70,Rainy,31.5,55.1,0,775,33.88
2026-08-16 14:00:00,14,Sunday,1,Arterial,70,Clear,21.2,67.4,0,862,17.99
2026-08-16 14:15:00,14,Sunday,1,Arterial,70,Clear,27.6,40.9,0,865,14.65
2026-08-16 14:30:00,14,Sunday,1,Arterial,70,Rainy,17.8,45.9,0,658,22.84
2026-08-16 14:45:00,14,Sunday,1,Highway,100,Clear,29.1,69.2,1,1032,45.85
2026-08-16 15:00:00,15,Sunday,1,Downtown,50,Clear,27.4,87.3,0,885,20.08
2026-08-16 15:15:00,15,Sunday,1,Downtown,50,Clear,16.3,89.0,0,655,17.33
2026-08-16 15:30:00,15,Sunday,1,Arterial,70,Rainy,21.7,52.6,1,1022,67.5
2026-08-16 15:45:00,15,Sunday,1,Downtown,50,Rainy,33.1,65.0,0,770,30.46
2026-08-16 16:00:00,16,Sunday,1,Highway,100,Clear,18.2,47.2,0,1239,10.36
2026-08-16 16:15:00,16,Sunday,1,Downtown,50,Clear,21.3,48.0,0,750,15.51
2026-08-16 16:30:00,16,Sunday,1,Downtown,50,Foggy,19.4,60.7,0,795,32.27
2026-08-16 16:45:00,16,Sunday,1,Highway,100,Clear,27.9,46.5,0,1362,18.48
2026-08-16 17:00:00,17,Sunday,1,Highway,100,Clear,18.1,64.8,0,1243,19.54
2026-08-16 17:15:00,17,Sunday,1,Residential,30,Clear,27.9,80.2,0,235,8.87
2026-08-16 17:30:00,17,Sunday,1,Highway,100,Rainy,25.4,69.9,0,1070,22.79
2026-08-16 17:45:00,17,Sunday,1,Residential,30,Rainy,23.6,71.5,0,258,24.5
2026-08-16 18:00:00,18,Sunday,1,Downtown,50,Clear,21.0,58.5,0,708,16.01
2026-08-16 18:15:00,18,Sunday,1,Arterial,70,Clear,27.6,64.2,0,882,13.8
2026-08-16 18:30:00,18,Sunday,1,Downtown,50,Foggy,15.1,43.3,0,750,35.41
2026-08-16 18:45:00,18,Sunday,1,Arterial,70,Clear,21.9,47.1,0,840,14.88
2026-08-16 19:00:00,19,Sunday,1,Downtown,50,Clear,16.9,88.7,0,864,20.02
2026-08-16 19:15:00,19,Sunday,1,Highway,100,Rainy,26.1,56.6,0,1432,34.63
2026-08-16 19:30:00,19,Sunday,1,Arterial,70,Clear,21.1,44.4,0,816,15.16
2026-08-16 19:45:00,19,Sunday,1,Highway,100,Clear,28.5,49.2,0,1412,17.92
2026-08-16 20:00:00,20,Sunday,1,Downtown,50,Foggy,27.6,41.3,0,671,38.94
2026-08-16 20:15:00,20,Sunday,1,Arterial,70,Rainy,20.7,85.4,0,843,27.99
2026-08-16 20:30:00,20,Sunday,1,Downtown,50,Clear,32.2,68.0,0,492,8.12
2026-08-16 20:45:00,20,Sunday,1,Downtown,50,Clear,28.2,57.3,0,562,11.0
2026-08-16 21:00:00,21,Sunday,1,Downtown,50,Rainy,32.2,55.5,0,839,35.47
2026-08-16 21:15:00,21,Sunday,1,Downtown,50,Rainy,16.9,48.4,0,386,18.27
2026-08-16 21:30:00,21,Sunday,1,Arterial,70,Clear,26.8,56.2,0,916,15.13
2026-08-16 21:45:00,21,Sunday,1,Downtown,50,Clear,22.4,40.7,0,750,19.46
2026-08-16 22:00:00,22,Sunday,1,Arterial,70,Heavy Rain,26.5,73.5,0,832,39.16
2026-08-16 22:15:00,22,Sunday,1,Highway,100,Clear,15.6,59.1,0,1206,14.56
2026-08-16 22:30:00,22,Sunday,1,Downtown,50,Clear,31.3,81.8,0,896,18.61
2026-08-16 22:45:00,22,Sunday,1,Arterial,70,Foggy,26.4,71.5,0,866,31.44
2026-08-16 23:00:00,23,Sunday,1,Highway,100,Clear,19.3,68.4,0,403,3.6
2026-08-16 23:15:00,23,Sunday,1,Highway,100,Clear,33.3,40.5,0,275,0.73
2026-08-16 23:30:00,23,Sunday,1,Arterial,70,Clear,24.4,60.0,0,191,5.82
2026-08-16 23:45:00,23,Sunday,1,Arterial,70,Clear,15.8,81.1,0,354,4.95
2026-08-17 00:00:00,0,Monday,0,Downtown,50,Clear,18.1,59.3,0,79,1.42
2026-08-17 00:15:00,0,Monday,0,Highway,100,Clear,18.0,77.3,0,394,7.75
2026-08-17 00:30:00,0,Monday,0,Arterial,70,Clear,20.9,47.1,1,220,39.23
2026-08-17 00:45:00,0,Monday,0,Arterial,70,Clear,20.2,42.8,0,354,8.34
2026-08-17 01:00:00,1,Monday,0,Arterial,70,Clear,15.8,44.5,0,290,5.27
2026-08-17 01:15:00,1,Monday,0,Downtown,50,Clear,20.7,87.4,0,50,0.0
2026-08-17 01:30:00,1,Monday,0,Arterial,70,Clear,28.4,51.7,0,84,0.0
2026-08-17 01:45:00,1,Monday,0,Downtown,50,Heavy Rain,32.4,44.3,0,269,39.51
2026-08-17 02:00:00,2,Monday,0,Downtown,50,Heavy Rain,21.8,78.5,0,240,34.79
2026-08-17 02:15:00,2,Monday,0,Arterial,70,Rainy,28.3,67.6,0,231,12.74
2026-08-17 02:30:00,2,Monday,0,Highway,100,Clear,27.6,41.7,0,243,0.25
2026-08-17 02:45:00,2,Monday,0,Residential,30,Rainy,28.4,47.3,0,213,23.13
2026-08-17 03:00:00,3,Monday,0,Downtown,50,Clear,29.3,69.9,0,50,0.0
2026-08-17 03:15:00,3,Monday,0,Downtown,50,Clear,27.2,82.3,0,279,2.47
2026-08-17 03:30:00,3,Monday,0,Highway,100,Clear,34.4,89.8,0,201,3.03
2026-08-17 03:45:00,3,Monday,0,Arterial,70,Clear,34.4,81.3,0,50,0.0
2026-08-17 04:00:00,4,Monday,0,Residential,30,Clear,16.0,50.7,0,272,12.61
2026-08-17 04:15:00,4,Monday,0,Highway,100,Clear,18.5,56.4,0,173,0.0
2026-08-17 04:30:00,4,Monday,0,Downtown,50,Rainy,18.7,60.8,0,442,20.42
2026-08-17 04:45:00,4,Monday,0,Arterial,70,Clear,18.3,60.1,0,253,7.63
2026-08-17 05:00:00,5,Monday,0,Downtown,50,Rainy,25.6,78.5,0,119,13.99
2026-08-17 05:15:00,5,Monday,0,Residential,30,Clear,29.2,77.8,0,141,6.35
2026-08-17 05:30:00,5,Monday,0,Downtown,50,Rainy,23.8,85.2,0,159,16.22
2026-08-17 05:45:00,5,Monday,0,Downtown,50,Clear,28.4,68.4,0,50,5.77
2026-08-17 06:00:00,6,Monday,0,Downtown,50,Clear,24.6,76.0,0,591,14.96
2026-08-17 06:15:00,6,Monday,0,Downtown,50,Rainy,29.5,46.0,1,680,64.09
2026-08-17 06:30:00,6,Monday,0,Arterial,70,Foggy,24.9,70.0,0,953,41.65
2026-08-17 06:45:00,6,Monday,0,Arterial,70,Clear,32.4,83.2,0,1005,17.79
2026-08-17 07:00:00,7,Monday,0,Arterial,70,Rainy,26.3,55.0,0,814,23.15
2026-08-17 07:15:00,7,Monday,0,Arterial,70,Clear,34.5,65.9,0,751,15.15
2026-08-17 07:30:00,7,Monday,0,Downtown,50,Clear,30.2,43.7,0,625,18.09
2026-08-17 07:45:00,7,Monday,0,Residential,30,Clear,15.0,74.9,0,293,12.07
2026-08-17 08:00:00,8,Monday,0,Arterial,70,Rainy,19.7,74.9,0,1836,70.5
2026-08-17 08:15:00,8,Monday,0,Highway,100,Clear,22.3,75.5,0,2535,55.36
2026-08-17 08:30:00,8,Monday,0,Arterial,70,Rainy,18.1,80.7,0,1649,64.45
2026-08-17 08:45:00,8,Monday,0,Residential,30,Clear,18.5,53.4,0,789,59.9
2026-08-17 09:00:00,9,Monday,0,Residential,30,Clear,32.8,55.9,0,590,49.81
2026-08-17 09:15:00,9,Monday,0,Highway,100,Rainy,31.1,82.4,0,2753,69.86
2026-08-17 09:30:00,9,Monday,0,Downtown,50,Clear,29.8,57.1,0,1418,51.97
2026-08-17 09:45:00,9,Monday,0,Highway,100,Foggy,27.4,89.5,0,2534,72.13
2026-08-17 10:00:00,10,Monday,0,Highway,100,Clear,27.7,58.3,0,2442,52.77
2026-08-17 10:15:00,10,Monday,0,Highway,100,Clear,24.7,64.9,0,2527,55.94
2026-08-17 10:30:00,10,Monday,0,Highway,100,Rainy,16.4,76.1,0,2637,65.45
2026-08-17 10:45:00,10,Monday,0,Highway,100,Foggy,16.0,79.4,0,2588,70.02
2026-08-17 11:00:00,11,Monday,0,Residential,30,Rainy,21.3,57.7,0,375,31.55
2026-08-17 11:15:00,11,Monday,0,Arterial,70,Rainy,28.4,55.2,0,823,23.73
2026-08-17 11:30:00,11,Monday,0,Highway,100,Rainy,18.4,83.2,0,1294,29.01
2026-08-17 11:45:00,11,Monday,0,Highway,100,Heavy Rain,21.0,50.6,0,1279,38.92
2026-08-17 12:00:00,12,Monday,0,Downtown,50,Rainy,20.0,75.9,0,756,29.87
2026-08-17 12:15:00,12,Monday,0,Highway,100,Clear,26.1,42.3,0,1249,11.63
2026-08-17 12:30:00,12,Monday,0,Highway,100,Clear,25.4,76.5,0,993,12.71
2026-08-17 12:45:00,12,Monday,0,Highway,100,Clear,33.9,78.2,0,1296,17.88
2026-08-17 13:00:00,13,Monday,0,Highway,100,Rainy,20.8,64.6,0,1272,27.56
2026-08-17 13:15:00,13,Monday,0,Downtown,50,Clear,19.8,61.5,0,713,18.56
2026-08-17 13:30:00,13,Monday,0,Highway,100,Clear,17.2,53.0,0,1248,15.17
2026-08-17 13:45:00,13,Monday,0,Arterial,70,Foggy,20.0,78.9,0,940,37.03
2026-08-17 14:00:00,14,Monday,0,Highway,100,Clear,29.9,84.2,0,1187,14.3
2026-08-17 14:15:00,14,Monday,0,Downtown,50,Foggy,24.7,41.0,0,713,34.29
2026-08-17 14:30:00,14,Monday,0,Downtown,50,Rainy,23.4,89.3,0,844,28.8
2026-08-17 14:45:00,14,Monday,0,Arterial,70,Rainy,34.4,52.3,0,908,29.54
2026-08-17 15:00:00,15,Monday,0,Highway,100,Rainy,15.7,52.3,0,1318,28.43
2026-08-17 15:15:00,15,Monday,0,Highway,100,Clear,19.1,61.2,0,1267,17.5
2026-08-17 15:30:00,15,Monday,0,Downtown,50,Rainy,28.2,85.2,0,491,23.7
2026-08-17 15:45:00,15,Monday,0,Downtown,50,Clear,24.6,80.8,0,481,9.41
2026-08-17 16:00:00,16,Monday,0,Residential,30,Foggy,15.9,58.1,0,386,31.78
2026-08-17 16:15:00,16,Monday,0,Arterial,70,Rainy,18.2,69.8,0,758,24.86
2026-08-17 16:30:00,16,Monday,0,Highway,100,Foggy,33.3,77.8,0,1168,30.01
2026-08-17 16:45:00,16,Monday,0,Arterial,70,Rainy,20.1,88.7,0,647,26.21
2026-08-17 17:00:00,17,Monday,0,Downtown,50,Heavy Rain,15.6,54.5,0,1328,82.67
2026-08-17 17:15:00,17,Monday,0,Residential,30,Clear,19.8,75.5,0,917,62.92
2026-08-17 17:30:00,17,Monday,0,Highway,100,Foggy,16.9,51.1,0,2484,68.04
2026-08-17 17:45:00,17,Monday,0,Arterial,70,Clear,15.8,51.0,0,1612,55.62
2026-08-17 18:00:00,18,Monday,0,Arterial,70,Clear,31.4,87.8,0,1605,55.97
2026-08-17 18:15:00,18,Monday,0,Highway,100,Clear,23.2,77.9,0,2509,55.6
2026-08-17 18:30:00,18,Monday,0,Arterial,70,Clear,20.9,71.9,0,1806,58.29
2026-08-17 18:45:00,18,Monday,0,Residential,30,Clear,16.4,79.5,0,651,49.1
2026-08-17 19:00:00,19,Monday,0,Residential,30,Clear,31.1,82.7,0,729,53.43
2026-08-17 19:15:00,19,Monday,0,Residential,30,Clear,15.6,83.7,0,737,55.79
2026-08-17 19:30:00,19,Monday,0,Downtown,50,Clear,23.7,47.2,0,1202,48.19
2026-08-17 19:45:00,19,Monday,0,Residential,30,Clear,26.7,78.6,0,567,53.07
2026-08-17 20:00:00,20,Monday,0,Residential,30,Clear,30.0,86.3,0,167,11.79
2026-08-17 20:15:00,20,Monday,0,Residential,30,Clear,23.6,77.8,0,308,17.98
2026-08-17 20:30:00,20,Monday,0,Highway,100,Clear,27.8,69.1,0,1243,18.64
2026-08-17 20:45:00,20,Monday,0,Highway,100,Foggy,16.4,69.5,0,1261,37.72
2026-08-17 21:00:00,21,Monday,0,Arterial,70,Foggy,34.3,67.5,0,883,35.81
2026-08-17 21:15:00,21,Monday,0,Arterial,70,Clear,18.1,71.8,0,771,11.6
2026-08-17 21:30:00,21,Monday,0,Arterial,70,Rainy,29.6,55.8,0,816,33.22
2026-08-17 21:45:00,21,Monday,0,Arterial,70,Clear,26.2,70.7,0,668,18.77
2026-08-17 22:00:00,22,Monday,0,Highway,100,Clear,25.2,78.7,0,1301,17.04
2026-08-17 22:15:00,22,Monday,0,Arterial,70,Clear,15.9,65.2,0,955,15.21
2026-08-17 22:30:00,22,Monday,0,Arterial,70,Heavy Rain,19.2,42.9,1,922,76.54
2026-08-17 22:45:00,22,Monday,0,Arterial,70,Clear,26.9,75.4,0,830,19.48
2026-08-17 23:00:00,23,Monday,0,Arterial,70,Clear,34.8,80.1,0,201,8.13
2026-08-17 23:15:00,23,Monday,0,Residential,30,Clear,22.1,61.5,0,50,0.0
2026-08-17 23:30:00,23,Monday,0,Downtown,50,Clear,19.0,77.7,0,224,10.34
2026-08-17 23:45:00,23,Monday,0,Highway,100,Rainy,17.5,59.3,0,363,22.18
2026-08-18 00:00:00,0,Tuesday,0,Residential,30,Clear,31.4,65.5,0,241,12.71
2026-08-18 00:15:00,0,Tuesday,0,Arterial,70,Clear,33.3,55.6,1,330,44.45
2026-08-18 00:30:00,0,Tuesday,0,Highway,100,Clear,25.0,58.8,0,281,2.94
2026-08-18 00:45:00,0,Tuesday,0,Highway,100,Clear,30.0,73.6,0,512,4.86
2026-08-18 01:00:00,1,Tuesday,0,Arterial,70,Clear,25.9,79.0,0,323,1.26
2026-08-18 01:15:00,1,Tuesday,0,Downtown,50,Rainy,20.6,72.5,0,299,23.17
2026-08-18 01:30:00,1,Tuesday,0,Highway,100,Foggy,32.5,65.8,1,349,51.69
2026-08-18 01:45:00,1,Tuesday,0,Residential,30,Clear,24.4,44.0,0,127,2.23
2026-08-18 02:00:00,2,Tuesday,0,Arterial,70,Clear,25.2,73.5,0,231,8.12
2026-08-18 02:15:00,2,Tuesday,0,Arterial,70,Rainy,15.3,71.7,0,50,11.68
2026-08-18 02:30:00,2,Tuesday,0,Highway,100,Clear,21.2,88.0,0,448,6.45
2026-08-18 02:45:00,2,Tuesday,0,Downtown,50,Clear,27.1,51.0,0,122,3.14
2026-08-18 03:00:00,3,Tuesday,0,Residential,30,Foggy,32.1,78.7,0,50,19.41
2026-08-18 03:15:00,3,Tuesday,0,Highway,100,Clear,22.2,68.3,0,432,2.86
2026-08-18 03:30:00,3,Tuesday,0,Highway,100,Clear,23.7,47.5,1,271,44.02
2026-08-18 03:45:00,3,Tuesday,0,Highway,100,Clear,28.0,88.4,0,243,4.9
2026-08-18 04:00:00,4,Tuesday,0,Downtown,50,Clear,19.0,65.5,0,230,5.61
2026-08-18 04:15:00,4,Tuesday,0,Arterial,70,Clear,18.5,59.5,0,410,3.37
2026-08-18 04:30:00,4,Tuesday,0,Downtown,50,Clear,29.0,85.0,0,460,13.67
2026-08-18 04:45:00,4,Tuesday,0,Downtown,50,Clear,31.4,67.0,0,242,6.05
2026-08-18 05:00:00,5,Tuesday,0,Downtown,50,Foggy,20.3,45.9,0,213,21.96
2026-08-18 05:15:00,5,Tuesday,0,Highway,100,Clear,28.1,64.2,0,397,6.37
2026-08-18 05:30:00,5,Tuesday,0,Downtown,50,Rainy,23.3,58.8,0,142,18.88
2026-08-18 05:45:00,5,Tuesday,0,Downtown,50,Clear,30.9,45.3,0,267,9.29
2026-08-18 06:00:00,6,Tuesday,0,Downtown,50,Clear,26.2,43.3,0,714,16.41
2026-08-18 06:15:00,6,Tuesday,0,Arterial,70,Rainy,28.7,90.0,0,735,26.79
2026-08-18 06:30:00,6,Tuesday,0,Arterial,70,Clear,32.1,62.3,0,786,15.97
2026-08-18 06:45:00,6,Tuesday,0,Highway,100,Clear,29.8,60.5,0,1164,16.56
2026-08-18 07:00:00,7,Tuesday,0,Arterial,70,Rainy,27.2,89.7,0,720,23.75
2026-08-18 07:15:00,7,Tuesday,0,Arterial,70,Foggy,33.9,88.6,0,1009,42.57
2026-08-18 07:30:00,7,Tuesday,0,Arterial,70,Clear,16.3,61.8,0,875,17.87
2026-08-18 07:45:00,7,Tuesday,0,Downtown,50,Clear,27.4,71.1,0,808,19.56
2026-08-18 08:00:00,8,Tuesday,0,Downtown,50,Clear,20.2,63.9,0,1331,53.72
2026-08-18 08:15:00,8,Tuesday,0,Arterial,70,Rainy,26.2,60.2,0,1783,66.27
2026-08-18 08:30:00,8,Tuesday,0,Downtown,50,Rainy,20.7,79.9,0,1408,61.63
2026-08-18 08:45:00,8,Tuesday,0,Arterial,70,Clear,15.8,70.6,0,1674,52.82
2026-08-18 09:00:00,9,Tuesday,0,Arterial,70,Clear,33.6,55.4,1,1798,93.59
2026-08-18 09:15:00,9,Tuesday,0,Arterial,70,Clear,30.9,87.8,1,1841,94.13
2026-08-18 09:30:00,9,Tuesday,0,Downtown,50,Rainy,34.9,80.5,0,1559,64.38
2026-08-18 09:45:00,9,Tuesday,0,Residential,30,Clear,15.6,56.4,1,631,87.29
2026-08-18 10:00:00,10,Tuesday,0,Highway,100,Rainy,26.6,44.1,1,2705,100.0
2026-08-18 10:15:00,10,Tuesday,0,Residential,30,Clear,26.2,68.8,1,744,89.23
2026-08-18 10:30:00,10,Tuesday,0,Arterial,70,Rainy,31.6,40.6,0,1661,61.5
2026-08-18 10:45:00,10,Tuesday,0,Residential,30,Clear,24.8,84.2,0,821,60.77
2026-08-18 11:00:00,11,Tuesday,0,Arterial,70,Clear,16.0,65.2,0,736,13.09
2026-08-18 11:15:00,11,Tuesday,0,Highway,100,Clear,33.9,88.3,0,1346,10.29
2026-08-18 11:30:00,11,Tuesday,0,Downtown,50,Clear,17.0,80.5,1,822,55.18
2026-08-18 11:45:00,11,Tuesday,0,Residential,30,Clear,22.0,51.0,0,268,13.52
2026-08-18 12:00:00,12,Tuesday,0,Highway,100,Clear,16.2,49.0,0,1295,17.56
2026-08-18 12:15:00,12,Tuesday,0,Residential,30,Foggy,33.9,49.3,0,198,27.28
2026-08-18 12:30:00,12,Tuesday,0,Downtown,50,Clear,15.9,43.9,0,636,17.21
2026-08-18 12:45:00,12,Tuesday,0,Downtown,50,Clear,22.9,46.4,0,697,16.04
2026-08-18 13:00:00,13,Tuesday,0,Residential,30,Rainy,15.0,64.3,0,638,45.9
2026-08-18 13:15:00,13,Tuesday,0,Arterial,70,Clear,15.5,71.1,0,904,20.86
2026-08-18 13:30:00,13,Tuesday,0,Arterial,70,Clear,32.9,61.5,0,795,14.1
2026-08-18 13:45:00,13,Tuesday,0,Highway,100,Rainy,27.9,71.1,0,1221,26.43
2026-08-18 14:00:00,14,Tuesday,0,Highway,100,Clear,32.5,84.1,0,1347,17.88
2026-08-18 14:15:00,14,Tuesday,0,Downtown,50,Clear,29.1,78.5,0,618,9.44
2026-08-18 14:30:00,14,Tuesday,0,Arterial,70,Clear,24.0,48.1,0,814,10.55
2026-08-18 14:45:00,14,Tuesday,0,Highway,100,Clear,28.9,45.6,0,1259,15.65
2026-08-18 15:00:00,15,Tuesday,0,Downtown,50,Foggy,24.9,82.0,0,783,34.65
2026-08-18 15:15:00,15,Tuesday,0,Downtown,50,Clear,33.8,48.8,0,969,20.21
2026-08-18 15:30:00,15,Tuesday,0,Downtown,50,Clear,22.0,47.2,0,765,19.5
2026-08-18 15:45:00,15,Tuesday,0,Arterial,70,Clear,24.0,54.7,0,826,12.93
2026-08-18 16:00:00,16,Tuesday,0,Arterial,70,Heavy Rain,16.8,45.7,1,1020,80.57
2026-08-18 16:15:00,16,Tuesday,0,Downtown,50,Clear,19.3,53.8,0,759,19.77
2026-08-18 16:30:00,16,Tuesday,0,Arterial,70,Clear,23.5,85.7,0,699,9.63
2026-08-18 16:45:00,16,Tuesday,0,Downtown,50,Clear,26.5,61.1,0,659,14.11
2026-08-18 17:00:00,17,Tuesday,0,Highway,100,Clear,18.4,52.9,0,2552,47.86
2026-08-18 17:15:00,17,Tuesday,0,Residential,30,Clear,15.6,58.1,0,547,43.93
2026-08-18 17:30:00,17,Tuesday,0,Residential,30,Clear,34.4,81.6,0,534,47.75
2026-08-18 17:45:00,17,Tuesday,0,Downtown,50,Clear,24.7,45.2,0,1122,53.82
2026-08-18 18:00:00,18,Tuesday,0,Arterial,70,Clear,29.9,63.0,0,1779,57.16
2026-08-18 18:15:00,18,Tuesday,0,Arterial,70,Foggy,22.1,52.6,0,1864,72.66
2026-08-18 18:30:00,18,Tuesday,0,Arterial,70,Clear,29.2,79.5,1,1691,81.02
2026-08-18 18:45:00,18,Tuesday,0,Residential,30,Clear,18.8,46.6,1,809,91.34
2026-08-18 19:00:00,19,Tuesday,0,Arterial,70,Clear,33.3,63.2,0,1596,48.94
2026-08-18 19:15:00,19,Tuesday,0,Downtown,50,Clear,25.1,45.7,0,1504,58.57
2026-08-18 19:30:00,19,Tuesday,0,Highway,100,Clear,15.6,55.8,0,2560,61.44
2026-08-18 19:45:00,19,Tuesday,0,Arterial,70,Clear,31.0,73.6,0,1526,45.15
2026-08-18 20:00:00,20,Tuesday,0,Residential,30,Rainy,32.0,51.1,0,159,16.4
2026-08-18 20:15:00,20,Tuesday,0,Residential,30,Clear,34.1,56.1,0,306,12.53
2026-08-18 20:30:00,20,Tuesday,0,Downtown,50,Clear,22.6,79.8,0,709,13.64
2026-08-18 20:45:00,20,Tuesday,0,Downtown,50,Foggy,28.2,87.3,0,817,35.2
2026-08-18 21:00:00,21,Tuesday,0,Downtown,50,Rainy,25.1,40.9,0,644,27.67
2026-08-18 21:15:00,21,Tuesday,0,Arterial,70,Heavy Rain,23.2,47.1,0,767,45.08
2026-08-18 21:30:00,21,Tuesday,0,Downtown,50,Clear,28.9,46.2,0,912,21.21
2026-08-18 21:45:00,21,Tuesday,0,Downtown,50,Foggy,18.7,73.1,0,995,34.02
2026-08-18 22:00:00,22,Tuesday,0,Highway,100,Clear,31.8,54.3,0,1113,15.9
2026-08-18 22:15:00,22,Tuesday,0,Highway,100,Clear,16.2,85.8,0,1088,12.97
2026-08-18 22:30:00,22,Tuesday,0,Arterial,70,Clear,23.0,43.7,0,859,10.93
2026-08-18 22:45:00,22,Tuesday,0,Highway,100,Clear,15.1,86.3,0,1225,13.31
2026-08-18 23:00:00,23,Tuesday,0,Highway,100,Clear,17.4,63.7,0,346,9.18
2026-08-18 23:15:00,23,Tuesday,0,Downtown,50,Foggy,34.4,53.0,0,50,14.19
2026-08-18 23:30:00,23,Tuesday,0,Residential,30,Clear,24.6,69.6,0,51,4.71
2026-08-18 23:45:00,23,Tuesday,0,Downtown,50,Foggy,29.4,84.3,0,540,29.32
2026-08-19 00:00:00,0,Wednesday,0,Downtown,50,Clear,28.1,47.3,0,486,8.85
2026-08-19 00:15:00,0,Wednesday,0,Residential,30,Rainy,26.8,50.7,0,50,15.84
2026-08-19 00:30:00,0,Wednesday,0,Downtown,50,Clear,21.8,78.7,0,63,0.0
2026-08-19 00:45:00,0,Wednesday,0,Residential,30,Rainy,31.1,51.1,0,50,11.24
2026-08-19 01:00:00,1,Wednesday,0,Residential,30,Clear,29.0,85.2,0,50,0.51
2026-08-19 01:15:00,1,Wednesday,0,Residential,30,Rainy,24.0,81.0,0,147,14.11
2026-08-19 01:30:00,1,Wednesday,0,Downtown,50,Clear,19.2,63.7,0,257,10.48
2026-08-19 01:45:00,1,Wednesday,0,Arterial,70,Foggy,29.7,47.5,0,362,23.04
2026-08-19 02:00:00,2,Wednesday,0,Downtown,50,Clear,31.5,60.5,0,144,4.19
2026-08-19 02:15:00,2,Wednesday,0,Downtown,50,Rainy,28.2,80.9,0,219,19.72
2026-08-19 02:30:00,2,Wednesday,0,Arterial,70,Clear,33.2,52.2,0,201,3.2
2026-08-19 02:45:00,2,Wednesday,0,Residential,30,Clear,28.7,61.2,0,50,3.47
2026-08-19 03:00:00,3,Wednesday,0,Arterial,70,Clear,23.6,75.0,0,208,0.0
2026-08-19 03:15:00,3,Wednesday,0,Highway,100,Heavy Rain,35.0,66.0,0,415,31.67
2026-08-19 03:30:00,3,Wednesday,0,Highway,100,Clear,25.7,75.8,0,371,8.58
2026-08-19 03:45:00,3,Wednesday,0,Downtown,50,Rainy,24.5,52.9,0,50,12.56
2026-08-19 04:00:00,4,Wednesday,0,Residential,30,Clear,23.1,45.6,0,211,4.78
2026-08-19 04:15:00,4,Wednesday,0,Arterial,70,Rainy,25.8,71.5,0,112,15.84
2026-08-19 04:30:00,4,Wednesday,0,Arterial,70,Clear,28.7,77.1,0,213,1.63
2026-08-19 04:45:00,4,Wednesday,0,Highway,100,Clear,27.9,49.6,0,400,6.74
2026-08-19 05:00:00,5,Wednesday,0,Downtown,50,Rainy,23.0,78.0,0,180,14.8
2026-08-19 05:15:00,5,Wednesday,0,Highway,100,Clear,18.7,88.8,0,343,5.76
2026-08-19 05:30:00,5,Wednesday,0,Arterial,70,Clear,27.7,79.4,0,248,0.0
2026-08-19 05:45:00,5,Wednesday,0,Highway,100,Rainy,24.0,84.9,0,370,17.62
2026-08-19 06:00:00,6,Wednesday,0,Downtown,50,Clear,34.4,62.8,0,854,17.87
2026-08-19 06:15:00,6,Wednesday,0,Arterial,70,Clear,33.9,75.0,0,939,18.04
2026-08-19 06:30:00,6,Wednesday,0,Downtown,50,Clear,30.3,40.9,0,817,13.54
2026-08-19 06:45:00,6,Wednesday,0,Downtown,50,Clear,28.4,84.6,0,546,12.97
2026-08-19 07:00:00,7,Wednesday,0,Arterial,70,Clear,27.7,56.2,0,685,10.14
2026-08-19 07:15:00,7,Wednesday,0,Arterial,70,Clear,19.1,79.2,0,1040,19.0
2026-08-19 07:30:00,7,Wednesday,0,Arterial,70,Clear,22.9,88.0,0,895,12.15
2026-08-19 07:45:00,7,Wednesday,0,Downtown,50,Clear,26.2,81.8,0,717,18.61
2026-08-19 08:00:00,8,Wednesday,0,Arterial,70,Heavy Rain,17.6,77.0,0,1652,81.27
2026-08-19 08:15:00,8,Wednesday,0,Arterial,70,Clear,26.3,76.9,0,1582,52.76
2026-08-19 08:30:00,8,Wednesday,0,Highway,100,Foggy,16.0,54.2,0,2756,73.4
2026-08-19 08:45:00,8,Wednesday,0,Highway,100,Clear,25.2,71.9,1,2415,87.97
2026-08-19 09:00:00,9,Wednesday,0,Arterial,70,Clear,20.1,65.3,0,1492,51.91
2026-08-19 09:15:00,9,Wednesday,0,Highway,100,Rainy,32.7,74.0,0,2542,65.59
2026-08-19 09:30:00,9,Wednesday,0,Downtown,50,Clear,20.8,68.3,0,1013,42.02
2026-08-19 09:45:00,9,Wednesday,0,Highway,100,Clear,29.9,52.4,0,2461,49.84
2026-08-19 10:00:00,10,Wednesday,0,Residential,30,Clear,15.6,66.8,0,837,55.88
2026-08-19 10:15:00,10,Wednesday,0,Highway,100,Clear,17.9,51.5,0,2411,52.4
2026-08-19 10:30:00,10,Wednesday,0,Highway,100,Rainy,23.1,48.8,0,2512,65.81
2026-08-19 10:45:00,10,Wednesday,0,Arterial,70,Clear,31.2,79.5,0,1864,53.24
2026-08-19 11:00:00,11,Wednesday,0,Downtown,50,Clear,32.6,89.2,0,700,20.18
2026-08-19 11:15:00,11,Wednesday,0,Arterial,70,Clear,20.8,86.0,0,1029,18.37
2026-08-19 11:30:00,11,Wednesday,0,Downtown,50,Clear,18.5,81.8,0,921,22.04
2026-08-19 11:45:00,11,Wednesday,0,Arterial,70,Rainy,17.7,40.1,0,656,21.21
2026-08-19 12:00:00,12,Wednesday,0,Residential,30,Clear,23.9,87.9,0,301,11.54
2026-08-19 12:15:00,12,Wednesday,0,Downtown,50,Clear,34.4,68.3,0,771,17.52
2026-08-19 12:30:00,12,Wednesday,0,Arterial,70,Rainy,32.2,83.1,0,723,23.21
2026-08-19 12:45:00,12,Wednesday,0,Highway,100,Foggy,21.3,57.3,0,1435,37.28
2026-08-19 13:00:00,13,Wednesday,0,Downtown,50,Rainy,18.5,76.0,0,740,34.03
2026-08-19 13:15:00,13,Wednesday,0,Residential,30,Clear,26.5,82.1,0,354,10.1
2026-08-19 13:30:00,13,Wednesday,0,Arterial,70,Clear,28.6,80.1,0,615,12.27
2026-08-19 13:45:00,13,Wednesday,0,Residential,30,Rainy,24.6,73.0,0,351,25.46
2026-08-19 14:00:00,14,Wednesday,0,Downtown,50,Clear,25.6,44.3,0,711,15.19
2026-08-19 14:15:00,14,Wednesday,0,Arterial,70,Clear,25.5,79.0,0,722,12.59
2026-08-19 14:30:00,14,Wednesday,0,Arterial,70,Rainy,26.2,48.3,0,860,30.51
2026-08-19 14:45:00,14,Wednesday,0,Residential,30,Clear,19.6,55.9,0,89,3.37
2026-08-19 15:00:00,15,Wednesday,0,Highway,100,Rainy,15.4,56.9,0,1244,27.26
2026-08-19 15:15:00,15,Wednesday,0,Arterial,70,Clear,25.4,76.4,0,899,11.24
2026-08-19 15:30:00,15,Wednesday,0,Highway,100,Rainy,26.1,77.4,0,1410,28.59
2026-08-19 15:45:00,15,Wednesday,0,Highway,100,Clear,15.3,67.8,0,1269,15.03
2026-08-19 16:00:00,16,Wednesday,0,Downtown,50,Clear,21.3,89.8,0,736,16.04
2026-08-19 16:15:00,16,Wednesday,0,Highway,100,Rainy,21.7,80.6,0,1485,23.0
2026-08-19 16:30:00,16,Wednesday,0,Highway,100,Clear,29.3,82.4,0,1293,16.91
2026-08-19 16:45:00,16,Wednesday,0,Highway,100,Rainy,30.1,47.7,0,1257,27.31
2026-08-19 17:00:00,17,Wednesday,0,Highway,100,Clear,23.2,71.2,0,2611,57.74
2026-08-19 17:15:00,17,Wednesday,0,Highway,100,Clear,31.3,72.7,0,2434,49.41
2026-08-19 17:30:00,17,Wednesday,0,Residential,30,Rainy,18.3,67.2,0,540,50.9
2026-08-19 17:45:00,17,Wednesday,0,Downtown,50,Heavy Rain,32.5,83.8,0,1395,80.7
2026-08-19 18:00:00,18,Wednesday,0,Arterial,70,Rainy,33.5,62.6,0,1785,62.36
2026-08-19 18:15:00,18,Wednesday,0,Highway,100,Foggy,23.4,89.5,0,2526,67.78
2026-08-19 18:30:00,18,Wednesday,0,Residential,30,Clear,31.7,61.3,0,673,47.26
2026-08-19 18:45:00,18,Wednesday,0,Highway,100,Clear,23.4,56.7,0,2430,56.59
2026-08-19 19:00:00,19,Wednesday,0,Residential,30,Heavy Rain,33.4,69.3,0,800,92.6
2026-08-19 19:15:00,19,Wednesday,0,Downtown,50,Clear,17.8,74.8,0,1127,48.44
2026-08-19 19:30:00,19,Wednesday,0,Highway,100,Foggy,18.0,69.1,0,2467,66.96
2026-08-19 19:45:00,19,Wednesday,0,Arterial,70,Clear,23.5,64.0,0,1570,51.66
2026-08-19 20:00:00,20,Wednesday,0,Residential,30,Rainy,16.1,81.4,0,261,21.4
2026-08-19 20:15:00,20,Wednesday,0,Arterial,70,Clear,16.2,71.4,1,529,43.54
2026-08-19 20:30:00,20,Wednesday,0,Residential,30,Clear,19.8,85.3,0,368,15.57
2026-08-19 20:45:00,20,Wednesday,0,Downtown,50,Clear,22.7,49.9,0,636,15.06
2026-08-19 21:00:00,21,Wednesday,0,Downtown,50,Rainy,15.7,67.8,0,807,29.88
2026-08-19 21:15:00,21,Wednesday,0,Arterial,70,Clear,28.4,70.3,1,775,45.53
2026-08-19 21:30:00,21,Wednesday,0,Arterial,70,Foggy,23.3,78.6,0,705,30.47
2026-08-19 21:45:00,21,Wednesday,0,Residential,30,Clear,23.4,44.1,0,398,18.41
2026-08-19 22:00:00,22,Wednesday,0,Highway,100,Clear,22.6,71.1,0,1162,16.22
2026-08-19 22:15:00,22,Wednesday,0,Downtown,50,Clear,25.2,68.5,0,910,14.3
2026-08-19 22:30:00,22,Wednesday,0,Highway,100,Clear,23.5,58.7,0,1206,13.92
2026-08-19 22:45:00,22,Wednesday,0,Arterial,70,Rainy,15.4,67.3,0,816,32.29
2026-08-19 23:00:00,23,Wednesday,0,Downtown,50,Clear,31.5,75.8,0,192,8.47
2026-08-19 23:15:00,23,Wednesday,0,Arterial,70,Rainy,22.2,44.5,0,119,13.41
2026-08-19 23:30:00,23,Wednesday,0,Downtown,50,Foggy,32.2,67.7,0,303,29.58
2026-08-19 23:45:00,23,Wednesday,0,Highway,100,Foggy,16.7,58.7,0,489,23.51
2026-08-20 00:00:00,0,Thursday,0,Highway,100,Clear,17.5,60.2,0,245,5.47
2026-08-20 00:15:00,0,Thursday,0,Downtown,50,Heavy Rain,32.3,71.8,0,203,33.14
2026-08-20 00:30:00,0,Thursday,0,Highway,100,Foggy,31.9,44.2,0,187,17.12
2026-08-20 00:45:00,0,Thursday,0,Arterial,70,Clear,25.3,69.0,0,425,6.34
2026-08-20 01:00:00,1,Thursday,0,Highway,100,Foggy,29.3,75.4,0,253,23.98
2026-08-20 01:15:00,1,Thursday,0,Arterial,70,Clear,25.5,69.8,1,50,37.48
2026-08-20 01:30:00,1,Thursday,0,Arterial,70,Clear,21.2,71.6,0,214,5.04
2026-08-20 01:45:00,1,Thursday,0,Downtown,50,Clear,17.6,55.8,0,142,2.62
2026-08-20 02:00:00,2,Thursday,0,Residential,30,Clear,31.3,85.3,0,115,3.45
2026-08-20 02:15:00,2,Thursday,0,Highway,100,Clear,26.3,57.8,0,502,7.33
2026-08-20 02:30:00,2,Thursday,0,Highway,100,Clear,26.3,84.0,0,449,11.06
2026-08-20 02:45:00,2,Thursday,0,Downtown,50,Clear,26.9,64.7,0,114,0.56
2026-08-20 03:00:00,3,Thursday,0,Residential,30,Clear,31.1,54.4,0,108,8.73
2026-08-20 03:15:00,3,Thursday,0,Downtown,50,Heavy Rain,24.0,64.7,0,252,33.4
2026-08-20 03:30:00,3,Thursday,0,Highway,100,Clear,29.3,61.5,0,475,5.34
2026-08-20 03:45:00,3,Thursday,0,Arterial,70,Clear,28.4,70.6,0,157,2.45
2026-08-20 04:00:00,4,Thursday,0,Downtown,50,Clear,23.6,51.7,0,187,8.69
2026-08-20 04:15:00,4,Thursday,0,Highway,100,Clear,19.5,64.4,0,335,0.88
2026-08-20 04:30:00,4,Thursday,0,Highway,100,Clear,32.3,72.9,0,294,0.77
2026-08-20 04:45:00,4,Thursday,0,Arterial,70,Rainy,25.7,67.6,0,397,19.21
2026-08-20 05:00:00,5,Thursday,0,Arterial,70,Clear,23.3,77.7,0,296,5.85
2026-08-20 05:15:00,5,Thursday,0,Arterial,70,Clear,27.7,42.4,0,293,7.56
2026-08-20 05:30:00,5,Thursday,0,Arterial,70,Foggy,28.3,62.4,0,148,25.05
2026-08-20 05:45:00,5,Thursday,0,Arterial,70,Clear,15.2,77.1,0,197,3.78
2026-08-20 06:00:00,6,Thursday,0,Downtown,50,Clear,27.6,44.5,0,736,14.32
2026-08-20 06:15:00,6,Thursday,0,Highway,100,Clear,17.7,87.2,0,1347,16.05
2026-08-20 06:30:00,6,Thursday,0,Highway,100,Rainy,23.3,80.1,0,1388,25.44
2026-08-20 06:45:00,6,Thursday,0,Arterial,70,Clear,34.3,80.9,0,774,15.02
2026-08-20 07:00:00,7,Thursday,0,Arterial,70,Clear,29.3,85.1,0,873,18.64
2026-08-20 07:15:00,7,Thursday,0,Highway,100,Clear,24.5,57.6,0,1130,14.72
2026-08-20 07:30:00,7,Thursday,0,Residential,30,Foggy,24.5,43.4,0,460,39.57
2026-08-20 07:45:00,7,Thursday,0,Highway,100,Rainy,26.3,48.7,0,1133,30.14
2026-08-20 08:00:00,8,Thursday,0,Residential,30,Foggy,26.3,72.1,0,687,74.11
2026-08-20 08:15:00,8,Thursday,0,Arterial,70,Foggy,15.1,64.7,0,1962,82.35
2026-08-20 08:30:00,8,Thursday,0,Arterial,70,Foggy,21.0,65.8,0,1676,71.11
2026-08-20 08:45:00,8,Thursday,0,Arterial,70,Rainy,24.0,53.9,0,1519,60.98
2026-08-20 09:00:00,9,Thursday,0,Residential,30,Clear,19.0,73.5,0,766,61.12
2026-08-20 09:15:00,9,Thursday,0,Arterial,70,Rainy,29.2,68.6,0,1613,68.28
2026-08-20 09:30:00,9,Thursday,0,Highway,100,Clear,29.5,56.8,0,2651,59.86
2026-08-20 09:45:00,9,Thursday,0,Residential,30,Foggy,29.2,50.0,0,627,64.63
2026-08-20 10:00:00,10,Thursday,0,Downtown,50,Clear,27.8,62.9,0,1365,52.62
2026-08-20 10:15:00,10,Thursday,0,Residential,30,Clear,18.5,71.4,0,758,53.02
2026-08-20 10:30:00,10,Thursday,0,Arterial,70,Clear,28.1,83.3,0,1927,57.07
2026-08-20 10:45:00,10,Thursday,0,Downtown,50,Rainy,21.1,45.7,0,1387,62.41
2026-08-20 11:00:00,11,Thursday,0,Highway,100,Clear,24.4,84.8,0,1086,13.72
2026-08-20 11:15:00,11,Thursday,0,Arterial,70,Clear,22.3,80.3,0,654,12.01
2026-08-20 11:30:00,11,Thursday,0,Highway,100,Heavy Rain,21.9,70.8,0,1290,42.31
2026-08-20 11:45:00,11,Thursday,0,Downtown,50,Rainy,31.2,77.0,0,619,17.73
2026-08-20 12:00:00,12,Thursday,0,Arterial,70,Clear,17.3,53.1,0,980,18.99
2026-08-20 12:15:00,12,Thursday,0,Downtown,50,Clear,18.7,68.4,0,757,19.05
2026-08-20 12:30:00,12,Thursday,0,Downtown,50,Clear,18.4,54.3,0,826,16.71
2026-08-20 12:45:00,12,Thursday,0,Arterial,70,Clear,30.7,74.9,0,833,16.58
2026-08-20 13:00:00,13,Thursday,0,Downtown,50,Foggy,18.1,84.0,0,758,32.29
2026-08-20 13:15:00,13,Thursday,0,Residential,30,Rainy,30.2,48.1,0,617,44.02
2026-08-20 13:30:00,13,Thursday,0,Residential,30,Clear,21.1,49.5,0,364,14.39
2026-08-20 13:45:00,13,Thursday,0,Highway,100,Foggy,26.9,83.2,0,1338,42.27
2026-08-20 14:00:00,14,Thursday,0,Residential,30,Rainy,26.9,70.3,0,390,27.0
2026-08-20 14:15:00,14,Thursday,0,Arterial,70,Foggy,15.0,46.8,0,900,32.58
2026-08-20 14:30:00,14,Thursday,0,Highway,100,Clear,32.4,41.7,0,1208,12.87
2026-08-20 14:45:00,14,Thursday,0,Residential,30,Clear,30.1,52.1,0,334,9.34
2026-08-20 15:00:00,15,Thursday,0,Downtown,50,Clear,23.2,57.2,0,769,16.89
2026-08-20 15:15:00,15,Thursday,0,Highway,100,Clear,21.0,45.3,0,1036,12.28
2026-08-20 15:30:00,15,Thursday,0,Downtown,50,Foggy,16.4,75.9,0,624,32.1
2026-08-20 15:45:00,15,Thursday,0,Downtown,50,Clear,24.9,73.8,0,510,13.16
2026-08-20 16:00:00,16,Thursday,0,Highway,100,Rainy,21.7,80.7,0,1167,25.9
2026-08-20 16:15:00,16,Thursday,0,Arterial,70,Clear,15.1,63.2,0,837,19.62
2026-08-20 16:30:00,16,Thursday,0,Downtown,50,Rainy,16.0,56.9,0,373,16.82
2026-08-20 16:45:00,16,Thursday,0,Highway,100,Clear,19.9,54.8,0,1135,18.15
2026-08-20 17:00:00,17,Thursday,0,Downtown,50,Clear,25.4,47.3,0,1369,53.46
2026-08-20 17:15:00,17,Thursday,0,Highway,100,Clear,29.7,48.3,0,2698,56.98
2026-08-20 17:30:00,17,Thursday,0,Arterial,70,Clear,20.0,76.0,0,1535,52.02
2026-08-20 17:45:00,17,Thursday,0,Residential,30,Clear,15.9,61.5,0,688,50.24
2026-08-20 18:00:00,18,Thursday,0,Downtown,50,Foggy,29.1,82.1,0,1503,69.1
2026-08-20 18:15:00,18,Thursday,0,Downtown,50,Clear,20.3,58.5,0,1598,58.54
2026-08-20 18:30:00,18,Thursday,0,Highway,100,Clear,33.5,50.7,0,2335,47.07
2026-08-20 18:45:00,18,Thursday,0,Downtown,50,Clear,28.5,64.2,0,1317,52.22
2026-08-20 19:00:00,19,Thursday,0,Residential,30,Foggy,22.3,46.0,0,806,73.48
2026-08-20 19:15:00,19,Thursday,0,Residential,30,Clear,32.2,51.2,0,614,47.77
2026-08-20 19:30:00,19,Thursday,0,Residential,30,Clear,31.0,80.1,0,770,54.14
2026-08-20 19:45:00,19,Thursday,0,Highway,100,Clear,27.9,85.4,0,2639,53.77
2026-08-20 20:00:00,20,Thursday,0,Residential,30,Clear,18.7,49.9,0,347,13.78
2026-08-20 20:15:00,20,Thursday,0,Downtown,50,Clear,34.4,63.1,0,792,17.84
2026-08-20 20:30:00,20,Thursday,0,Highway,100,Clear,29.3,54.7,0,1421,16.84
2026-08-20 20:45:00,20,Thursday,0,Arterial,70,Clear,22.7,56.7,0,994,20.56
2026-08-20 21:00:00,21,Thursday,0,Arterial,70,Rainy,16.3,41.8,0,862,32.92
2026-08-20 21:15:00,21,Thursday,0,Arterial,70,Foggy,24.9,70.7,1,1019,72.65
2026-08-20 21:30:00,21,Thursday,0,Arterial,70,Clear,31.7,87.2,0,510,10.05
2026-08-20 21:45:00,21,Thursday,0,Residential,30,Foggy,15.8,79.0,0,344,32.37
2026-08-20 22:00:00,22,Thursday,0,Highway,100,Foggy,15.3,83.7,0,1282,33.12
2026-08-20 22:15:00,22,Thursday,0,Arterial,70,Heavy Rain,31.0,74.7,0,793,39.81
2026-08-20 22:30:00,22,Thursday,0,Downtown,50,Clear,33.7,77.3,0,589,12.13
2026-08-20 22:45:00,22,Thursday,0,Highway,100,Clear,31.9,66.6,0,1153,13.15
2026-08-20 23:00:00,23,Thursday,0,Residential,30,Clear,21.2,78.5,0,50,4.88
2026-08-20 23:15:00,23,Thursday,0,Downtown,50,Clear,24.3,82.0,1,80,35.85
2026-08-20 23:30:00,23,Thursday,0,Arterial,70,Foggy,28.3,70.1,0,349,25.37
2026-08-20 23:45:00,23,Thursday,0,Arterial,70,Clear,24.6,58.8,0,206,1.85
2026-08-21 00:00:00,0,Friday,0,Downtown,50,Clear,34.4,75.4,0,299,3.47
2026-08-21 00:15:00,0,Friday,0,Arterial,70,Foggy,17.3,41.4,0,375,26.18
2026-08-21 00:30:00,0,Friday,0,Highway,100,Clear,17.9,68.2,0,482,14.21
2026-08-21 00:45:00,0,Friday,0,Highway,100,Rainy,26.4,71.2,0,384,22.2
2026-08-21 01:00:00,1,Friday,0,Residential,30,Foggy,29.5,85.6,0,149,25.0
2026-08-21 01:15:00,1,Friday,0,Highway,100,Clear,27.2,78.1,0,530,4.11
2026-08-21 01:30:00,1,Friday,0,Downtown,50,Clear,21.1,56.0,0,81,0.0
2026-08-21 01:45:00,1,Friday,0,Residential,30,Foggy,27.6,42.3,0,165,25.27
2026-08-21 02:00:00,2,Friday,0,Highway,100,Rainy,18.8,65.4,0,483,20.26
2026-08-21 02:15:00,2,Friday,0,Downtown,50,Clear,22.3,80.8,0,299,6.88
2026-08-21 02:30:00,2,Friday,0,Residential,30,Rainy,15.4,84.4,0,50,17.34
2026-08-21 02:45:00,2,Friday,0,Arterial,70,Rainy,31.3,57.2,0,345,21.89
2026-08-21 03:00:00,3,Friday,0,Arterial,70,Clear,28.1,41.6,0,73,2.44
2026-08-21 03:15:00,3,Friday,0,Downtown,50,Rainy,29.2,85.2,0,95,11.62
2026-08-21 03:30:00,3,Friday,0,Downtown,50,Clear,20.1,46.8,0,234,11.09
2026-08-21 03:45:00,3,Friday,0,Residential,30,Rainy,18.6,65.4,0,77,16.05
2026-08-21 04:00:00,4,Friday,0,Arterial,70,Clear,33.9,85.0,0,367,7.91
2026-08-21 04:15:00,4,Friday,0,Downtown,50,Foggy,32.9,81.6,0,99,15.3
2026-08-21 04:30:00,4,Friday,0,Downtown,50,Clear,21.5,60.0,1,67,35.94
2026-08-21 04:45:00,4,Friday,0,Highway,100,Clear,33.8,87.7,0,498,8.0
2026-08-21 05:00:00,5,Friday,0,Highway,100,Clear,27.8,84.9,0,443,4.83
2026-08-21 05:15:00,5,Friday,0,Downtown,50,Rainy,22.7,40.1,0,50,18.16
2026-08-21 05:30:00,5,Friday,0,Arterial,70,Clear,16.3,46.1,0,158,4.03
2026-08-21 05:45:00,5,Friday,0,Highway,100,Rainy,17.2,85.5,0,369,15.41
2026-08-21 06:00:00,6,Friday,0,Arterial,70,Clear,24.5,62.9,0,839,11.72
2026-08-21 06:15:00,6,Friday,0,Arterial,70,Rainy,16.0,66.5,0,843,24.31
2026-08-21 06:30:00,6,Friday,0,Downtown,50,Clear,22.1,58.8,0,523,14.01
2026-08-21 06:45:00,6,Friday,0,Downtown,50,Clear,19.9,77.1,0,851,21.02
2026-08-21 07:00:00,7,Friday,0,Arterial,70,Clear,27.1,52.8,0,1006,15.6
2026-08-21 07:15:00,7,Friday,0,Arterial,70,Rainy,31.6,43.4,0,808,30.3
2026-08-21 07:30:00,7,Friday,0,Arterial,70,Clear,26.1,53.2,0,774,11.17
2026-08-21 07:45:00,7,Friday,0,Highway,100,Clear,33.8,48.7,0,1445,16.8
2026-08-21 08:00:00,8,Friday,0,Residential,30,Clear,30.7,58.4,0,629,53.5
2026-08-21 08:15:00,8,Friday,0,Residential,30,Clear,21.5,72.6,1,863,95.78
2026-08-21 08:30:00,8,Friday,0,Residential,30,Clear,20.8,45.0,0,594,49.44
2026-08-21 08:45:00,8,Friday,0,Arterial,70,Clear,29.0,79.0,0,1530,50.84
2026-08-21 09:00:00,9,Friday,0,Downtown,50,Rainy,29.5,43.7,0,1459,69.54
2026-08-21 09:15:00,9,Friday,0,Residential,30,Clear,20.7,62.1,0,619,45.95
2026-08-21 09:30:00,9,Friday,0,Downtown,50,Clear,17.2,89.3,0,1462,55.17
2026-08-21 09:45:00,9,Friday,0,Highway,100,Clear,31.1,59.9,0,2486,54.78
2026-08-21 10:00:00,10,Friday,0,Highway,100,Clear,23.4,45.6,0,2542,57.2
2026-08-21 10:15:00,10,Friday,0,Highway,100,Foggy,30.5,58.1,0,2719,76.94
2026-08-21 10:30:00,10,Friday,0,Arterial,70,Clear,20.1,44.2,0,1731,57.31
2026-08-21 10:45:00,10,Friday,0,Arterial,70,Heavy Rain,33.8,44.8,0,1627,82.09
2026-08-21 11:00:00,11,Friday,0,Highway,100,Clear,20.6,88.2,0,1205,12.06
2026-08-21 11:15:00,11,Friday,0,Arterial,70,Clear,21.2,77.7,0,964,19.07
2026-08-21 11:30:00,11,Friday,0,Highway,100,Clear,25.2,56.6,0,1117,17.4
2026-08-21 11:45:00,11,Friday,0,Arterial,70,Rainy,33.9,56.7,0,805,27.3
2026-08-21 12:00:00,12,Friday,0,Downtown,50,Clear,21.7,74.4,0,900,17.43
2026-08-21 12:15:00,12,Friday,0,Residential,30,Foggy,29.0,87.2,0,396,36.64
2026-08-21 12:30:00,12,Friday,0,Downtown,50,Clear,25.0,40.4,0,743,21.73
2026-08-21 12:45:00,12,Friday,0,Downtown,50,Foggy,24.1,44.4,0,729,32.14
2026-08-21 13:00:00,13,Friday,0,Arterial,70,Rainy,22.0,47.2,0,811,33.3
2026-08-21 13:15:00,13,Friday,0,Arterial,70,Clear,31.7,90.0,0,742,15.67
2026-08-21 13:30:00,13,Friday,0,Downtown,50,Clear,27.1,51.9,0,683,14.66
2026-08-21 13:45:00,13,Friday,0,Arterial,70,Foggy,26.5,50.8,0,670,32.21
2026-08-21 14:00:00,14,Friday,0,Arterial,70,Rainy,28.6,76.2,0,886,32.29
2026-08-21 14:15:00,14,Friday,0,Highway,100,Rainy,34.5,55.3,0,1338,32.67
2026-08-21 14:30:00,14,Friday,0,Residential,30,Clear,25.6,41.9,0,272,10.02
2026-08-21 14:45:00,14,Friday,0,Arterial,70,Rainy,23.8,57.6,0,984,27.18
2026-08-21 15:00:00,15,Friday,0,Downtown,50,Rainy,17.3,67.0,0,631,22.96
2026-08-21 15:15:00,15,Friday,0,Highway,100,Foggy,32.2,48.5,0,1430,32.94
2026-08-21 15:30:00,15,Friday,0,Arterial,70,Clear,32.6,71.8,0,896,14.87
2026-08-21 15:45:00,15,Friday,0,Arterial,70,Clear,30.5,85.2,0,1086,20.6
2026-08-21 16:00:00,16,Friday,0,Arterial,70,Clear,21.0,68.1,0,887,22.06
2026-08-21 16:15:00,16,Friday,0,Downtown,50,Foggy,33.0,70.1,0,863,33.78
2026-08-21 16:30:00,16,Friday,0,Downtown,50,Clear,35.0,45.4,0,991,25.01
2026-08-21 16:45:00,16,Friday,0,Arterial,70,Clear,34.9,89.1,0,771,13.03
2026-08-21 17:00:00,17,Friday,0,Highway,100,Clear,24.6,60.8,0,2740,57.81
2026-08-21 17:15:00,17,Friday,0,Residential,30,Rainy,26.0,78.3,1,868,100.0
2026-08-21 17:30:00,17,Friday,0,Downtown,50,Clear,21.4,71.4,0,1534,55.79
2026-08-21 17:45:00,17,Friday,0,Arterial,70,Clear,32.5,71.1,0,1684,53.63
2026-08-21 18:00:00,18,Friday,0,Residential,30,Rainy,27.7,63.5,0,589,62.41
2026-08-21 18:15:00,18,Friday,0,Residential,30,Clear,23.0,50.8,0,559,50.61
2026-08-21 18:30:00,18,Friday,0,Downtown,50,Clear,22.4,55.6,0,1596,56.41
2026-08-21 18:45:00,18,Friday,0,Arterial,70,Clear,34.6,44.3,0,1755,54.9
2026-08-21 19:00:00,19,Friday,0,Highway,100,Clear,25.4,56.5,0,2846,58.09
2026-08-21 19:15:00,19,Friday,0,Highway,100,Foggy,17.2,74.5,0,2651,71.58
2026-08-21 19:30:00,19,Friday,0,Downtown,50,Rainy,22.9,89.7,0,1334,67.67
2026-08-21 19:45:00,19,Friday,0,Highway,100,Clear,18.9,46.5,0,2520,50.28
2026-08-21 20:00:00,20,Friday,0,Highway,100,Clear,34.2,57.9,0,1378,15.41
2026-08-21 20:15:00,20,Friday,0,Arterial,70,Clear,30.8,53.0,0,818,11.14
2026-08-21 20:30:00,20,Friday,0,Downtown,50,Clear,22.6,55.1,0,803,17.63
2026-08-21 20:45:00,20,Friday,0,Highway,100,Clear,32.8,60.8,0,1047,16.04
2026-08-21 21:00:00,21,Friday,0,Highway,100,Clear,16.1,78.2,0,1176,17.69
2026-08-21 21:15:00,21,Friday,0,Downtown,50,Clear,17.4,66.7,0,756,9.37
2026-08-21 21:30:00,21,Friday,0,Arterial,70,Clear,19.3,61.1,0,766,15.76
2026-08-21 21:45:00,21,Friday,0,Arterial,70,Rainy,22.7,67.5,0,596,22.01
2026-08-21 22:00:00,22,Friday,0,Downtown,50,Heavy Rain,19.3,84.5,0,814,46.12
2026-08-21 22:15:00,22,Friday,0,Residential,30,Clear,22.2,82.6,0,411,14.73
2026-08-21 22:30:00,22,Friday,0,Arterial,70,Clear,17.1,52.9,0,940,20.96
2026-08-21 22:45:00,22,Friday,0,Downtown,50,Rainy,17.6,88.9,0,859,28.64
2026-08-21 23:00:00,23,Friday,0,Highway,100,Clear,32.5,56.6,0,317,3.18
2026-08-21 23:15:00,23,Friday,0,Downtown,50,Clear,26.6,66.6,0,314,8.36
2026-08-21 23:30:00,23,Friday,0,Highway,100,Clear,21.7,55.9,0,403,5.32
2026-08-21 23:45:00,23,Friday,0,Downtown,50,Clear,29.3,54.9,0,149,6.07
2026-08-22 00:00:00,0,Saturday,1,Highway,100,Clear,19.1,70.9,0,364,2.98
2026-08-22 00:15:00,0,Saturday,1,Residential,30,Clear,22.5,48.9,0,261,10.74
2026-08-22 00:30:00,0,Saturday,1,Downtown,50,Foggy,15.5,50.4,0,403,29.39
2026-08-22 00:45:00,0,Saturday,1,Arterial,70,Clear,33.7,86.1,0,278,0.0
2026-08-22 01:00:00,1,Saturday,1,Arterial,70,Clear,24.4,88.8,0,180,4.97
2026-08-22 01:15:00,1,Saturday,1,Arterial,70,Clear,22.0,83.5,1,428,39.3
2026-08-22 01:30:00,1,Saturday,1,Arterial,70,Clear,15.8,78.7,0,213,2.84
2026-08-22 01:45:00,1,Saturday,1,Residential,30,Clear,26.7,42.4,0,58,1.32
2026-08-22 02:00:00,2,Saturday,1,Highway,100,Clear,31.3,53.3,0,393,4.81
2026-08-22 02:15:00,2,Saturday,1,Highway,100,Clear,28.4,80.3,0,351,2.06
2026-08-22 02:30:00,2,Saturday,1,Highway,100,Clear,16.5,42.4,0,377,5.66
2026-08-22 02:45:00,2,Saturday,1,Highway,100,Clear,15.3,54.7,0,446,7.47
2026-08-22 03:00:00,3,Saturday,1,Residential,30,Clear,32.3,76.4,0,88,4.39
2026-08-22 03:15:00,3,Saturday,1,Highway,100,Foggy,23.0,79.9,0,492,23.56
2026-08-22 03:30:00,3,Saturday,1,Arterial,70,Rainy,30.1,46.0,0,229,16.47
2026-08-22 03:45:00,3,Saturday,1,Arterial,70,Foggy,26.5,85.5,0,73,22.05
2026-08-22 04:00:00,4,Saturday,1,Highway,100,Heavy Rain,18.5,49.4,0,621,32.18
2026-08-22 04:15:00,4,Saturday,1,Highway,100,Clear,29.1,73.4,0,350,4.86
2026-08-22 04:30:00,4,Saturday,1,Residential,30,Foggy,24.8,60.6,0,50,21.91
2026-08-22 04:45:00,4,Saturday,1,Downtown,50,Clear,20.0,89.2,0,193,3.38
2026-08-22 05:00:00,5,Saturday,1,Arterial,70,Foggy,20.3,89.9,0,331,20.73
2026-08-22 05:15:00,5,Saturday,1,Highway,100,Foggy,17.2,89.2,0,322,25.49
2026-08-22 05:30:00,5,Saturday,1,Arterial,70,Clear,34.7,41.7,0,229,5.3
2026-08-22 05:45:00,5,Saturday,1,Arterial,70,Clear,33.1,54.7,0,341,4.7
2026-08-22 06:00:00,6,Saturday,1,Highway,100,Clear,31.2,62.5,0,1494,15.18
2026-08-22 06:15:00,6,Saturday,1,Highway,100,Clear,24.7,41.8,0,1327,19.14
2026-08-22 06:30:00,6,Saturday,1,Arterial,70,Clear,15.5,85.6,0,701,10.21
2026-08-22 06:45:00,6,Saturday,1,Downtown,50,Clear,18.8,60.5,0,710,10.44
2026-08-22 07:00:00,7,Saturday,1,Highway,100,Clear,22.8,76.6,0,1353,20.59
2026-08-22 07:15:00,7,Saturday,1,Arterial,70,Heavy Rain,32.7,68.2,0,887,44.17
2026-08-22 07:30:00,7,Saturday,1,Residential,30,Rainy,17.6,75.2,0,420,28.97
2026-08-22 07:45:00,7,Saturday,1,Residential,30,Clear,18.3,51.0,1,478,60.26
2026-08-22 08:00:00,8,Saturday,1,Arterial,70,Clear,20.8,47.7,0,639,11.5
2026-08-22 08:15:00,8,Saturday,1,Downtown,50,Clear,24.8,49.5,0,626,8.59
2026-08-22 08:30:00,8,Saturday,1,Downtown,50,Rainy,23.0,43.6,0,683,28.47
2026-08-22 08:45:00,8,Saturday,1,Highway,100,Clear,21.3,62.6,0,1320,17.52
2026-08-22 09:00:00,9,Saturday,1,Arterial,70,Rainy,17.5,56.4,0,910,30.06
2026-08-22 09:15:00,9,Saturday,1,Residential,30,Clear,19.7,53.7,0,360,15.78
2026-08-22 09:30:00,9,Saturday,1,Downtown,50,Foggy,23.0,62.2,0,755,32.64
2026-08-22 09:45:00,9,Saturday,1,Highway,100,Rainy,29.1,77.4,0,1308,33.92
2026-08-22 10:00:00,10,Saturday,1,Downtown,50,Clear,19.1,50.9,0,853,18.47
2026-08-22 10:15:00,10,Saturday,1,Arterial,70,Clear,25.9,68.7,0,916,20.14
2026-08-22 10:30:00,10,Saturday,1,Highway,100,Clear,34.5,53.2,0,1326,21.51
2026-08-22 10:45:00,10,Saturday,1,Arterial,70,Clear,16.6,75.2,0,1035,18.27
2026-08-22 11:00:00,11,Saturday,1,Residential,30,Foggy,32.3,57.9,0,435,38.79
2026-08-22 11:15:00,11,Saturday,1,Highway,100,Clear,23.6,81.4,0,1224,16.74
2026-08-22 11:30:00,11,Saturday,1,Highway,100,Rainy,27.5,62.0,0,1196,30.01
2026-08-22 11:45:00,11,Saturday,1,Downtown,50,Clear,27.4,49.6,0,474,9.19
2026-08-22 12:00:00,12,Saturday,1,Highway,100,Clear,25.2,47.9,0,1143,13.27
2026-08-22 12:15:00,12,Saturday,1,Residential,30,Clear,16.3,60.2,0,270,12.53
2026-08-22 12:30:00,12,Saturday,1,Arterial,70,Clear,22.1,58.2,0,898,17.87
2026-08-22 12:45:00,12,Saturday,1,Highway,100,Clear,15.4,81.3,0,1235,14.1
2026-08-22 13:00:00,13,Saturday,1,Highway,100,Rainy,17.5,67.8,0,1275,28.31
2026-08-22 13:15:00,13,Saturday,1,Highway,100,Clear,22.4,41.7,0,1294,22.16
2026-08-22 13:30:00,13,Saturday,1,Arterial,70,Foggy,20.3,56.7,1,903,70.96
2026-08-22 13:45:00,13,Saturday,1,Highway,100,Heavy Rain,15.6,56.9,0,1265,49.41
2026-08-22 14:00:00,14,Saturday,1,Highway,100,Clear,21.4,53.6,0,1226,19.74
2026-08-22 14:15:00,14,Saturday,1,Arterial,70,Rainy,17.5,81.4,0,678,25.37
2026-08-22 14:30:00,14,Saturday,1,Arterial,70,Clear,30.3,55.6,0,826,17.52
2026-08-22 14:45:00,14,Saturday,1,Downtown,50,Clear,21.3,46.2,0,622,15.67
2026-08-22 15:00:00,15,Saturday,1,Highway,100,Rainy,34.7,82.2,0,1231,28.92
2026-08-22 15:15:00,15,Saturday,1,Highway,100,Clear,34.4,84.1,0,1160,14.66
2026-08-22 15:30:00,15,Saturday,1,Downtown,50,Clear,33.2,42.7,0,518,9.8
2026-08-22 15:45:00,15,Saturday,1,Arterial,70,Clear,22.0,72.4,0,859,14.06
2026-08-22 16:00:00,16,Saturday,1,Downtown,50,Clear,28.2,80.2,0,704,15.76
2026-08-22 16:15:00,16,Saturday,1,Downtown,50,Clear,25.9,53.3,0,556,12.65
2026-08-22 16:30:00,16,Saturday,1,Arterial,70,Clear,19.8,64.2,0,929,13.99
2026-08-22 16:45:00,16,Saturday,1,Highway,100,Clear,33.9,71.7,0,1127,15.59
2026-08-22 17:00:00,17,Saturday,1,Residential,30,Clear,31.1,50.0,0,319,16.05
2026-08-22 17:15:00,17,Saturday,1,Highway,100,Clear,18.4,76.4,0,1416,14.95
2026-08-22 17:30:00,17,Saturday,1,Highway,100,Foggy,21.9,78.1,0,1194,32.25
2026-08-22 17:45:00,17,Saturday,1,Arterial,70,Clear,22.2,89.1,0,809,19.6
2026-08-22 18:00:00,18,Saturday,1,Arterial,70,Clear,27.7,56.7,0,793,12.69
2026-08-22 18:15:00,18,Saturday,1,Arterial,70,Clear,34.4,79.0,1,664,44.72
2026-08-22 18:30:00,18,Saturday,1,Arterial,70,Clear,29.8,84.1,0,720,10.15
2026-08-22 18:45:00,18,Saturday,1,Downtown,50,Clear,24.7,50.1,0,642,15.71
2026-08-22 19:00:00,19,Saturday,1,Arterial,70,Clear,24.1,59.9,0,834,13.78
2026-08-22 19:15:00,19,Saturday,1,Highway,100,Clear,24.3,48.6,0,1315,16.62
2026-08-22 19:30:00,19,Saturday,1,Downtown,50,Clear,22.6,60.3,0,673,14.66
2026-08-22 19:45:00,19,Saturday,1,Arterial,70,Rainy,26.8,88.9,0,837,28.8
2026-08-22 20:00:00,20,Saturday,1,Highway,100,Foggy,24.4,57.4,0,1123,30.02
2026-08-22 20:15:00,20,Saturday,1,Highway,100,Clear,19.7,74.8,0,1299,17.4
2026-08-22 20:30:00,20,Saturday,1,Highway,100,Rainy,32.2,69.5,0,1432,29.19
2026-08-22 20:45:00,20,Saturday,1,Highway,100,Clear,18.2,60.0,0,1134,9.87
2026-08-22 21:00:00,21,Saturday,1,Highway,100,Clear,25.4,83.3,0,1165,11.82
2026-08-22 21:15:00,21,Saturday,1,Residential,30,Clear,17.6,75.5,0,393,14.42
2026-08-22 21:30:00,21,Saturday,1,Arterial,70,Rainy,25.2,61.0,0,778,26.52
2026-08-22 21:45:00,21,Saturday,1,Downtown,50,Heavy Rain,23.4,61.2,0,704,35.1
2026-08-22 22:00:00,22,Saturday,1,Downtown,50,Rainy,30.9,83.4,0,643,26.45
2026-08-22 22:15:00,22,Saturday,1,Residential,30,Heavy Rain,16.7,66.6,0,274,34.43
2026-08-22 22:30:00,22,Saturday,1,Highway,100,Clear,26.5,40.9,0,1371,15.79
2026-08-22 22:45:00,22,Saturday,1,Downtown,50,Rainy,17.3,53.3,1,465,54.81
2026-08-22 23:00:00,23,Saturday,1,Residential,30,Clear,25.7,50.5,0,264,10.81
2026-08-22 23:15:00,23,Saturday,1,Residential,30,Clear,22.8,78.5,0,50,0.89
2026-08-22 23:30:00,23,Saturday,1,Downtown,50,Clear,34.3,80.1,0,161,8.63
2026-08-22 23:45:00,23,Saturday,1,Highway,100,Clear,32.3,82.8,0,473,8.92
2026-08-23 00:00:00,0,Sunday,1,Downtown,50,Clear,26.7,62.7,0,166,6.71
2026-08-23 00:15:00,0,Sunday,1,Downtown,50,Rainy,30.4,41.9,0,303,17.51
2026-08-23 00:30:00,0,Sunday,1,Residential,30,Clear,21.5,82.5,0,98,5.78
2026-08-23 00:45:00,0,Sunday,1,Residential,30,Clear,21.5,58.1,0,245,7.5
2026-08-23 01:00:00,1,Sunday,1,Arterial,70,Foggy,18.2,61.4,0,50,23.38
2026-08-23 01:15:00,1,Sunday,1,Highway,100,Rainy,22.5,64.7,0,316,15.96
2026-08-23 01:30:00,1,Sunday,1,Downtown,50,Clear,29.5,43.2,0,176,6.41
2026-08-23 01:45:00,1,Sunday,1,Highway,100,Clear,32.2,51.9,1,345,34.42
2026-08-23 02:00:00,2,Sunday,1,Arterial,70,Clear,25.6,73.6,0,403,7.93
2026-08-23 02:15:00,2,Sunday,1,Downtown,50,Clear,23.0,47.1,0,231,10.72
2026-08-23 02:30:00,2,Sunday,1,Downtown,50,Rainy,20.5,60.1,0,353,16.24
2026-08-23 02:45:00,2,Sunday,1,Residential,30,Clear,19.3,50.8,0,50,5.25
2026-08-23 03:00:00,3,Sunday,1,Highway,100,Rainy,21.2,70.0,0,343,10.05
2026-08-23 03:15:00,3,Sunday,1,Arterial,70,Foggy,16.5,41.5,0,304,21.59
2026-08-23 03:30:00,3,Sunday,1,Arterial,70,Clear,22.2,51.0,0,369,7.59
2026-08-23 03:45:00,3,Sunday,1,Arterial,70,Clear,30.6,41.1,0,505,6.41
2026-08-23 04:00:00,4,Sunday,1,Highway,100,Clear,26.3,65.5,0,223,7.4
2026-08-23 04:15:00,4,Sunday,1,Highway,100,Clear,32.2,73.9,0,369,5.08
2026-08-23 04:30:00,4,Sunday,1,Downtown,50,Rainy,20.2,87.9,0,118,12.74
2026-08-23 04:45:00,4,Sunday,1,Downtown,50,Clear,15.8,61.4,0,356,6.99
2026-08-23 05:00:00,5,Sunday,1,Downtown,50,Foggy,26.8,75.0,0,209,19.95
2026-08-23 05:15:00,5,Sunday,1,Highway,100,Clear,17.0,45.4,0,524,10.59
2026-08-23 05:30:00,5,Sunday,1,Arterial,70,Clear,21.1,61.7,0,168,0.85
2026-08-23 05:45:00,5,Sunday,1,Arterial,70,Clear,31.4,81.1,0,289,5.35
2026-08-23 06:00:00,6,Sunday,1,Downtown,50,Clear,20.6,44.2,0,746,11.12
2026-08-23 06:15:00,6,Sunday,1,Downtown,50,Rainy,21.5,51.9,0,838,29.77
2026-08-23 06:30:00,6,Sunday,1,Highway,100,Foggy,24.7,48.5,0,1225,36.39
2026-08-23 06:45:00,6,Sunday,1,Highway,100,Clear,31.7,46.1,0,1257,15.48
2026-08-23 07:00:00,7,Sunday,1,Downtown,50,Rainy,27.7,54.8,0,829,31.53
2026-08-23 07:15:00,7,Sunday,1,Arterial,70,Clear,27.7,47.5,1,962,55.65
2026-08-23 07:30:00,7,Sunday,1,Downtown,50,Clear,24.3,72.6,0,816,20.18
2026-08-23 07:45:00,7,Sunday,1,Highway,100,Clear,32.7,40.3,0,1464,15.72
2026-08-23 08:00:00,8,Sunday,1,Residential,30,Clear,34.0,58.3,0,332,11.35
2026-08-23 08:15:00,8,Sunday,1,Residential,30,Clear,17.1,66.1,0,381,16.79
2026-08-23 08:30:00,8,Sunday,1,Downtown,50,Clear,34.9,46.9,0,610,11.55
2026-08-23 08:45:00,8,Sunday,1,Arterial,70,Rainy,28.8,41.1,0,931,30.58
2026-08-23 09:00:00,9,Sunday,1,Downtown,50,Clear,25.2,72.4,0,508,19.14
2026-08-23 09:15:00,9,Sunday,1,Arterial,70,Clear,27.7,88.6,0,693,13.46
2026-08-23 09:30:00,9,Sunday,1,Arterial,70,Clear,18.0,48.6,0,1004,19.94
2026-08-23 09:45:00,9,Sunday,1,Arterial,70,Clear,18.2,77.1,0,684,12.02
2026-08-23 10:00:00,10,Sunday,1,Downtown,50,Rainy,29.1,47.4,0,629,25.52
2026-08-23 10:15:00,10,Sunday,1,Downtown,50,Clear,20.3,43.9,0,781,18.44
2026-08-23 10:30:00,10,Sunday,1,Residential,30,Clear,20.8,66.1,0,50,6.48
2026-08-23 10:45:00,10,Sunday,1,Arterial,70,Foggy,20.5,72.0,0,1073,35.75
2026-08-23 11:00:00,11,Sunday,1,Residential,30,Foggy,27.8,63.1,0,271,32.31
2026-08-23 11:15:00,11,Sunday,1,Arterial,70,Clear,28.0,49.4,0,703,14.67
2026-08-23 11:30:00,11,Sunday,1,Arterial,70,Rainy,33.0,46.1,0,909,33.27
2026-08-23 11:45:00,11,Sunday,1,Highway,100,Clear,29.3,84.8,0,1373,16.48
2026-08-23 12:00:00,12,Sunday,1,Downtown,50,Rainy,33.2,65.4,0,770,34.9
2026-08-23 12:15:00,12,Sunday,1,Downtown,50,Clear,31.2,85.1,0,765,21.97
2026-08-23 12:30:00,12,Sunday,1,Arterial,70,Heavy Rain,27.9,82.0,0,1075,50.34
2026-08-23 12:45:00,12,Sunday,1,Downtown,50,Clear,22.1,52.0,0,652,10.7
2026-08-23 13:00:00,13,Sunday,1,Residential,30,Heavy Rain,26.5,47.3,0,151,38.78
2026-08-23 13:15:00,13,Sunday,1,Highway,100,Clear,24.5,50.8,0,1298,17.67
2026-08-23 13:30:00,13,Sunday,1,Highway,100,Clear,25.6,43.0,0,1087,8.87
2026-08-23 13:45:00,13,Sunday,1,Highway,100,Clear,32.2,79.4,0,1340,22.07
2026-08-23 14:00:00,14,Sunday,1,Highway,100,Rainy,33.1,43.5,0,1300,27.27
2026-08-23 14:15:00,14,Sunday,1,Downtown,50,Foggy,16.3,85.3,0,605,30.3
2026-08-23 14:30:00,14,Sunday,1,Highway,100,Clear,24.6,79.2,0,1118,14.81
2026-08-23 14:45:00,14,Sunday,1,Highway,100,Clear,30.3,71.0,0,1246,14.04
2026-08-23 15:00:00,15,Sunday,1,Arterial,70,Clear,15.1,50.0,0,1067,20.45
2026-08-23 15:15:00,15,Sunday,1,Arterial,70,Clear,22.1,54.8,0,599,9.92
2026-08-23 15:30:00,15,Sunday,1,Highway,100,Clear,22.6,50.1,0,1329,17.79
2026-08-23 15:45:00,15,Sunday,1,Arterial,70,Clear,32.3,54.0,0,898,13.51
2026-08-23 16:00:00,16,Sunday,1,Downtown,50,Clear,24.4,89.7,0,771,16.81
2026-08-23 16:15:00,16,Sunday,1,Downtown,50,Clear,27.8,56.1,0,591,9.71
2026-08-23 16:30:00,16,Sunday,1,Arterial,70,Clear,25.4,49.8,0,794,8.57
2026-08-23 16:45:00,16,Sunday,1,Arterial,70,Clear,21.2,48.9,0,1014,19.23
2026-08-23 17:00:00,17,Sunday,1,Residential,30,Rainy,17.0,40.1,0,291,23.79
2026-08-23 17:15:00,17,Sunday,1,Arterial,70,Clear,29.5,50.1,0,815,21.69
2026-08-23 17:30:00,17,Sunday,1,Downtown,50,Clear,30.0,74.1,0,583,12.26
2026-08-23 17:45:00,17,Sunday,1,Downtown,50,Clear,15.6,79.1,0,796,20.51
2026-08-23 18:00:00,18,Sunday,1,Highway,100,Clear,22.2,67.3,0,1428,19.37
2026-08-23 18:15:00,18,Sunday,1,Residential,30,Clear,18.1,58.3,0,444,19.66
2026-08-23 18:30:00,18,Sunday,1,Highway,100,Clear,26.5,49.0,0,1228,17.07
2026-08-23 18:45:00,18,Sunday,1,Downtown,50,Clear,28.4,54.0,0,690,17.0
2026-08-23 19:00:00,19,Sunday,1,Downtown,50,Foggy,19.1,83.5,0,856,38.44
2026-08-23 19:15:00,19,Sunday,1,Highway,100,Clear,17.6,84.8,0,1409,21.57
2026-08-23 19:30:00,19,Sunday,1,Residential,30,Clear,21.6,82.3,1,359,50.46
2026-08-23 19:45:00,19,Sunday,1,Highway,100,Rainy,30.5,78.1,0,1294,24.9
2026-08-23 20:00:00,20,Sunday,1,Downtown,50,Foggy,24.1,52.3,0,720,38.63
2026-08-23 20:15:00,20,Sunday,1,Downtown,50,Clear,15.1,88.4,0,583,6.44
2026-08-23 20:30:00,20,Sunday,1,Residential,30,Clear,31.1,40.9,0,273,19.98
2026-08-23 20:45:00,20,Sunday,1,Downtown,50,Clear,18.9,60.3,0,658,11.91
2026-08-23 21:00:00,21,Sunday,1,Highway,100,Clear,33.4,48.3,0,1136,21.03
2026-08-23 21:15:00,21,Sunday,1,Downtown,50,Clear,25.9,59.3,0,802,20.2
2026-08-23 21:30:00,21,Sunday,1,Arterial,70,Clear,18.6,79.5,0,1063,17.11
2026-08-23 21:45:00,21,Sunday,1,Downtown,50,Rainy,26.3,58.6,0,769,34.6
2026-08-23 22:00:00,22,Sunday,1,Arterial,70,Clear,23.9,79.2,0,830,16.81
2026-08-23 22:15:00,22,Sunday,1,Highway,100,Clear,31.9,62.9,0,1355,20.94
2026-08-23 22:30:00,22,Sunday,1,Residential,30,Clear,34.3,54.5,0,482,20.32
2026-08-23 22:45:00,22,Sunday,1,Residential,30,Clear,29.6,87.9,0,464,21.17
2026-08-23 23:00:00,23,Sunday,1,Downtown,50,Foggy,27.4,77.0,0,340,23.64
2026-08-23 23:15:00,23,Sunday,1,Arterial,70,Clear,34.0,67.6,0,460,0.52
2026-08-23 23:30:00,23,Sunday,1,Residential,30,Rainy,25.4,61.6,0,50,18.31
2026-08-23 23:45:00,23,Sunday,1,Arterial,70,Clear,34.2,75.1,0,185,2.18
2026-08-24 00:00:00,0,Monday,0,Arterial,70,Clear,23.4,82.6,1,77,33.59
2026-08-24 00:15:00,0,Monday,0,Downtown,50,Clear,19.4,49.0,0,103,1.94
2026-08-24 00:30:00,0,Monday,0,Highway,100,Clear,26.0,75.2,0,297,6.64
2026-08-24 00:45:00,0,Monday,0,Arterial,70,Clear,24.0,53.0,1,186,40.3
2026-08-24 01:00:00,1,Monday,0,Residential,30,Clear,15.3,57.3,0,50,1.34
2026-08-24 01:15:00,1,Monday,0,Highway,100,Clear,21.1,60.5,0,300,4.15
2026-08-24 01:30:00,1,Monday,0,Arterial,70,Foggy,23.4,62.1,0,316,24.45
2026-08-24 01:45:00,1,Monday,0,Highway,100,Clear,26.8,44.7,1,238,37.75
2026-08-24 02:00:00,2,Monday,0,Arterial,70,Clear,21.9,74.7,0,98,0.0
2026-08-24 02:15:00,2,Monday,0,Downtown,50,Clear,15.3,58.3,0,194,7.08
2026-08-24 02:30:00,2,Monday,0,Highway,100,Heavy Rain,19.9,78.2,0,78,26.16
2026-08-24 02:45:00,2,Monday,0,Residential,30,Clear,22.5,57.7,0,50,1.58
2026-08-24 03:00:00,3,Monday,0,Highway,100,Clear,24.1,48.7,0,308,1.4
2026-08-24 03:15:00,3,Monday,0,Arterial,70,Clear,30.1,49.7,0,238,4.95
2026-08-24 03:30:00,3,Monday,0,Highway,100,Foggy,19.6,86.3,0,316,23.17
2026-08-24 03:45:00,3,Monday,0,Residential,30,Clear,18.8,82.2,0,197,12.92
2026-08-24 04:00:00,4,Monday,0,Downtown,50,Clear,33.8,68.0,0,212,4.26
2026-08-24 04:15:00,4,Monday,0,Downtown,50,Rainy,20.5,51.3,0,141,11.57
2026-08-24 04:30:00,4,Monday,0,Downtown,50,Clear,22.5,58.0,0,330,9.52
2026-08-24 04:45:00,4,Monday,0,Downtown,50,Clear,32.9,69.1,0,195,6.04
2026-08-24 05:00:00,5,Monday,0,Residential,30,Clear,20.2,43.7,0,307,14.43
2026-08-24 05:15:00,5,Monday,0,Residential,30,Clear,18.3,82.4,0,188,12.16
2026-08-24 05:30:00,5,Monday,0,Highway,100,Clear,20.7,54.2,0,267,3.91
2026-08-24 05:45:00,5,Monday,0,Arterial,70,Clear,20.0,42.0,0,348,6.33
2026-08-24 06:00:00,6,Monday,0,Residential,30,Clear,24.4,72.0,0,205,11.08
2026-08-24 06:15:00,6,Monday,0,Highway,100,Clear,28.0,43.0,0,1075,18.33
2026-08-24 06:30:00,6,Monday,0,Residential,30,Clear,25.9,48.0,0,396,15.47
2026-08-24 06:45:00,6,Monday,0,Arterial,70,Heavy Rain,28.1,85.9,0,711,37.22
2026-08-24 07:00:00,7,Monday,0,Downtown,50,Clear,33.9,42.2,0,867,11.84
2026-08-24 07:15:00,7,Monday,0,Residential,30,Foggy,33.1,69.3,1,463,75.71
2026-08-24 07:30:00,7,Monday,0,Downtown,50,Rainy,27.8,76.3,0,575,27.94
2026-08-24 07:45:00,7,Monday,0,Downtown,50,Clear,33.0,73.7,0,796,16.85
2026-08-24 08:00:00,8,Monday,0,Highway,100,Foggy,28.1,49.5,0,2405,68.87
2026-08-24 08:15:00,8,Monday,0,Arterial,70,Heavy Rain,30.1,85.8,0,1694,79.64
2026-08-24 08:30:00,8,Monday,0,Arterial,70,Rainy,25.9,59.8,0,1555,63.19
2026-08-24 08:45:00,8,Monday,0,Residential,30,Foggy,31.1,47.9,0,900,82.3
2026-08-24 09:00:00,9,Monday,0,Residential,30,Foggy,18.1,89.8,0,735,76.87
2026-08-24 09:15:00,9,Monday,0,Downtown,50,Clear,32.4,71.9,0,1355,53.9
2026-08-24 09:30:00,9,Monday,0,Arterial,70,Rainy,28.2,73.5,0,1796,68.97
2026-08-24 09:45:00,9,Monday,0,Residential,30,Rainy,26.5,62.9,0,907,73.28
2026-08-24 10:00:00,10,Monday,0,Downtown,50,Clear,29.8,66.4,0,1502,54.05
2026-08-24 10:15:00,10,Monday,0,Arterial,70,Clear,23.0,43.8,0,1623,51.47
2026-08-24 10:30:00,10,Monday,0,Highway,100,Clear,28.5,71.9,0,2415,56.4
2026-08-24 10:45:00,10,Monday,0,Arterial,70,Clear,29.2,58.8,0,1608,52.17
2026-08-24 11:00:00,11,Monday,0,Downtown,50,Clear,23.7,50.1,0,637,9.51
2026-08-24 11:15:00,11,Monday,0,Highway,100,Rainy,16.8,84.5,0,1241,24.75
2026-08-24 11:30:00,11,Monday,0,Highway,100,Clear,25.6,86.1,1,1323,47.03
2026-08-24 11:45:00,11,Monday,0,Arterial,70,Clear,25.6,85.7,0,798,12.61
2026-08-24 12:00:00,12,Monday,0,Downtown,50,Rainy,27.6,89.7,0,749,29.06
2026-08-24 12:15:00,12,Monday,0,Downtown,50,Clear,18.1,52.3,0,669,5.46
2026-08-24 12:30:00,12,Monday,0,Residential,30,Clear,20.0,47.2,0,457,19.64
2026-08-24 12:45:00,12,Monday,0,Downtown,50,Clear,24.3,44.4,0,537,13.94
2026-08-24 13:00:00,13,Monday,0,Residential,30,Clear,27.3,52.8,0,327,11.84
2026-08-24 13:15:00,13,Monday,0,Highway,100,Rainy,22.0,49.3,0,1241,31.66
2026-08-24 13:30:00,13,Monday,0,Arterial,70,Clear,28.0,73.0,0,667,10.12
2026-08-24 13:45:00,13,Monday,0,Residential,30,Rainy,31.2,40.2,0,652,45.23
2026-08-24 14:00:00,14,Monday,0,Arterial,70,Clear,30.0,68.1,0,1056,19.31
2026-08-24 14:15:00,14,Monday,0,Residential,30,Clear,17.1,74.3,0,250,9.67
2026-08-24 14:30:00,14,Monday,0,Arterial,70,Clear,25.2,87.9,0,800,15.93
2026-08-24 14:45:00,14,Monday,0,Arterial,70,Clear,34.4,74.1,0,634,11.47
2026-08-24 15:00:00,15,Monday,0,Arterial,70,Clear,16.1,56.2,0,814,20.84
2026-08-24 15:15:00,15,Monday,0,Highway,100,Clear,16.4,73.1,0,1143,11.48
2026-08-24 15:30:00,15,Monday,0,Arterial,70,Heavy Rain,21.5,54.1,0,696,39.96
2026-08-24 15:45:00,15,Monday,0,Highway,100,Foggy,16.1,75.5,0,1137,36.09
2026-08-24 16:00:00,16,Monday,0,Highway,100,Clear,18.6,86.6,0,1248,16.68
2026-08-24 16:15:00,16,Monday,0,Arterial,70,Clear,31.2,42.1,0,1001,13.38
2026-08-24 16:30:00,16,Monday,0,Arterial,70,Rainy,19.1,66.6,0,835,22.35
2026-08-24 16:45:00,16,Monday,0,Residential,30,Foggy,20.6,84.2,0,419,32.66
2026-08-24 17:00:00,17,Monday,0,Residential,30,Clear,22.4,72.5,0,738,54.57
2026-08-24 17:15:00,17,Monday,0,Highway,100,Rainy,20.8,64.2,0,2570,67.34
2026-08-24 17:30:00,17,Monday,0,Downtown,50,Clear,22.0,66.3,0,1317,47.99
2026-08-24 17:45:00,17,Monday,0,Arterial,70,Clear,16.0,61.0,0,1654,47.86
2026-08-24 18:00:00,18,Monday,0,Highway,100,Clear,23.6,62.4,0,2555,51.4
2026-08-24 18:15:00,18,Monday,0,Arterial,70,Clear,22.9,61.4,0,1752,56.61
2026-08-24 18:30:00,18,Monday,0,Highway,100,Clear,23.4,56.0,0,2588,58.86
2026-08-24 18:45:00,18,Monday,0,Downtown,50,Clear,16.9,67.2,0,1408,54.56
2026-08-24 19:00:00,19,Monday,0,Arterial,70,Heavy Rain,22.5,48.1,0,1719,82.01
2026-08-24 19:15:00,19,Monday,0,Arterial,70,Clear,17.8,72.5,0,1835,52.03
2026-08-24 19:30:00,19,Monday,0,Highway,100,Clear,28.1,40.3,0,2494,49.55
2026-08-24 19:45:00,19,Monday,0,Highway,100,Clear,31.7,69.3,0,2424,50.55
2026-08-24 20:00:00,20,Monday,0,Arterial,70,Rainy,20.1,56.6,0,740,28.03
2026-08-24 20:15:00,20,Monday,0,Arterial,70,Foggy,29.8,48.1,0,842,35.33
2026-08-24 20:30:00,20,Monday,0,Downtown,50,Clear,31.7,70.2,0,613,13.31
2026-08-24 20:45:00,20,Monday,0,Downtown,50,Rainy,24.8,62.6,0,687,26.48
2026-08-24 21:00:00,21,Monday,0,Highway,100,Clear,34.2,53.1,0,1234,18.39
2026-08-24 21:15:00,21,Monday,0,Arterial,70,Clear,20.7,65.3,0,827,14.26
2026-08-24 21:30:00,21,Monday,0,Downtown,50,Clear,15.4,45.9,0,733,19.23
2026-08-24 21:45:00,21,Monday,0,Arterial,70,Clear,22.4,87.3,0,980,24.16
2026-08-24 22:00:00,22,Monday,0,Highway,100,Heavy Rain,30.1,59.1,0,1182,40.99
2026-08-24 22:15:00,22,Monday,0,Downtown,50,Clear,26.1,68.7,0,809,12.74
2026-08-24 22:30:00,22,Monday,0,Highway,100,Clear,26.1,87.1,0,1301,16.3
2026-08-24 22:45:00,22,Monday,0,Highway,100,Rainy,18.5,82.5,0,1395,32.87
2026-08-24 23:00:00,23,Monday,0,Downtown,50,Clear,20.8,56.9,0,152,3.92
2026-08-24 23:15:00,23,Monday,0,Downtown,50,Clear,18.5,51.3,0,476,7.83
2026-08-24 23:30:00,23,Monday,0,Arterial,70,Heavy Rain,20.9,78.1,0,220,34.19
2026-08-24 23:45:00,23,Monday,0,Arterial,70,Rainy,24.9,80.0,0,197,15.09
2026-08-25 00:00:00,0,Tuesday,0,Arterial,70,Foggy,26.4,66.0,0,327,24.55
2026-08-25 00:15:00,0,Tuesday,0,Arterial,70,Clear,34.5,47.1,0,607,6.87
2026-08-25 00:30:00,0,Tuesday,0,Arterial,70,Clear,33.5,75.2,0,320,4.97
2026-08-25 00:45:00,0,Tuesday,0,Arterial,70,Clear,17.4,52.6,0,86,4.36
2026-08-25 01:00:00,1,Tuesday,0,Residential,30,Clear,30.6,58.2,0,50,2.18
2026-08-25 01:15:00,1,Tuesday,0,Downtown,50,Rainy,22.8,59.8,0,69,10.0
2026-08-25 01:30:00,1,Tuesday,0,Highway,100,Clear,33.1,56.3,0,413,4.88
2026-08-25 01:45:00,1,Tuesday,0,Downtown,50,Clear,30.1,78.3,1,419,43.3
2026-08-25 02:00:00,2,Tuesday,0,Residential,30,Clear,22.4,64.6,0,50,0.09
2026-08-25 02:15:00,2,Tuesday,0,Residential,30,Rainy,29.7,60.5,0,110,18.74
2026-08-25 02:30:00,2,Tuesday,0,Highway,100,Foggy,34.5,84.1,0,280,16.8
2026-08-25 02:45:00,2,Tuesday,0,Arterial,70,Heavy Rain,34.1,86.1,0,300,34.71
2026-08-25 03:00:00,3,Tuesday,0,Arterial,70,Clear,30.0,44.5,0,222,0.6
2026-08-25 03:15:00,3,Tuesday,0,Residential,30,Heavy Rain,30.5,82.0,1,122,70.52
2026-08-25 03:30:00,3,Tuesday,0,Downtown,50,Clear,25.1,84.0,0,50,3.57
2026-08-25 03:45:00,3,Tuesday,0,Arterial,70,Clear,31.9,41.6,0,220,2.9
2026-08-25 04:00:00,4,Tuesday,0,Highway,100,Rainy,28.6,68.2,0,170,14.83
2026-08-25 04:15:00,4,Tuesday,0,Downtown,50,Rainy,32.1,87.7,0,103,13.12
2026-08-25 04:30:00,4,Tuesday,0,Residential,30,Clear,16.1,87.5,0,145,5.3
2026-08-25 04:45:00,4,Tuesday,0,Downtown,50,Clear,30.1,62.7,0,153,5.27
2026-08-25 05:00:00,5,Tuesday,0,Arterial,70,Heavy Rain,25.2,67.9,0,245,24.63
2026-08-25 05:15:00,5,Tuesday,0,Highway,100,Clear,27.0,49.2,0,249,5.04
2026-08-25 05:30:00,5,Tuesday,0,Downtown,50,Clear,34.9,89.0,0,261,5.38
2026-08-25 05:45:00,5,Tuesday,0,Residential,30,Clear,27.3,40.3,0,395,18.0
2026-08-25 06:00:00,6,Tuesday,0,Arterial,70,Clear,30.6,60.9,0,916,23.51
2026-08-25 06:15:00,6,Tuesday,0,Highway,100,Clear,21.4,81.0,0,1199,9.87
2026-08-25 06:30:00,6,Tuesday,0,Downtown,50,Rainy,21.7,65.5,0,618,27.86
2026-08-25 06:45:00,6,Tuesday,0,Downtown,50,Foggy,34.8,82.8,0,601,31.16
2026-08-25 07:00:00,7,Tuesday,0,Highway,100,Clear,27.8,66.7,0,1516,17.47
2026-08-25 07:15:00,7,Tuesday,0,Arterial,70,Rainy,33.5,61.6,0,901,26.72
2026-08-25 07:30:00,7,Tuesday,0,Arterial,70,Rainy,30.0,74.7,0,921,33.39
2026-08-25 07:45:00,7,Tuesday,0,Highway,100,Clear,26.9,88.0,0,1412,24.82
2026-08-25 08:00:00,8,Tuesday,0,Highway,100,Clear,17.7,42.6,0,2628,56.26
2026-08-25 08:15:00,8,Tuesday,0,Downtown,50,Clear,15.9,60.1,0,1512,50.24
2026-08-25 08:30:00,8,Tuesday,0,Highway,100,Clear,26.2,61.5,0,2473,52.18
2026-08-25 08:45:00,8,Tuesday,0,Arterial,70,Clear,19.7,44.3,0,1558,54.52
2026-08-25 09:00:00,9,Tuesday,0,Highway,100,Clear,28.8,59.6,0,2405,52.3
2026-08-25 09:15:00,9,Tuesday,0,Downtown,50,Rainy,29.1,56.4,0,1386,66.25
2026-08-25 09:30:00,9,Tuesday,0,Highway,100,Rainy,29.2,65.5,0,2511,62.19
2026-08-25 09:45:00,9,Tuesday,0,Highway,100,Clear,16.1,64.6,0,2335,51.31
2026-08-25 10:00:00,10,Tuesday,0,Highway,100,Clear,27.0,72.9,0,2692,54.56
2026-08-25 10:15:00,10,Tuesday,0,Highway,100,Clear,25.4,78.5,0,2333,49.3
2026-08-25 10:30:00,10,Tuesday,0,Residential,30,Clear,17.6,55.0,0,746,53.82
2026-08-25 10:45:00,10,Tuesday,0,Downtown,50,Clear,34.9,72.8,0,1619,64.89
2026-08-25 11:00:00,11,Tuesday,0,Highway,100,Rainy,33.2,46.1,0,1043,26.03
2026-08-25 11:15:00,11,Tuesday,0,Residential,30,Clear,20.5,84.3,0,525,25.6
2026-08-25 11:30:00,11,Tuesday,0,Highway,100,Clear,35.0,51.9,0,1355,15.74
2026-08-25 11:45:00,11,Tuesday,0,Residential,30,Clear,27.0,80.6,0,171,6.81
2026-08-25 12:00:00,12,Tuesday,0,Arterial,70,Rainy,34.9,67.7,0,1058,31.61
2026-08-25 12:15:00,12,Tuesday,0,Downtown,50,Foggy,20.3,62.1,0,613,32.36
2026-08-25 12:30:00,12,Tuesday,0,Highway,100,Clear,34.9,51.2,0,1196,13.2
2026-08-25 12:45:00,12,Tuesday,0,Arterial,70,Clear,33.9,58.1,0,714,13.26
2026-08-25 13:00:00,13,Tuesday,0,Downtown,50,Rainy,15.6,70.6,0,765,29.17
2026-08-25 13:15:00,13,Tuesday,0,Highway,100,Clear,19.6,89.8,0,1388,16.49
2026-08-25 13:30:00,13,Tuesday,0,Residential,30,Foggy,26.2,73.2,0,161,27.88
2026-08-25 13:45:00,13,Tuesday,0,Downtown,50,Clear,32.6,47.2,0,493,11.66
2026-08-25 14:00:00,14,Tuesday,0,Highway,100,Clear,34.4,87.1,0,1185,8.25
2026-08-25 14:15:00,14,Tuesday,0,Arterial,70,Clear,33.3,85.4,0,767,15.16
2026-08-25 14:30:00,14,Tuesday,0,Arterial,70,Foggy,28.0,63.4,1,738,69.47
2026-08-25 14:45:00,14,Tuesday,0,Arterial,70,Rainy,15.4,43.2,0,851,27.35
2026-08-25 15:00:00,15,Tuesday,0,Arterial,70,Rainy,31.9,87.7,0,1046,26.43
2026-08-25 15:15:00,15,Tuesday,0,Residential,30,Clear,16.4,50.1,0,489,25.54
2026-08-25 15:30:00,15,Tuesday,0,Highway,100,Rainy,28.2,60.4,0,1167,29.33
2026-08-25 15:45:00,15,Tuesday,0,Residential,30,Clear,33.0,77.0,0,473,18.93
2026-08-25 16:00:00,16,Tuesday,0,Residential,30,Clear,33.3,70.6,0,356,18.76
2026-08-25 16:15:00,16,Tuesday,0,Arterial,70,Clear,26.1,43.1,0,782,9.28
2026-08-25 16:30:00,16,Tuesday,0,Residential,30,Clear,30.7,60.4,0,331,12.36
2026-08-25 16:45:00,16,Tuesday,0,Highway,100,Clear,24.9,75.1,0,1115,15.11
2026-08-25 17:00:00,17,Tuesday,0,Downtown,50,Clear,27.3,84.1,0,1421,53.88
2026-08-25 17:15:00,17,Tuesday,0,Arterial,70,Rainy,21.4,54.9,0,1653,65.15
2026-08-25 17:30:00,17,Tuesday,0,Arterial,70,Rainy,32.2,68.4,0,1829,68.95
2026-08-25 17:45:00,17,Tuesday,0,Arterial,70,Clear,25.8,84.4,0,1744,56.99
2026-08-25 18:00:00,18,Tuesday,0,Arterial,70,Rainy,17.5,71.0,0,1661,64.45
2026-08-25 18:15:00,18,Tuesday,0,Highway,100,Clear,30.5,56.6,0,2596,56.43
2026-08-25 18:30:00,18,Tuesday,0,Residential,30,Clear,20.6,47.5,0,825,59.01
2026-08-25 18:45:00,18,Tuesday,0,Downtown,50,Foggy,32.7,42.7,0,1376,72.49
2026-08-25 19:00:00,19,Tuesday,0,Arterial,70,Clear,33.3,86.4,0,1542,48.35
2026-08-25 19:15:00,19,Tuesday,0,Arterial,70,Clear,28.4,66.4,0,1655,50.88
2026-08-25 19:30:00,19,Tuesday,0,Highway,100,Clear,24.4,62.5,0,2502,58.9
2026-08-25 19:45:00,19,Tuesday,0,Highway,100,Clear,26.9,41.1,0,2423,50.14
2026-08-25 20:00:00,20,Tuesday,0,Highway,100,Clear,20.3,84.2,0,1105,11.47
2026-08-25 20:15:00,20,Tuesday,0,Residential,30,Clear,27.2,76.8,0,211,9.18
2026-08-25 20:30:00,20,Tuesday,0,Downtown,50,Clear,26.1,45.2,0,761,16.46
2026-08-25 20:45:00,20,Tuesday,0,Highway,100,Clear,28.9,84.4,0,1176,10.27
2026-08-25 21:00:00,21,Tuesday,0,Arterial,70,Clear,29.8,40.4,0,914,18.37
2026-08-25 21:15:00,21,Tuesday,0,Downtown,50,Clear,33.7,66.1,0,727,12.33
2026-08-25 21:30:00,21,Tuesday,0,Arterial,70,Heavy Rain,24.5,77.8,0,851,41.43
2026-08-25 21:45:00,21,Tuesday,0,Arterial,70,Rainy,21.4,83.0,0,873,30.38
2026-08-25 22:00:00,22,Tuesday,0,Arterial,70,Clear,18.4,70.1,0,787,11.23
2026-08-25 22:15:00,22,Tuesday,0,Highway,100,Rainy,29.0,77.0,0,1329,33.08
2026-08-25 22:30:00,22,Tuesday,0,Arterial,70,Clear,16.5,79.2,0,823,14.68
2026-08-25 22:45:00,22,Tuesday,0,Arterial,70,Heavy Rain,16.8,63.7,0,905,47.92
2026-08-25 23:00:00,23,Tuesday,0,Downtown,50,Clear,23.7,70.9,0,460,13.59
2026-08-25 23:15:00,23,Tuesday,0,Arterial,70,Clear,27.6,77.7,0,282,1.38
2026-08-25 23:30:00,23,Tuesday,0,Highway,100,Clear,31.5,43.3,0,444,3.33
2026-08-25 23:45:00,23,Tuesday,0,Highway,100,Rainy,15.0,84.5,0,540,19.46
2026-08-26 00:00:00,0,Wednesday,0,Highway,100,Clear,22.4,66.9,0,600,9.13
2026-08-26 00:15:00,0,Wednesday,0,Downtown,50,Foggy,30.5,88.9,0,119,23.24
2026-08-26 00:30:00,0,Wednesday,0,Residential,30,Foggy,16.3,80.6,0,181,22.88
2026-08-26 00:45:00,0,Wednesday,0,Residential,30,Rainy,31.3,45.0,0,292,26.27
2026-08-26 01:00:00,1,Wednesday,0,Arterial,70,Foggy,28.9,45.9,0,294,21.74
2026-08-26 01:15:00,1,Wednesday,0,Highway,100,Heavy Rain,21.6,64.8,0,358,29.66
2026-08-26 01:30:00,1,Wednesday,0,Highway,100,Rainy,34.2,80.4,0,602,19.43
2026-08-26 01:45:00,1,Wednesday,0,Downtown,50,Clear,34.6,64.7,0,116,0.0
2026-08-26 02:00:00,2,Wednesday,0,Downtown,50,Clear,22.4,45.6,0,211,3.16
2026-08-26 02:15:00,2,Wednesday,0,Arterial,70,Clear,26.5,69.1,0,50,0.0
2026-08-26 02:30:00,2,Wednesday,0,Downtown,50,Clear,25.7,89.4,0,174,9.23
2026-08-26 02:45:00,2,Wednesday,0,Downtown,50,Clear,21.1,50.4,0,152,4.06
2026-08-26 03:00:00,3,Wednesday,0,Downtown,50,Clear,18.6,69.6,0,242,8.82
2026-08-26 03:15:00,3,Wednesday,0,Residential,30,Foggy,21.8,81.7,0,50,22.73
2026-08-26 03:30:00,3,Wednesday,0,Residential,30,Clear,26.9,74.6,0,160,14.91
2026-08-26 03:45:00,3,Wednesday,0,Arterial,70,Clear,16.1,48.9,0,132,0.0
2026-08-26 04:00:00,4,Wednesday,0,Arterial,70,Rainy,20.2,43.4,0,289,18.15
2026-08-26 04:15:00,4,Wednesday,0,Highway,100,Rainy,16.3,56.5,0,390,18.46
2026-08-26 04:30:00,4,Wednesday,0,Arterial,70,Clear,27.8,44.5,0,193,5.02
2026-08-26 04:45:00,4,Wednesday,0,Downtown,50,Clear,16.8,85.0,0,100,9.18
2026-08-26 05:00:00,5,Wednesday,0,Arterial,70,Clear,30.1,77.7,0,409,8.07
2026-08-26 05:15:00,5,Wednesday,0,Highway,100,Clear,28.0,45.3,0,280,8.28
2026-08-26 05:30:00,5,Wednesday,0,Highway,100,Foggy,15.9,85.2,0,395,23.48
2026-08-26 05:45:00,5,Wednesday,0,Residential,30,Foggy,32.7,65.5,0,200,27.85
2026-08-26 06:00:00,6,Wednesday,0,Downtown,50,Rainy,28.5,70.9,0,636,24.87
2026-08-26 06:15:00,6,Wednesday,0,Residential,30,Clear,24.7,82.5,0,300,12.41
2026-08-26 06:30:00,6,Wednesday,0,Downtown,50,Rainy,19.5,82.1,0,739,28.73
2026-08-26 06:45:00,6,Wednesday,0,Arterial,70,Clear,20.6,56.7,1,782,44.96
2026-08-26 07:00:00,7,Wednesday,0,Downtown,50,Clear,29.0,50.4,0,788,19.4
2026-08-26 07:15:00,7,Wednesday,0,Arterial,70,Clear,30.5,70.4,0,910,18.44
2026-08-26 07:30:00,7,Wednesday,0,Highway,100,Clear,20.5,73.7,0,1216,16.78
2026-08-26 07:45:00,7,Wednesday,0,Residential,30,Rainy,29.7,74.4,0,380,30.13
2026-08-26 08:00:00,8,Wednesday,0,Highway,100,Rainy,31.8,49.3,0,2444,68.31
2026-08-26 08:15:00,8,Wednesday,0,Arterial,70,Clear,19.3,86.9,0,1626,51.95
2026-08-26 08:30:00,8,Wednesday,0,Arterial,70,Clear,15.1,84.4,0,1722,55.83
2026-08-26 08:45:00,8,Wednesday,0,Downtown,50,Clear,34.2,75.6,0,1318,54.27
2026-08-26 09:00:00,9,Wednesday,0,Residential,30,Clear,28.0,43.9,0,689,54.61
2026-08-26 09:15:00,9,Wednesday,0,Residential,30,Clear,18.2,53.8,0,844,61.96
2026-08-26 09:30:00,9,Wednesday,0,Highway,100,Clear,19.4,54.8,0,2498,49.03
2026-08-26 09:45:00,9,Wednesday,0,Residential,30,Clear,32.2,64.9,0,630,53.42
2026-08-26 10:00:00,10,Wednesday,0,Residential,30,Clear,25.6,52.7,0,801,58.1
2026-08-26 10:15:00,10,Wednesday,0,Arterial,70,Rainy,34.0,64.7,0,1662,67.34
2026-08-26 10:30:00,10,Wednesday,0,Downtown,50,Clear,32.3,86.7,0,1386,53.05
2026-08-26 10:45:00,10,Wednesday,0,Downtown,50,Clear,27.8,57.5,0,1381,44.19
2026-08-26 11:00:00,11,Wednesday,0,Arterial,70,Clear,24.9,78.7,1,932,50.98
2026-08-26 11:15:00,11,Wednesday,0,Arterial,70,Clear,27.2,84.7,0,952,19.83
2026-08-26 11:30:00,11,Wednesday,0,Highway,100,Foggy,23.4,84.9,0,1300,36.67
2026-08-26 11:45:00,11,Wednesday,0,Arterial,70,Clear,28.8,69.9,0,785,20.07
2026-08-26 12:00:00,12,Wednesday,0,Highway,100,Foggy,33.5,50.6,0,1307,33.52
2026-08-26 12:15:00,12,Wednesday,0,Highway,100,Heavy Rain,27.2,41.1,0,1397,48.85
2026-08-26 12:30:00,12,Wednesday,0,Highway,100,Clear,33.3,71.7,0,1374,12.34
2026-08-26 12:45:00,12,Wednesday,0,Highway,100,Clear,16.2,71.5,0,1191,14.55
2026-08-26 13:00:00,13,Wednesday,0,Downtown,50,Rainy,31.6,72.6,0,664,35.23
2026-08-26 13:15:00,13,Wednesday,0,Highway,100,Clear,20.8,74.2,0,1358,13.59
2026-08-26 13:30:00,13,Wednesday,0,Arterial,70,Clear,15.0,46.1,0,928,17.94
2026-08-26 13:45:00,13,Wednesday,0,Downtown,50,Clear,22.7,71.2,0,803,22.75
2026-08-26 14:00:00,14,Wednesday,0,Arterial,70,Heavy Rain,31.7,70.4,0,942,47.73
2026-08-26 14:15:00,14,Wednesday,0,Highway,100,Rainy,17.7,61.5,0,1151,25.17
2026-08-26 14:30:00,14,Wednesday,0,Highway,100,Clear,19.5,61.3,0,1218,16.08
2026-08-26 14:45:00,14,Wednesday,0,Arterial,70,Heavy Rain,16.4,41.1,0,900,40.97
2026-08-26 15:00:00,15,Wednesday,0,Highway,100,Clear,16.0,68.0,0,1173,16.02
2026-08-26 15:15:00,15,Wednesday,0,Arterial,70,Clear,19.4,67.4,0,861,16.88
2026-08-26 15:30:00,15,Wednesday,0,Residential,30,Rainy,19.3,54.9,0,150,19.24
2026-08-26 15:45:00,15,Wednesday,0,Downtown,50,Foggy,22.2,69.8,0,674,35.79
2026-08-26 16:00:00,16,Wednesday,0,Highway,100,Foggy,32.7,81.0,0,1416,38.05
2026-08-26 16:15:00,16,Wednesday,0,Arterial,70,Clear,30.1,78.3,0,998,17.36
2026-08-26 16:30:00,16,Wednesday,0,Highway,100,Foggy,31.8,84.8,0,1040,32.71
2026-08-26 16:45:00,16,Wednesday,0,Highway,100,Clear,26.2,67.4,0,1138,13.79
2026-08-26 17:00:00,17,Wednesday,0,Highway,100,Clear,20.9,71.5,1,2624,88.08
2026-08-26 17:15:00,17,Wednesday,0,Residential,30,Clear,20.1,64.6,0,699,52.89
2026-08-26 17:30:00,17,Wednesday,0,Downtown,50,Clear,24.9,67.7,0,1269,54.97
2026-08-26 17:45:00,17,Wednesday,0,Arterial,70,Clear,34.7,49.4,0,1723,54.04
2026-08-26 18:00:00,18,Wednesday,0,Downtown,50,Clear,33.5,85.0,0,1505,56.62
2026-08-26 18:15:00,18,Wednesday,0,Arterial,70,Clear,30.9,74.9,0,1759,50.71
2026-08-26 18:30:00,18,Wednesday,0,Arterial,70,Clear,15.6,49.6,0,1422,44.93
2026-08-26 18:45:00,18,Wednesday,0,Highway,100,Clear,25.5,43.9,0,2863,56.96
2026-08-26 19:00:00,19,Wednesday,0,Highway,100,Clear,30.9,83.5,0,2645,54.02
2026-08-26 19:15:00,19,Wednesday,0,Residential,30,Clear,30.8,64.0,0,651,57.44
2026-08-26 19:30:00,19,Wednesday,0,Highway,100,Clear,32.3,83.9,0,2404,53.76
2026-08-26 19:45:00,19,Wednesday,0,Downtown,50,Foggy,20.2,57.4,0,1328,74.81
2026-08-26 20:00:00,20,Wednesday,0,Downtown,50,Foggy,24.1,42.0,0,599,33.77
2026-08-26 20:15:00,20,Wednesday,0,Highway,100,Clear,15.2,75.8,0,1149,16.84
2026-08-26 20:30:00,20,Wednesday,0,Residential,30,Clear,15.8,78.6,0,414,19.2
2026-08-26 20:45:00,20,Wednesday,0,Arterial,70,Rainy,21.1,75.7,0,825,28.11
2026-08-26 21:00:00,21,Wednesday,0,Arterial,70,Heavy Rain,18.1,52.7,0,878,43.15
2026-08-26 21:15:00,21,Wednesday,0,Arterial,70,Heavy Rain,27.6,66.6,0,999,49.36
2026-08-26 21:30:00,21,Wednesday,0,Highway,100,Clear,21.0,63.9,0,1293,18.16
2026-08-26 21:45:00,21,Wednesday,0,Highway,100,Clear,34.6,85.3,1,1404,53.5
2026-08-26 22:00:00,22,Wednesday,0,Arterial,70,Clear,20.7,41.9,0,842,14.72
2026-08-26 22:15:00,22,Wednesday,0,Downtown,50,Clear,31.5,84.4,0,683,14.49
2026-08-26 22:30:00,22,Wednesday,0,Downtown,50,Clear,24.8,47.6,0,686,16.55
2026-08-26 22:45:00,22,Wednesday,0,Arterial,70,Clear,16.3,61.2,0,704,11.98
2026-08-26 23:00:00,23,Wednesday,0,Downtown,50,Clear,28.4,87.8,0,255,4.58
2026-08-26 23:15:00,23,Wednesday,0,Arterial,70,Foggy,29.4,61.5,0,193,18.25
2026-08-26 23:30:00,23,Wednesday,0,Arterial,70,Clear,26.7,77.2,0,151,0.38
2026-08-26 23:45:00,23,Wednesday,0,Downtown,50,Clear,19.0,62.5,0,154,4.36
2026-08-27 00:00:00,0,Thursday,0,Downtown,50,Clear,29.5,73.1,0,246,4.0
2026-08-27 00:15:00,0,Thursday,0,Highway,100,Foggy,30.5,77.0,0,363,26.04
2026-08-27 00:30:00,0,Thursday,0,Downtown,50,Rainy,31.6,52.8,0,274,20.3
2026-08-27 00:45:00,0,Thursday,0,Arterial,70,Clear,34.4,60.8,0,50,0.0
2026-08-27 01:00:00,1,Thursday,0,Downtown,50,Rainy,34.6,47.4,0,82,14.04
2026-08-27 01:15:00,1,Thursday,0,Downtown,50,Clear,32.4,47.9,0,73,0.0
2026-08-27 01:30:00,1,Thursday,0,Highway,100,Clear,22.8,43.1,0,526,6.47
2026-08-27 01:45:00,1,Thursday,0,Residential,30,Clear,23.1,87.7,1,116,36.16
2026-08-27 02:00:00,2,Thursday,0,Downtown,50,Rainy,28.7,63.6,0,129,16.91
2026-08-27 02:15:00,2,Thursday,0,Arterial,70,Clear,31.6,58.7,0,333,4.78
2026-08-27 02:30:00,2,Thursday,0,Downtown,50,Rainy,16.1,64.3,0,55,16.57
2026-08-27 02:45:00,2,Thursday,0,Downtown,50,Clear,25.3,46.2,0,102,9.2
2026-08-27 03:00:00,3,Thursday,0,Highway,100,Clear,28.2,83.5,0,580,5.92
2026-08-27 03:15:00,3,Thursday,0,Arterial,70,Foggy,26.3,77.6,0,428,27.58
2026-08-27 03:30:00,3,Thursday,0,Highway,100,Clear,29.9,56.9,0,244,3.54
2026-08-27 03:45:00,3,Thursday,0,Highway,100,Heavy Rain,21.8,52.8,0,328,28.4
2026-08-27 04:00:00,4,Thursday,0,Arterial,70,Clear,29.1,72.1,0,279,6.16
2026-08-27 04:15:00,4,Thursday,0,Arterial,70,Clear,23.1,71.7,0,154,4.34
2026-08-27 04:30:00,4,Thursday,0,Arterial,70,Clear,15.2,59.6,0,155,0.0
2026-08-27 04:45:00,4,Thursday,0,Arterial,70,Clear,31.7,48.4,0,119,2.87
2026-08-27 05:00:00,5,Thursday,0,Downtown,50,Foggy,28.8,80.6,0,50,15.76
2026-08-27 05:15:00,5,Thursday,0,Downtown,50,Clear,24.4,45.0,0,98,4.12
2026-08-27 05:30:00,5,Thursday,0,Downtown,50,Foggy,18.5,62.6,0,362,26.06
2026-08-27 05:45:00,5,Thursday,0,Highway,100,Clear,16.2,88.6,0,311,6.33
2026-08-27 06:00:00,6,Thursday,0,Highway,100,Clear,25.1,45.3,0,1226,20.55
2026-08-27 06:15:00,6,Thursday,0,Residential,30,Clear,24.4,54.3,0,383,14.86
2026-08-27 06:30:00,6,Thursday,0,Residential,30,Clear,24.1,64.8,0,152,0.0
2026-08-27 06:45:00,6,Thursday,0,Residential,30,Clear,20.7,50.5,0,464,21.32
2026-08-27 07:00:00,7,Thursday,0,Arterial,70,Clear,18.8,63.5,0,919,19.32
2026-08-27 07:15:00,7,Thursday,0,Downtown,50,Foggy,26.0,64.0,0,706,30.02
2026-08-27 07:30:00,7,Thursday,0,Arterial,70,Rainy,22.0,44.6,0,866,27.31
2026-08-27 07:45:00,7,Thursday,0,Arterial,70,Clear,29.4,41.3,0,954,21.44
2026-08-27 08:00:00,8,Thursday,0,Highway,100,Foggy,33.0,85.0,0,2397,70.2
2026-08-27 08:15:00,8,Thursday,0,Highway,100,Clear,26.4,56.1,0,2619,55.63
2026-08-27 08:30:00,8,Thursday,0,Residential,30,Rainy,31.4,40.2,0,947,75.38
2026-08-27 08:45:00,8,Thursday,0,Downtown,50,Clear,33.8,80.7,0,1413,54.07
2026-08-27 09:00:00,9,Thursday,0,Arterial,70,Clear,20.9,64.3,0,1588,51.81
2026-08-27 09:15:00,9,Thursday,0,Downtown,50,Heavy Rain,21.0,66.8,0,1346,73.62
2026-08-27 09:30:00,9,Thursday,0,Downtown,50,Clear,18.1,50.1,0,1265,52.3
2026-08-27 09:45:00,9,Thursday,0,Arterial,70,Rainy,24.0,85.3,0,1602,63.16
2026-08-27 10:00:00,10,Thursday,0,Residential,30,Clear,22.7,80.5,0,912,62.24
2026-08-27 10:15:00,10,Thursday,0,Downtown,50,Foggy,24.3,82.4,0,1462,70.91
2026-08-27 10:30:00,10,Thursday,0,Highway,100,Clear,23.3,46.1,0,2651,58.28
2026-08-27 10:45:00,10,Thursday,0,Downtown,50,Clear,34.9,43.6,0,1467,50.4
2026-08-27 11:00:00,11,Thursday,0,Downtown,50,Clear,31.7,52.1,0,780,13.52
2026-08-27 11:15:00,11,Thursday,0,Arterial,70,Clear,22.1,65.0,0,803,19.91
2026-08-27 11:30:00,11,Thursday,0,Highway,100,Foggy,32.4,62.7,0,1139,31.25
2026-08-27 11:45:00,11,Thursday,0,Arterial,70,Rainy,30.4,82.6,0,626,23.54
2026-08-27 12:00:00,12,Thursday,0,Downtown,50,Clear,26.3,75.6,0,649,14.05
2026-08-27 12:15:00,12,Thursday,0,Highway,100,Clear,15.8,47.9,1,1251,43.58
2026-08-27 12:30:00,12,Thursday,0,Highway,100,Clear,21.5,66.5,0,1025,16.42
2026-08-27 12:45:00,12,Thursday,0,Arterial,70,Clear,28.8,49.8,0,694,5.66
2026-08-27 13:00:00,13,Thursday,0,Arterial,70,Clear,24.0,42.3,0,902,18.38
2026-08-27 13:15:00,13,Thursday,0,Downtown,50,Clear,31.2,46.4,0,732,15.51
2026-08-27 13:30:00,13,Thursday,0,Arterial,70,Rainy,31.0,63.3,0,842,26.52
2026-08-27 13:45:00,13,Thursday,0,Downtown,50,Clear,34.7,88.7,0,835,23.49
2026-08-27 14:00:00,14,Thursday,0,Downtown,50,Clear,32.6,82.9,0,977,20.58
2026-08-27 14:15:00,14,Thursday,0,Downtown,50,Heavy Rain,17.4,55.7,0,906,45.88
2026-08-27 14:30:00,14,Thursday,0,Highway,100,Rainy,28.5,69.3,0,1304,26.76
2026-08-27 14:45:00,14,Thursday,0,Arterial,70,Clear,32.6,68.0,0,872,20.87
2026-08-27 15:00:00,15,Thursday,0,Residential,30,Clear,30.5,48.2,0,283,10.84
2026-08-27 15:15:00,15,Thursday,0,Downtown,50,Rainy,19.6,53.5,0,483,19.17
2026-08-27 15:30:00,15,Thursday,0,Highway,100,Rainy,32.1,45.5,0,1333,30.0
2026-08-27 15:45:00,15,Thursday,0,Highway,100,Foggy,16.2,71.7,0,1235,35.39
2026-08-27 16:00:00,16,Thursday,0,Downtown,50,Clear,21.4,77.4,1,700,48.91
2026-08-27 16:15:00,16,Thursday,0,Residential,30,Clear,26.1,81.3,0,425,20.26
2026-08-27 16:30:00,16,Thursday,0,Highway,100,Clear,22.3,56.6,0,1245,18.58
2026-08-27 16:45:00,16,Thursday,0,Arterial,70,Clear,34.3,70.6,0,844,17.29
2026-08-27 17:00:00,17,Thursday,0,Arterial,70,Foggy,29.2,86.6,0,1684,73.18
2026-08-27 17:15:00,17,Thursday,0,Downtown,50,Clear,27.2,78.4,0,1101,47.19
2026-08-27 17:30:00,17,Thursday,0,Residential,30,Clear,17.5,41.4,0,692,53.47
2026-08-27 17:45:00,17,Thursday,0,Arterial,70,Foggy,34.0,42.7,0,1691,71.83
2026-08-27 18:00:00,18,Thursday,0,Downtown,50,Clear,30.7,74.7,0,1418,52.05
2026-08-27 18:15:00,18,Thursday,0,Downtown,50,Clear,15.2,50.6,1,1524,95.02
2026-08-27 18:30:00,18,Thursday,0,Downtown,50,Clear,15.1,62.0,0,1341,53.9
2026-08-27 18:45:00,18,Thursday,0,Highway,100,Clear,23.0,52.8,0,2420,50.27
2026-08-27 19:00:00,19,Thursday,0,Arterial,70,Clear,23.8,43.2,0,1662,54.48
2026-08-27 19:15:00,19,Thursday,0,Highway,100,Clear,16.4,68.3,0,2594,57.2
2026-08-27 19:30:00,19,Thursday,0,Arterial,70,Clear,27.2,53.5,0,1586,51.33
2026-08-27 19:45:00,19,Thursday,0,Arterial,70,Clear,25.8,46.0,0,1483,45.66
2026-08-27 20:00:00,20,Thursday,0,Highway,100,Clear,22.9,44.3,0,1159,14.05
2026-08-27 20:15:00,20,Thursday,0,Downtown,50,Rainy,22.7,47.5,0,517,22.36
2026-08-27 20:30:00,20,Thursday,0,Residential,30,Heavy Rain,28.8,80.4,0,295,41.91
2026-08-27 20:45:00,20,Thursday,0,Residential,30,Rainy,21.3,78.7,0,449,31.63
2026-08-27 21:00:00,21,Thursday,0,Highway,100,Rainy,22.2,59.6,0,1248,22.38
2026-08-27 21:15:00,21,Thursday,0,Downtown,50,Clear,31.1,78.4,0,794,17.97
2026-08-27 21:30:00,21,Thursday,0,Arterial,70,Clear,29.5,47.6,0,884,19.05
2026-08-27 21:45:00,21,Thursday,0,Arterial,70,Clear,21.1,73.7,0,807,14.19
2026-08-27 22:00:00,22,Thursday,0,Downtown,50,Rainy,16.9,80.4,0,812,33.89
2026-08-27 22:15:00,22,Thursday,0,Highway,100,Foggy,20.4,49.1,0,1331,34.25
2026-08-27 22:30:00,22,Thursday,0,Arterial,70,Clear,34.2,65.8,0,973,17.3
2026-08-27 22:45:00,22,Thursday,0,Highway,100,Clear,24.9,86.3,0,1368,14.6
2026-08-27 23:00:00,23,Thursday,0,Downtown,50,Clear,31.7,48.6,0,50,0.0
2026-08-27 23:15:00,23,Thursday,0,Highway,100,Clear,15.4,75.2,0,128,0.0
2026-08-27 23:30:00,23,Thursday,0,Arterial,70,Foggy,27.1,76.6,0,456,25.94
2026-08-27 23:45:00,23,Thursday,0,Downtown,50,Rainy,33.3,42.6,0,77,15.26
2026-08-28 00:00:00,0,Friday,0,Downtown,50,Clear,22.2,52.4,0,174,3.55
2026-08-28 00:15:00,0,Friday,0,Downtown,50,Clear,22.3,62.3,0,78,0.0
2026-08-28 00:30:00,0,Friday,0,Downtown,50,Clear,28.2,61.7,0,160,4.6
2026-08-28 00:45:00,0,Friday,0,Highway,100,Clear,29.4,65.5,0,445,3.16
2026-08-28 01:00:00,1,Friday,0,Arterial,70,Clear,30.5,58.1,0,321,2.37
2026-08-28 01:15:00,1,Friday,0,Downtown,50,Clear,26.4,75.1,1,132,38.97
2026-08-28 01:30:00,1,Friday,0,Downtown,50,Clear,25.1,66.3,0,181,4.28
2026-08-28 01:45:00,1,Friday,0,Highway,100,Clear,30.3,48.5,0,381,1.52
2026-08-28 02:00:00,2,Friday,0,Arterial,70,Clear,33.9,82.7,0,461,0.36
2026-08-28 02:15:00,2,Friday,0,Downtown,50,Clear,25.9,60.6,0,351,8.62
2026-08-28 02:30:00,2,Friday,0,Highway,100,Foggy,31.4,80.9,0,219,20.08
2026-08-28 02:45:00,2,Friday,0,Highway,100,Clear,16.6,69.0,0,360,5.28
2026-08-28 03:00:00,3,Friday,0,Arterial,70,Foggy,27.4,46.4,0,423,24.99
2026-08-28 03:15:00,3,Friday,0,Downtown,50,Clear,24.4,65.9,0,157,9.62
2026-08-28 03:30:00,3,Friday,0,Arterial,70,Clear,25.6,77.3,0,50,0.0
2026-08-28 03:45:00,3,Friday,0,Downtown,50,Rainy,30.0,52.3,0,238,21.79
2026-08-28 04:00:00,4,Friday,0,Downtown,50,Foggy,18.5,55.3,0,232,22.89
2026-08-28 04:15:00,4,Friday,0,Highway,100,Clear,34.9,49.5,0,477,4.26
2026-08-28 04:30:00,4,Friday,0,Arterial,70,Clear,33.7,55.9,0,136,0.89
2026-08-28 04:45:00,4,Friday,0,Downtown,50,Clear,21.6,79.0,0,148,3.93
2026-08-28 05:00:00,5,Friday,0,Downtown,50,Clear,31.2,68.2,0,142,0.0
2026-08-28 05:15:00,5,Friday,0,Downtown,50,Foggy,19.5,79.7,0,280,24.02
2026-08-28 05:30:00,5,Friday,0,Residential,30,Clear,18.9,47.5,0,69,0.98
2026-08-28 05:45:00,5,Friday,0,Highway,100,Clear,33.0,62.3,0,407,5.52
2026-08-28 06:00:00,6,Friday,0,Arterial,70,Clear,33.4,61.0,0,903,16.9
2026-08-28 06:15:00,6,Friday,0,Arterial,70,Foggy,25.1,73.4,0,867,36.4
2026-08-28 06:30:00,6,Friday,0,Highway,100,Clear,28.5,45.7,0,1311,10.66
2026-08-28 06:45:00,6,Friday,0,Highway,100,Clear,23.7,73.3,0,1152,12.54
2026-08-28 07:00:00,7,Friday,0,Residential,30,Clear,24.4,87.3,0,368,18.76
2026-08-28 07:15:00,7,Friday,0,Highway,100,Rainy,19.0,57.3,0,1377,27.82
2026-08-28 07:30:00,7,Friday,0,Highway,100,Clear,31.1,55.3,0,1408,16.28
2026-08-28 07:45:00,7,Friday,0,Highway,100,Clear,32.6,86.4,0,1238,20.52
2026-08-28 08:00:00,8,Friday,0,Arterial,70,Clear,20.4,74.8,0,1548,51.85
2026-08-28 08:15:00,8,Friday,0,Downtown,50,Clear,18.4,41.2,0,1311,49.67
2026-08-28 08:30:00,8,Friday,0,Arterial,70,Clear,33.7,46.0,0,1967,64.03
2026-08-28 08:45:00,8,Friday,0,Highway,100,Clear,30.6,63.2,0,2253,55.07
2026-08-28 09:00:00,9,Friday,0,Downtown,50,Rainy,21.3,80.6,0,1514,69.41
2026-08-28 09:15:00,9,Friday,0,Arterial,70,Rainy,27.6,61.3,0,1702,63.51
2026-08-28 09:30:00,9,Friday,0,Highway,100,Clear,27.0,55.4,0,2504,54.92
2026-08-28 09:45:00,9,Friday,0,Arterial,70,Clear,16.2,73.7,0,1604,51.86
2026-08-28 10:00:00,10,Friday,0,Highway,100,Foggy,18.5,51.0,0,2559,74.24
2026-08-28 10:15:00,10,Friday,0,Residential,30,Foggy,33.6,64.3,0,639,71.99
2026-08-28 10:30:00,10,Friday,0,Highway,100,Clear,29.3,46.2,0,2578,48.08
2026-08-28 10:45:00,10,Friday,0,Arterial,70,Foggy,17.8,74.9,0,1580,73.67
2026-08-28 11:00:00,11,Friday,0,Arterial,70,Clear,17.3,58.7,0,855,17.97
2026-08-28 11:15:00,11,Friday,0,Highway,100,Rainy,19.3,76.7,0,1253,27.51
2026-08-28 11:30:00,11,Friday,0,Arterial,70,Rainy,17.7,54.4,0,777,33.74
2026-08-28 11:45:00,11,Friday,0,Residential,30,Rainy,30.6,48.2,0,310,26.12
2026-08-28 12:00:00,12,Friday,0,Residential,30,Rainy,16.2,82.5,0,529,35.72
2026-08-28 12:15:00,12,Friday,0,Highway,100,Rainy,18.7,89.5,0,1331,33.41
2026-08-28 12:30:00,12,Friday,0,Highway,100,Clear,24.2,60.1,0,1288,12.54
2026-08-28 12:45:00,12,Friday,0,Downtown,50,Clear,30.6,61.6,0,625,11.62
2026-08-28 13:00:00,13,Friday,0,Highway,100,Clear,34.0,84.8,0,1326,15.9
2026-08-28 13:15:00,13,Friday,0,Residential,30,Rainy,22.8,70.4,0,308,28.76
2026-08-28 13:30:00,13,Friday,0,Residential,30,Foggy,33.0,69.8,1,381,64.95
2026-08-28 13:45:00,13,Friday,0,Residential,30,Clear,31.0,88.7,0,262,10.84
2026-08-28 14:00:00,14,Friday,0,Highway,100,Rainy,15.2,49.5,0,1268,26.14
2026-08-28 14:15:00,14,Friday,0,Highway,100,Clear,18.7,69.1,0,1213,16.49
2026-08-28 14:30:00,14,Friday,0,Downtown,50,Rainy,26.2,67.6,0,566,24.04
2026-08-28 14:45:00,14,Friday,0,Residential,30,Rainy,16.0,63.8,0,383,27.37
2026-08-28 15:00:00,15,Friday,0,Highway,100,Clear,27.5,58.3,0,1202,17.75
2026-08-28 15:15:00,15,Friday,0,Downtown,50,Rainy,18.1,42.3,0,851,31.93
2026-08-28 15:30:00,15,Friday,0,Highway,100,Rainy,16.9,84.2,0,1498,34.62
2026-08-28 15:45:00,15,Friday,0,Arterial,70,Clear,24.1,72.9,1,807,54.15
2026-08-28 16:00:00,16,Friday,0,Downtown,50,Clear,23.3,61.2,1,610,48.28
2026-08-28 16:15:00,16,Friday,0,Highway,100,Rainy,20.8,83.4,0,1398,27.38
2026-08-28 16:30:00,16,Friday,0,Arterial,70,Rainy,29.3,76.2,0,892,31.66
2026-08-28 16:45:00,16,Friday,0,Residential,30,Clear,33.6,47.4,0,304,17.47
2026-08-28 17:00:00,17,Friday,0,Arterial,70,Clear,19.5,45.3,0,1888,59.44
2026-08-28 17:15:00,17,Friday,0,Downtown,50,Clear,33.4,56.4,0,1407,55.98
2026-08-28 17:30:00,17,Friday,0,Residential,30,Clear,30.1,45.5,0,715,51.79
2026-08-28 17:45:00,17,Friday,0,Highway,100,Heavy Rain,32.1,80.2,0,2401,78.19
2026-08-28 18:00:00,18,Friday,0,Downtown,50,Clear,19.2,78.6,0,1451,55.41
2026-08-28 18:15:00,18,Friday,0,Downtown,50,Clear,20.6,56.9,0,1461,57.47
2026-08-28 18:30:00,18,Friday,0,Downtown,50,Foggy,20.3,68.9,0,1384,74.33
2026-08-28 18:45:00,18,Friday,0,Highway,100,Clear,32.0,45.4,0,2356,49.67
2026-08-28 19:00:00,19,Friday,0,Arterial,70,Clear,26.0,69.3,0,1469,48.51
2026-08-28 19:15:00,19,Friday,0,Arterial,70,Clear,27.0,46.5,0,1539,54.29
2026-08-28 19:30:00,19,Friday,0,Arterial,70,Foggy,15.4,80.6,0,1863,78.23
2026-08-28 19:45:00,19,Friday,0,Arterial,70,Clear,33.2,77.0,0,1675,44.68
2026-08-28 20:00:00,20,Friday,0,Downtown,50,Clear,32.3,42.3,0,848,15.8
2026-08-28 20:15:00,20,Friday,0,Highway,100,Clear,32.1,64.7,0,1272,14.84
2026-08-28 20:30:00,20,Friday,0,Highway,100,Clear,23.5,50.5,0,1043,12.7
2026-08-28 20:45:00,20,Friday,0,Highway,100,Clear,20.8,44.0,0,1095,15.05
2026-08-28 21:00:00,21,Friday,0,Arterial,70,Heavy Rain,34.1,66.6,0,785,42.75
2026-08-28 21:15:00,21,Friday,0,Arterial,70,Foggy,24.3,67.5,0,689,28.29
2026-08-28 21:30:00,21,Friday,0,Arterial,70,Rainy,20.0,66.2,0,690,24.86
2026-08-28 21:45:00,21,Friday,0,Arterial,70,Clear,31.8,71.4,0,694,14.29
2026-08-28 22:00:00,22,Friday,0,Arterial,70,Rainy,22.5,67.6,0,860,28.64
2026-08-28 22:15:00,22,Friday,0,Arterial,70,Rainy,16.8,52.3,0,1023,27.02
2026-08-28 22:30:00,22,Friday,0,Arterial,70,Clear,17.6,42.6,1,954,54.23
2026-08-28 22:45:00,22,Friday,0,Arterial,70,Clear,27.5,65.3,0,1015,15.47
2026-08-28 23:00:00,23,Friday,0,Downtown,50,Clear,31.3,71.8,0,122,4.17
2026-08-28 23:15:00,23,Friday,0,Residential,30,Clear,20.3,80.7,0,50,5.16
2026-08-28 23:30:00,23,Friday,0,Arterial,70,Clear,29.6,48.3,0,180,0.0
2026-08-28 23:45:00,23,Friday,0,Highway,100,Heavy Rain,31.3,62.4,0,366,34.9
2026-08-29 00:00:00,0,Saturday,1,Highway,100,Clear,21.5,62.4,0,453,4.21
2026-08-29 00:15:00,0,Saturday,1,Residential,30,Rainy,25.5,68.2,0,50,16.29
2026-08-29 00:30:00,0,Saturday,1,Downtown,50,Clear,32.9,74.4,0,50,1.49
2026-08-29 00:45:00,0,Saturday,1,Downtown,50,Rainy,15.2,58.3,0,361,24.83
2026-08-29 01:00:00,1,Saturday,1,Highway,100,Clear,30.7,60.1,0,361,2.1
2026-08-29 01:15:00,1,Saturday,1,Downtown,50,Clear,23.4,68.4,0,284,1.99
2026-08-29 01:30:00,1,Saturday,1,Downtown,50,Clear,29.3,69.1,0,257,7.42
2026-08-29 01:45:00,1,Saturday,1,Arterial,70,Heavy Rain,15.8,49.8,0,290,34.79
2026-08-29 02:00:00,2,Saturday,1,Residential,30,Clear,33.6,50.5,0,50,2.89
2026-08-29 02:15:00,2,Saturday,1,Downtown,50,Clear,19.4,48.6,0,190,9.09
2026-08-29 02:30:00,2,Saturday,1,Residential,30,Clear,31.9,88.4,0,64,0.62
2026-08-29 02:45:00,2,Saturday,1,Residential,30,Rainy,22.3,50.0,0,50,14.53
2026-08-29 03:00:00,3,Saturday,1,Downtown,50,Heavy Rain,15.8,54.3,0,219,33.06
2026-08-29 03:15:00,3,Saturday,1,Residential,30,Clear,28.5,72.7,0,117,2.79
2026-08-29 03:30:00,3,Saturday,1,Arterial,70,Clear,19.8,67.8,0,199,5.8
2026-08-29 03:45:00,3,Saturday,1,Residential,30,Clear,26.6,54.3,0,145,7.84
2026-08-29 04:00:00,4,Saturday,1,Downtown,50,Clear,27.7,88.0,0,192,4.83
2026-08-29 04:15:00,4,Saturday,1,Downtown,50,Rainy,31.4,75.5,0,254,18.36
2026-08-29 04:30:00,4,Saturday,1,Arterial,70,Heavy Rain,16.0,40.7,0,185,33.39
2026-08-29 04:45:00,4,Saturday,1,Downtown,50,Clear,20.8,54.3,0,50,6.24
2026-08-29 05:00:00,5,Saturday,1,Highway,100,Heavy Rain,31.4,66.2,0,425,30.03
2026-08-29 05:15:00,5,Saturday,1,Residential,30,Foggy,16.7,42.7,1,128,54.65
2026-08-29 05:30:00,5,Saturday,1,Highway,100,Rainy,17.4,72.2,0,365,12.94
2026-08-29 05:45:00,5,Saturday,1,Highway,100,Clear,17.7,42.0,1,494,40.77
2026-08-29 06:00:00,6,Saturday,1,Arterial,70,Clear,28.9,41.9,0,888,14.25
2026-08-29 06:15:00,6,Saturday,1,Residential,30,Heavy Rain,25.6,66.6,0,517,50.62
2026-08-29 06:30:00,6,Saturday,1,Downtown,50,Rainy,30.2,50.8,0,753,26.88
2026-08-29 06:45:00,6,Saturday,1,Highway,100,Foggy,31.5,74.1,0,1275,34.43
2026-08-29 07:00:00,7,Saturday,1,Downtown,50,Heavy Rain,16.9,75.4,0,749,42.27
2026-08-29 07:15:00,7,Saturday,1,Downtown,50,Clear,30.9,44.6,0,649,15.82
2026-08-29 07:30:00,7,Saturday,1,Arterial,70,Clear,27.1,61.2,0,911,16.05
2026-08-29 07:45:00,7,Saturday,1,Highway,100,Clear,16.9,43.7,0,1212,13.98
2026-08-29 08:00:00,8,Saturday,1,Highway,100,Clear,16.9,67.1,0,1367,23.43
2026-08-29 08:15:00,8,Saturday,1,Arterial,70,Clear,33.0,71.4,0,947,25.77
2026-08-29 08:30:00,8,Saturday,1,Arterial,70,Clear,28.5,41.9,0,855,20.2
2026-08-29 08:45:00,8,Saturday,1,Highway,100,Rainy,33.8,82.6,0,1546,34.25
2026-08-29 09:00:00,9,Saturday,1,Downtown,50,Rainy,19.0,82.2,0,579,24.38
2026-08-29 09:15:00,9,Saturday,1,Downtown,50,Clear,29.8,55.8,0,736,19.65
2026-08-29 09:30:00,9,Saturday,1,Highway,100,Rainy,30.1,51.8,1,1327,63.27
2026-08-29 09:45:00,9,Saturday,1,Highway,100,Clear,25.4,89.6,0,1308,15.35
2026-08-29 10:00:00,10,Saturday,1,Highway,100,Foggy,17.2,68.6,0,1372,33.99
2026-08-29 10:15:00,10,Saturday,1,Arterial,70,Clear,21.5,45.6,0,669,9.43
2026-08-29 10:30:00,10,Saturday,1,Residential,30,Clear,32.5,88.7,0,277,9.05
2026-08-29 10:45:00,10,Saturday,1,Residential,30,Clear,28.1,55.5,0,418,19.37
2026-08-29 11:00:00,11,Saturday,1,Highway,100,Clear,15.5,50.1,0,1272,13.97
2026-08-29 11:15:00,11,Saturday,1,Highway,100,Clear,18.8,86.8,0,1405,16.63
2026-08-29 11:30:00,11,Saturday,1,Arterial,70,Clear,23.9,67.9,0,1082,20.38
2026-08-29 11:45:00,11,Saturday,1,Arterial,70,Rainy,29.3,77.4,0,870,30.55
2026-08-29 12:00:00,12,Saturday,1,Arterial,70,Clear,27.8,89.9,0,1088,17.32
2026-08-29 12:15:00,12,Saturday,1,Downtown,50,Rainy,27.9,63.6,0,784,31.2
2026-08-29 12:30:00,12,Saturday,1,Highway,100,Clear,23.0,73.3,0,1227,18.95
2026-08-29 12:45:00,12,Saturday,1,Arterial,70,Clear,17.5,59.9,0,943,20.11
2026-08-29 13:00:00,13,Saturday,1,Arterial,70,Clear,31.6,48.7,0,799,16.96
2026-08-29 13:15:00,13,Saturday,1,Highway,100,Clear,19.3,83.5,0,1343,15.96
2026-08-29 13:30:00,13,Saturday,1,Highway,100,Foggy,19.2,85.6,0,1242,28.78
2026-08-29 13:45:00,13,Saturday,1,Arterial,70,Clear,21.8,75.7,0,906,19.23
2026-08-29 14:00:00,14,Saturday,1,Highway,100,Clear,18.4,43.7,0,1328,18.35
2026-08-29 14:15:00,14,Saturday,1,Residential,30,Clear,35.0,64.2,0,231,11.21
2026-08-29 14:30:00,14,Saturday,1,Highway,100,Clear,30.8,86.4,0,1313,12.32
2026-08-29 14:45:00,14,Saturday,1,Residential,30,Rainy,22.3,55.3,0,202,21.72
2026-08-29 15:00:00,15,Saturday,1,Arterial,70,Rainy,18.1,74.9,0,759,21.82
2026-08-29 15:15:00,15,Saturday,1,Residential,30,Rainy,30.8,65.8,0,519,37.01
2026-08-29 15:30:00,15,Saturday,1,Highway,100,Clear,24.5,61.9,1,1227,48.6
2026-08-29 15:45:00,15,Saturday,1,Downtown,50,Clear,26.2,77.1,0,671,13.4
2026-08-29 16:00:00,16,Saturday,1,Downtown,50,Clear,16.0,42.9,0,659,12.1
2026-08-29 16:15:00,16,Saturday,1,Highway,100,Clear,23.9,77.1,0,1421,17.62
2026-08-29 16:30:00,16,Saturday,1,Residential,30,Clear,23.6,71.6,0,331,11.31
2026-08-29 16:45:00,16,Saturday,1,Residential,30,Clear,20.7,87.4,0,536,19.97
2026-08-29 17:00:00,17,Saturday,1,Arterial,70,Clear,24.3,56.6,0,881,15.11
2026-08-29 17:15:00,17,Saturday,1,Highway,100,Clear,21.7,89.5,0,1295,20.79
2026-08-29 17:30:00,17,Saturday,1,Residential,30,Clear,27.1,79.9,0,376,19.69
2026-08-29 17:45:00,17,Saturday,1,Downtown,50,Clear,20.2,62.2,0,930,17.82
2026-08-29 18:00:00,18,Saturday,1,Arterial,70,Rainy,19.0,69.7,0,1032,29.27
2026-08-29 18:15:00,18,Saturday,1,Highway,100,Rainy,22.0,79.7,0,1208,23.62
2026-08-29 18:30:00,18,Saturday,1,Downtown,50,Rainy,23.0,86.9,0,587,24.16
2026-08-29 18:45:00,18,Saturday,1,Highway,100,Clear,16.8,63.1,0,1007,4.94
2026-08-29 19:00:00,19,Saturday,1,Highway,100,Clear,19.4,68.4,0,1201,11.1
2026-08-29 19:15:00,19,Saturday,1,Arterial,70,Rainy,21.4,53.6,0,979,30.68
2026-08-29 19:30:00,19,Saturday,1,Highway,100,Rainy,18.2,69.2,0,1288,25.79
2026-08-29 19:45:00,19,Saturday,1,Arterial,70,Clear,26.9,58.6,0,887,14.74
2026-08-29 20:00:00,20,Saturday,1,Arterial,70,Clear,17.6,53.9,0,851,18.64
2026-08-29 20:15:00,20,Saturday,1,Highway,100,Foggy,30.0,41.9,0,1181,33.39
2026-08-29 20:30:00,20,Saturday,1,Highway,100,Clear,15.0,42.3,0,1279,16.9
2026-08-29 20:45:00,20,Saturday,1,Arterial,70,Clear,28.7,63.7,0,976,18.35
2026-08-29 21:00:00,21,Saturday,1,Highway,100,Rainy,15.9,89.7,0,1264,28.29
2026-08-29 21:15:00,21,Saturday,1,Highway,100,Foggy,27.5,68.8,0,1290,28.87
2026-08-29 21:30:00,21,Saturday,1,Arterial,70,Foggy,15.6,66.5,0,854,32.44
2026-08-29 21:45:00,21,Saturday,1,Arterial,70,Heavy Rain,27.3,68.1,0,879,40.24
2026-08-29 22:00:00,22,Saturday,1,Arterial,70,Clear,33.6,75.0,0,838,16.99
2026-08-29 22:15:00,22,Saturday,1,Downtown,50,Clear,34.5,52.4,0,670,14.59
2026-08-29 22:30:00,22,Saturday,1,Arterial,70,Clear,19.4,44.8,0,814,10.24
2026-08-29 22:45:00,22,Saturday,1,Highway,100,Clear,17.6,45.0,0,1294,17.46
2026-08-29 23:00:00,23,Saturday,1,Residential,30,Clear,21.2,88.5,0,163,4.99
2026-08-29 23:15:00,23,Saturday,1,Highway,100,Clear,24.7,43.4,0,263,6.82
2026-08-29 23:30:00,23,Saturday,1,Arterial,70,Rainy,30.1,59.8,0,270,18.59
2026-08-29 23:45:00,23,Saturday,1,Residential,30,Clear,28.2,51.8,0,50,10.08
2026-08-30 00:00:00,0,Sunday,1,Downtown,50,Clear,30.3,82.9,0,50,4.54
2026-08-30 00:15:00,0,Sunday,1,Highway,100,Heavy Rain,27.0,51.4,0,425,33.0
2026-08-30 00:30:00,0,Sunday,1,Arterial,70,Clear,30.9,59.5,0,268,5.54
2026-08-30 00:45:00,0,Sunday,1,Highway,100,Foggy,23.8,54.5,0,286,18.35
2026-08-30 01:00:00,1,Sunday,1,Highway,100,Clear,29.7,74.3,0,109,0.12
2026-08-30 01:15:00,1,Sunday,1,Downtown,50,Clear,33.6,43.1,0,81,1.09
2026-08-30 01:30:00,1,Sunday,1,Arterial,70,Clear,29.3,41.9,0,231,2.19
2026-08-30 01:45:00,1,Sunday,1,Highway,100,Clear,29.4,78.7,0,215,0.44
2026-08-30 02:00:00,2,Sunday,1,Residential,30,Heavy Rain,26.8,50.5,0,283,41.21
2026-08-30 02:15:00,2,Sunday,1,Highway,100,Rainy,17.1,82.2,0,221,14.76
2026-08-30 02:30:00,2,Sunday,1,Arterial,70,Clear,33.1,51.5,0,118,0.09
2026-08-30 02:45:00,2,Sunday,1,Arterial,70,Rainy,25.5,45.4,0,57,9.65
2026-08-30 03:00:00,3,Sunday,1,Residential,30,Clear,18.7,41.4,0,197,10.37
2026-08-30 03:15:00,3,Sunday,1,Downtown,50,Rainy,20.2,89.5,0,195,11.18
2026-08-30 03:30:00,3,Sunday,1,Highway,100,Clear,22.0,72.4,0,378,9.36
2026-08-30 03:45:00,3,Sunday,1,Arterial,70,Heavy Rain,23.8,49.8,0,241,36.63
2026-08-30 04:00:00,4,Sunday,1,Downtown,50,Clear,23.1,41.7,0,50,0.0
2026-08-30 04:15:00,4,Sunday,1,Downtown,50,Clear,16.0,44.4,0,407,12.95
2026-08-30 04:30:00,4,Sunday,1,Highway,100,Clear,30.4,74.2,0,479,6.25
2026-08-30 04:45:00,4,Sunday,1,Arterial,70,Clear,21.1,60.9,0,149,5.18
2026-08-30 05:00:00,5,Sunday,1,Highway,100,Clear,33.7,48.2,0,701,6.7
2026-08-30 05:15:00,5,Sunday,1,Residential,30,Clear,17.2,55.8,0,50,0.0
2026-08-30 05:30:00,5,Sunday,1,Residential,30,Rainy,31.1,77.8,0,155,16.96
2026-08-30 05:45:00,5,Sunday,1,Arterial,70,Rainy,29.3,85.6,0,190,14.94
2026-08-30 06:00:00,6,Sunday,1,Arterial,70,Rainy,20.6,46.0,1,672,58.53
2026-08-30 06:15:00,6,Sunday,1,Highway,100,Foggy,31.4,70.7,0,1215,33.14
2026-08-30 06:30:00,6,Sunday,1,Arterial,70,Clear,34.0,57.9,0,772,15.89
2026-08-30 06:45:00,6,Sunday,1,Residential,30,Clear,26.9,40.6,0,320,12.14
2026-08-30 07:00:00,7,Sunday,1,Downtown,50,Rainy,17.1,79.9,0,783,32.36
2026-08-30 07:15:00,7,Sunday,1,Highway,100,Clear,20.9,79.7,0,1158,15.07
2026-08-30 07:30:00,7,Sunday,1,Arterial,70,Heavy Rain,33.8,89.7,0,951,45.49
2026-08-30 07:45:00,7,Sunday,1,Residential,30,Clear,30.5,86.0,0,389,23.18
2026-08-30 08:00:00,8,Sunday,1,Downtown,50,Clear,21.4,52.9,0,876,11.97
2026-08-30 08:15:00,8,Sunday,1,Highway,100,Clear,28.2,80.3,0,1179,16.44
2026-08-30 08:30:00,8,Sunday,1,Highway,100,Clear,31.9,67.8,0,1201,16.18
2026-08-30 08:45:00,8,Sunday,1,Highway,100,Clear,20.0,55.4,1,1493,58.29
2026-08-30 09:00:00,9,Sunday,1,Downtown,50,Clear,34.6,88.7,0,741,16.06
2026-08-30 09:15:00,9,Sunday,1,Highway,100,Clear,24.1,42.0,0,1191,11.89
2026-08-30 09:30:00,9,Sunday,1,Residential,30,Clear,26.7,64.3,0,147,9.26
2026-08-30 09:45:00,9,Sunday,1,Arterial,70,Clear,27.5,89.4,0,972,20.78
2026-08-30 10:00:00,10,Sunday,1,Downtown,50,Clear,26.3,84.8,0,742,15.47
2026-08-30 10:15:00,10,Sunday,1,Highway,100,Rainy,30.8,81.5,0,1269,29.0
2026-08-30 10:30:00,10,Sunday,1,Downtown,50,Clear,21.8,54.8,0,562,13.18
2026-08-30 10:45:00,10,Sunday,1,Arterial,70,Clear,23.8,47.8,0,826,18.75
2026-08-30 11:00:00,11,Sunday,1,Arterial,70,Clear,27.4,44.5,0,564,10.39
2026-08-30 11:15:00,11,Sunday,1,Arterial,70,Clear,20.8,57.4,0,969,18.44
2026-08-30 11:30:00,11,Sunday,1,Residential,30,Foggy,20.1,63.6,0,373,38.39
2026-08-30 11:45:00,11,Sunday,1,Highway,100,Clear,15.9,81.7,0,1124,15.91
2026-08-30 12:00:00,12,Sunday,1,Arterial,70,Clear,27.4,82.4,0,954,18.41
2026-08-30 12:15:00,12,Sunday,1,Arterial,70,Clear,28.0,62.0,0,875,14.06
2026-08-30 12:30:00,12,Sunday,1,Highway,100,Clear,18.6,74.4,0,1436,13.05
2026-08-30 12:45:00,12,Sunday,1,Highway,100,Rainy,20.4,43.6,0,1348,23.43
2026-08-30 13:00:00,13,Sunday,1,Downtown,50,Rainy,21.7,83.4,0,993,34.57
2026-08-30 13:15:00,13,Sunday,1,Highway,100,Clear,26.5,83.7,0,1242,10.83
2026-08-30 13:30:00,13,Sunday,1,Downtown,50,Clear,17.8,57.4,0,764,18.38
2026-08-30 13:45:00,13,Sunday,1,Highway,100,Clear,26.3,61.9,0,1242,21.24
2026-08-30 14:00:00,14,Sunday,1,Residential,30,Clear,16.4,87.7,0,366,21.1
2026-08-30 14:15:00,14,Sunday,1,Downtown,50,Clear,16.2,58.7,0,732,16.86
2026-08-30 14:30:00,14,Sunday,1,Downtown,50,Clear,15.9,79.4,0,655,22.07
2026-08-30 14:45:00,14,Sunday,1,Residential,30,Clear,23.0,65.4,0,234,12.39
2026-08-30 15:00:00,15,Sunday,1,Arterial,70,Clear,27.8,43.3,0,713,15.81
2026-08-30 15:15:00,15,Sunday,1,Highway,100,Rainy,15.8,85.0,0,1203,24.07
2026-08-30 15:30:00,15,Sunday,1,Residential,30,Clear,27.2,72.7,0,316,13.58
2026-08-30 15:45:00,15,Sunday,1,Downtown,50,Foggy,21.0,65.2,1,621,62.78
2026-08-30 16:00:00,16,Sunday,1,Arterial,70,Clear,25.2,50.4,0,957,20.45
2026-08-30 16:15:00,16,Sunday,1,Residential,30,Foggy,32.4,46.1,0,310,29.52
2026-08-30 16:30:00,16,Sunday,1,Highway,100,Rainy,29.3,48.0,0,1253,26.67
2026-08-30 16:45:00,16,Sunday,1,Highway,100,Heavy Rain,33.5,47.4,0,1461,41.1
2026-08-30 17:00:00,17,Sunday,1,Arterial,70,Rainy,21.7,43.5,0,1100,38.12
2026-08-30 17:15:00,17,Sunday,1,Downtown,50,Clear,34.8,89.5,0,821,13.41
2026-08-30 17:30:00,17,Sunday,1,Arterial,70,Clear,21.5,75.6,0,1061,14.98
2026-08-30 17:45:00,17,Sunday,1,Residential,30,Clear,16.9,55.9,0,306,18.84
2026-08-30 18:00:00,18,Sunday,1,Downtown,50,Rainy,17.1,78.3,0,620,20.76
2026-08-30 18:15:00,18,Sunday,1,Highway,100,Clear,21.6,83.5,0,1316,12.82
2026-08-30 18:30:00,18,Sunday,1,Downtown,50,Rainy,15.9,62.7,0,717,27.14
2026-08-30 18:45:00,18,Sunday,1,Downtown,50,Clear,28.9,49.4,0,725,18.35
2026-08-30 19:00:00,19,Sunday,1,Downtown,50,Clear,18.1,58.8,0,597,10.9
2026-08-30 19:15:00,19,Sunday,1,Highway,100,Rainy,18.2,81.5,0,1027,18.29
2026-08-30 19:30:00,19,Sunday,1,Downtown,50,Rainy,27.8,78.7,0,1108,39.23
2026-08-30 19:45:00,19,Sunday,1,Highway,100,Clear,24.3,63.6,0,1440,17.08
2026-08-30 20:00:00,20,Sunday,1,Arterial,70,Clear,34.4,83.6,0,863,14.25
2026-08-30 20:15:00,20,Sunday,1,Highway,100,Clear,28.6,68.9,0,1328,19.7
2026-08-30 20:30:00,20,Sunday,1,Downtown,50,Foggy,29.2,59.8,0,618,27.51
2026-08-30 20:45:00,20,Sunday,1,Downtown,50,Clear,31.3,77.9,0,590,12.7
2026-08-30 21:00:00,21,Sunday,1,Highway,100,Clear,31.4,65.5,0,1262,14.8
2026-08-30 21:15:00,21,Sunday,1,Downtown,50,Rainy,19.3,89.8,0,576,20.24
2026-08-30 21:30:00,21,Sunday,1,Highway,100,Clear,30.1,60.5,0,1372,17.16
2026-08-30 21:45:00,21,Sunday,1,Downtown,50,Clear,16.3,80.0,0,737,15.96
2026-08-30 22:00:00,22,Sunday,1,Residential,30,Rainy,29.5,40.0,0,240,28.08
2026-08-30 22:15:00,22,Sunday,1,Highway,100,Rainy,23.4,72.9,0,1268,27.31
2026-08-30 22:30:00,22,Sunday,1,Downtown,50,Clear,32.8,49.1,0,465,11.43
2026-08-30 22:45:00,22,Sunday,1,Arterial,70,Rainy,29.3,86.1,0,844,28.61
2026-08-30 23:00:00,23,Sunday,1,Arterial,70,Clear,19.9,47.5,0,83,4.48
2026-08-30 23:15:00,23,Sunday,1,Residential,30,Clear,16.4,43.1,0,135,5.47
2026-08-30 23:30:00,23,Sunday,1,Downtown,50,Clear,20.0,71.8,0,232,0.0
2026-08-30 23:45:00,23,Sunday,1,Residential,30,Rainy,32.8,53.9,0,132,15.33
2026-08-31 00:00:00,0,Monday,0,Arterial,70,Rainy,17.8,73.3,0,291,19.98
2026-08-31 00:15:00,0,Monday,0,Arterial,70,Rainy,20.7,73.9,0,158,14.29
2026-08-31 00:30:00,0,Monday,0,Arterial,70,Clear,21.8,46.4,0,171,3.47
2026-08-31 00:45:00,0,Monday,0,Residential,30,Foggy,24.8,78.5,0,50,18.0
2026-08-31 01:00:00,1,Monday,0,Downtown,50,Clear,33.4,88.8,0,373,15.64
2026-08-31 01:15:00,1,Monday,0,Residential,30,Rainy,27.1,74.0,0,91,14.89
2026-08-31 01:30:00,1,Monday,0,Highway,100,Clear,15.2,63.0,0,328,0.0
2026-08-31 01:45:00,1,Monday,0,Residential,30,Rainy,18.2,64.9,0,50,6.63
2026-08-31 02:00:00,2,Monday,0,Residential,30,Clear,29.7,55.0,0,50,5.13
2026-08-31 02:15:00,2,Monday,0,Downtown,50,Foggy,17.3,85.7,0,183,24.97
2026-08-31 02:30:00,2,Monday,0,Residential,30,Clear,17.3,57.0,1,50,40.79
2026-08-31 02:45:00,2,Monday,0,Downtown,50,Clear,16.0,50.1,0,303,4.25
2026-08-31 03:00:00,3,Monday,0,Highway,100,Clear,29.0,67.4,0,256,0.0
2026-08-31 03:15:00,3,Monday,0,Arterial,70,Clear,25.3,49.4,0,222,0.52
2026-08-31 03:30:00,3,Monday,0,Downtown,50,Rainy,23.6,79.4,0,301,18.1
2026-08-31 03:45:00,3,Monday,0,Highway,100,Clear,29.0,83.6,0,329,4.25
2026-08-31 04:00:00,4,Monday,0,Arterial,70,Clear,31.8,43.7,0,50,0.0
2026-08-31 04:15:00,4,Monday,0,Highway,100,Clear,34.5,65.7,0,479,5.14
2026-08-31 04:30:00,4,Monday,0,Downtown,50,Clear,30.5,77.6,0,53,0.11
2026-08-31 04:45:00,4,Monday,0,Highway,100,Clear,31.3,67.6,0,359,1.77
2026-08-31 05:00:00,5,Monday,0,Downtown,50,Rainy,30.9,81.2,0,180,19.35
2026-08-31 05:15:00,5,Monday,0,Highway,100,Clear,21.8,59.6,0,219,4.77
2026-08-31 05:30:00,5,Monday,0,Arterial,70,Clear,16.7,74.4,0,203,7.1
2026-08-31 05:45:00,5,Monday,0,Highway,100,Rainy,26.1,48.6,0,218,14.28
2026-08-31 06:00:00,6,Monday,0,Downtown,50,Clear,34.4,62.1,0,539,11.63
2026-08-31 06:15:00,6,Monday,0,Downtown,50,Clear,28.6,52.9,0,859,18.99
2026-08-31 06:30:00,6,Monday,0,Downtown,50,Clear,29.7,69.0,0,792,11.97
2026-08-31 06:45:00,6,Monday,0,Arterial,70,Clear,31.9,73.9,0,908,14.0
2026-08-31 07:00:00,7,Monday,0,Highway,100,Rainy,21.7,47.9,0,1290,27.14
2026-08-31 07:15:00,7,Monday,0,Highway,100,Rainy,17.2,65.4,0,1227,30.53
2026-08-31 07:30:00,7,Monday,0,Highway,100,Clear,23.9,83.0,0,1120,7.38
2026-08-31 07:45:00,7,Monday,0,Residential,30,Clear,28.4,76.0,0,212,7.74
2026-08-31 08:00:00,8,Monday,0,Highway,100,Foggy,31.6,72.5,0,2656,70.88
2026-08-31 08:15:00,8,Monday,0,Highway,100,Clear,25.9,53.1,0,2576,53.66
2026-08-31 08:30:00,8,Monday,0,Arterial,70,Clear,31.7,79.6,0,1846,59.67
2026-08-31 08:45:00,8,Monday,0,Residential,30,Clear,16.7,46.3,0,548,47.65
2026-08-31 09:00:00,9,Monday,0,Highway,100,Clear,31.3,80.3,0,2538,59.45
2026-08-31 09:15:00,9,Monday,0,Downtown,50,Clear,24.7,46.3,0,1544,51.59
2026-08-31 09:30:00,9,Monday,0,Highway,100,Clear,32.4,50.5,0,2579,49.81
2026-08-31 09:45:00,9,Monday,0,Arterial,70,Clear,28.8,85.4,0,1784,61.02
2026-08-31 10:00:00,10,Monday,0,Arterial,70,Clear,19.2,81.7,0,1460,51.68
2026-08-31 10:15:00,10,Monday,0,Residential,30,Clear,31.0,86.2,0,742,57.53
2026-08-31 10:30:00,10,Monday,0,Highway,100,Clear,31.3,63.4,0,2486,50.81
2026-08-31 10:45:00,10,Monday,0,Residential,30,Rainy,29.4,45.1,0,556,60.15
2026-08-31 11:00:00,11,Monday,0,Downtown,50,Clear,27.4,58.1,0,468,11.38
2026-08-31 11:15:00,11,Monday,0,Highway,100,Clear,27.4,45.1,0,1144,13.47
2026-08-31 11:30:00,11,Monday,0,Residential,30,Clear,17.2,78.4,0,385,19.22
2026-08-31 11:45:00,11,Monday,0,Highway,100,Clear,22.7,77.4,0,1162,16.39
2026-08-31 12:00:00,12,Monday,0,Arterial,70,Clear,34.6,41.0,0,985,15.54
2026-08-31 12:15:00,12,Monday,0,Downtown,50,Clear,30.5,51.6,0,867,23.46
2026-08-31 12:30:00,12,Monday,0,Arterial,70,Clear,33.3,88.8,0,1028,12.39
2026-08-31 12:45:00,12,Monday,0,Highway,100,Clear,34.5,67.4,0,1063,14.88
2026-08-31 13:00:00,13,Monday,0,Highway,100,Foggy,33.4,64.7,0,1065,35.35
2026-08-31 13:15:00,13,Monday,0,Highway,100,Foggy,19.8,75.6,0,1324,37.34
2026-08-31 13:30:00,13,Monday,0,Highway,100,Clear,20.2,75.7,0,1107,10.4
2026-08-31 13:45:00,13,Monday,0,Highway,100,Clear,29.3,70.5,0,1253,19.59
2026-08-31 14:00:00,14,Monday,0,Downtown,50,Rainy,32.0,82.5,0,796,32.27
2026-08-31 14:15:00,14,Monday,0,Highway,100,Clear,17.1,49.5,0,1277,17.26
2026-08-31 14:30:00,14,Monday,0,Residential,30,Clear,31.9,56.9,0,306,17.43
2026-08-31 14:45:00,14,Monday,0,Highway,100,Foggy,26.4,82.9,0,1169,33.76
2026-08-31 15:00:00,15,Monday,0,Downtown,50,Clear,26.3,80.1,0,889,18.41
2026-08-31 15:15:00,15,Monday,0,Residential,30,Clear,27.5,87.6,0,241,11.3
2026-08-31 15:30:00,15,Monday,0,Highway,100,Clear,15.7,45.1,0,1246,13.89
2026-08-31 15:45:00,15,Monday,0,Downtown,50,Rainy,33.1,77.3,0,823,33.16
2026-08-31 16:00:00,16,Monday,0,Arterial,70,Rainy,16.4,69.7,0,803,27.95
2026-08-31 16:15:00,16,Monday,0,Highway,100,Clear,33.9,44.2,0,1236,15.16
2026-08-31 16:30:00,16,Monday,0,Arterial,70,Clear,31.5,71.7,0,720,10.54
2026-08-31 16:45:00,16,Monday,0,Downtown,50,Clear,17.9,76.0,1,732,48.84
2026-08-31 17:00:00,17,Monday,0,Highway,100,Clear,31.6,65.4,0,2530,56.81
2026-08-31 17:15:00,17,Monday,0,Downtown,50,Clear,18.7,63.3,0,1515,52.34
2026-08-31 17:30:00,17,Monday,0,Highway,100,Clear,25.9,75.5,0,2766,58.18
2026-08-31 17:45:00,17,Monday,0,Arterial,70,Clear,25.9,85.3,0,1880,54.3
2026-08-31 18:00:00,18,Monday,0,Highway,100,Rainy,28.3,57.6,0,2630,64.98
2026-08-31 18:15:00,18,Monday,0,Highway,100,Clear,20.2,80.8,0,2572,57.43
2026-08-31 18:30:00,18,Monday,0,Downtown,50,Clear,28.6,41.6,0,1495,57.18
2026-08-31 18:45:00,18,Monday,0,Downtown,50,Clear,20.5,80.0,0,1329,51.32
2026-08-31 19:00:00,19,Monday,0,Downtown,50,Clear,20.1,70.1,0,1401,59.19
2026-08-31 19:15:00,19,Monday,0,Highway,100,Clear,30.0,49.4,1,2544,89.99
2026-08-31 19:30:00,19,Monday,0,Highway,100,Clear,21.0,46.9,1,2466,85.6
2026-08-31 19:45:00,19,Monday,0,Residential,30,Clear,24.4,88.8,0,643,51.92
2026-08-31 20:00:00,20,Monday,0,Downtown,50,Clear,29.0,61.6,0,565,13.27
2026-08-31 20:15:00,20,Monday,0,Downtown,50,Rainy,25.9,58.4,0,532,26.71
2026-08-31 20:30:00,20,Monday,0,Downtown,50,Clear,17.5,45.7,0,815,14.77
2026-08-31 20:45:00,20,Monday,0,Highway,100,Clear,19.6,47.0,0,1332,19.44
2026-08-31 21:00:00,21,Monday,0,Highway,100,Clear,22.2,74.5,0,1408,19.42
2026-08-31 21:15:00,21,Monday,0,Arterial,70,Clear,16.3,61.4,0,653,16.62
2026-08-31 21:30:00,21,Monday,0,Highway,100,Clear,17.7,75.1,0,1376,24.81
2026-08-31 21:45:00,21,Monday,0,Arterial,70,Rainy,33.4,62.0,0,897,26.16
2026-08-31 22:00:00,22,Monday,0,Arterial,70,Heavy Rain,26.7,54.4,0,796,40.51
2026-08-31 22:15:00,22,Monday,0,Highway,100,Foggy,27.2,80.5,0,1284,35.46
2026-08-31 22:30:00,22,Monday,0,Arterial,70,Clear,30.7,64.6,0,850,9.32
2026-08-31 22:45:00,22,Monday,0,Arterial,70,Rainy,30.4,78.4,0,933,33.05
2026-08-31 23:00:00,23,Monday,0,Residential,30,Clear,25.4,75.1,0,200,4.47
2026-08-31 23:15:00,23,Monday,0,Highway,100,Rainy,26.2,73.7,0,287,17.92
2026-08-31 23:30:00,23,Monday,0,Downtown,50,Clear,28.1,42.5,0,185,8.53
2026-08-31 23:45:00,23,Monday,0,Arterial,70,Clear,33.6,77.8,0,214,5.86
2026-09-01 00:00:00,0,Tuesday,0,Downtown,50,Rainy,34.9,61.4,0,50,13.28
2026-09-01 00:15:00,0,Tuesday,0,Highway,100,Heavy Rain,34.0,56.3,0,347,35.6
2026-09-01 00:30:00,0,Tuesday,0,Highway,100,Clear,17.8,79.8,0,405,10.79
2026-09-01 00:45:00,0,Tuesday,0,Arterial,70,Clear,21.7,82.0,0,148,6.36
2026-09-01 01:00:00,1,Tuesday,0,Downtown,50,Clear,28.0,42.7,0,263,7.26
2026-09-01 01:15:00,1,Tuesday,0,Downtown,50,Clear,32.6,43.6,0,109,2.29
2026-09-01 01:30:00,1,Tuesday,0,Arterial,70,Clear,34.8,71.1,0,164,6.42
2026-09-01 01:45:00,1,Tuesday,0,Arterial,70,Clear,21.5,66.4,0,246,4.45
2026-09-01 02:00:00,2,Tuesday,0,Residential,30,Clear,30.3,49.0,0,50,6.04
2026-09-01 02:15:00,2,Tuesday,0,Highway,100,Clear,31.9,45.4,0,286,6.04
2026-09-01 02:30:00,2,Tuesday,0,Arterial,70,Clear,16.9,70.7,0,190,0.0
2026-09-01 02:45:00,2,Tuesday,0,Arterial,70,Rainy,32.2,78.3,0,221,13.5
2026-09-01 03:00:00,3,Tuesday,0,Residential,30,Clear,32.6,45.5,0,50,1.03
2026-09-01 03:15:00,3,Tuesday,0,Highway,100,Clear,34.3,72.9,0,270,4.73
2026-09-01 03:30:00,3,Tuesday,0,Arterial,70,Clear,22.2,77.0,0,379,7.5
2026-09-01 03:45:00,3,Tuesday,0,Highway,100,Clear,28.2,78.6,0,518,4.22
2026-09-01 04:00:00,4,Tuesday,0,Highway,100,Rainy,18.2,60.6,0,314,15.87
2026-09-01 04:15:00,4,Tuesday,0,Arterial,70,Clear,17.0,40.5,0,142,3.1
2026-09-01 04:30:00,4,Tuesday,0,Highway,100,Clear,27.9,43.2,0,330,2.0
2026-09-01 04:45:00,4,Tuesday,0,Arterial,70,Clear,26.5,69.2,0,106,0.0
2026-09-01 05:00:00,5,Tuesday,0,Arterial,70,Rainy,17.8,82.9,0,311,18.93
2026-09-01 05:15:00,5,Tuesday,0,Residential,30,Clear,20.1,70.3,0,181,11.02
2026-09-01 05:30:00,5,Tuesday,0,Downtown,50,Clear,26.1,45.1,0,455,1.24
2026-09-01 05:45:00,5,Tuesday,0,Downtown,50,Rainy,25.7,57.8,0,83,12.64
2026-09-01 06:00:00,6,Tuesday,0,Downtown,50,Rainy,34.4,62.8,1,764,61.16
2026-09-01 06:15:00,6,Tuesday,0,Residential,30,Clear,24.0,65.8,0,341,17.6
2026-09-01 06:30:00,6,Tuesday,0,Downtown,50,Foggy,20.6,64.7,1,849,67.71
2026-09-01 06:45:00,6,Tuesday,0,Downtown,50,Clear,31.1,60.6,0,567,18.19
2026-09-01 07:00:00,7,Tuesday,0,Arterial,70,Clear,21.9,61.7,0,805,18.64
2026-09-01 07:15:00,7,Tuesday,0,Highway,100,Rainy,15.4,70.0,0,1223,26.68
2026-09-01 07:30:00,7,Tuesday,0,Highway,100,Heavy Rain,30.1,55.6,0,1188,49.25
2026-09-01 07:45:00,7,Tuesday,0,Highway,100,Clear,30.7,84.4,0,1059,11.22
2026-09-01 08:00:00,8,Tuesday,0,Highway,100,Clear,19.1,43.3,0,2668,56.51
2026-09-01 08:15:00,8,Tuesday,0,Arterial,70,Clear,22.2,78.9,0,1603,51.02
2026-09-01 08:30:00,8,Tuesday,0,Residential,30,Heavy Rain,28.2,50.7,0,882,91.62
2026-09-01 08:45:00,8,Tuesday,0,Residential,30,Clear,33.3,84.9,0,601,54.42
2026-09-01 09:00:00,9,Tuesday,0,Downtown,50,Clear,21.5,56.1,0,1549,55.89
2026-09-01 09:15:00,9,Tuesday,0,Highway,100,Heavy Rain,28.6,85.5,0,2362,78.59
2026-09-01 09:30:00,9,Tuesday,0,Residential,30,Rainy,17.1,58.0,0,636,67.59
2026-09-01 09:45:00,9,Tuesday,0,Highway,100,Clear,15.8,52.9,0,2498,55.46
2026-09-01 10:00:00,10,Tuesday,0,Arterial,70,Clear,28.2,54.0,0,1488,49.87
2026-09-01 10:15:00,10,Tuesday,0,Arterial,70,Clear,27.6,83.9,0,1597,49.07
2026-09-01 10:30:00,10,Tuesday,0,Highway,100,Clear,17.1,85.6,0,2511,55.37
2026-09-01 10:45:00,10,Tuesday,0,Residential,30,Rainy,32.5,42.0,0,882,80.8
2026-09-01 11:00:00,11,Tuesday,0,Arterial,70,Rainy,34.4,81.4,0,1074,31.85
2026-09-01 11:15:00,11,Tuesday,0,Arterial,70,Clear,32.9,85.3,0,788,18.03
2026-09-01 11:30:00,11,Tuesday,0,Arterial,70,Rainy,23.0,42.0,0,708,24.44
2026-09-01 11:45:00,11,Tuesday,0,Arterial,70,Foggy,32.2,62.3,0,894,33.05
2026-09-01 12:00:00,12,Tuesday,0,Arterial,70,Rainy,27.9,51.6,0,1009,32.19
2026-09-01 12:15:00,12,Tuesday,0,Highway,100,Clear,20.8,83.0,0,1267,15.62
2026-09-01 12:30:00,12,Tuesday,0,Highway,100,Foggy,17.5,49.8,0,1147,35.57
2026-09-01 12:45:00,12,Tuesday,0,Arterial,70,Clear,23.0,67.0,0,807,16.32
2026-09-01 13:00:00,13,Tuesday,0,Residential,30,Clear,27.3,52.9,0,140,6.15
2026-09-01 13:15:00,13,Tuesday,0,Arterial,70,Clear,20.4,54.6,1,982,54.54
2026-09-01 13:30:00,13,Tuesday,0,Highway,100,Clear,25.4,81.3,0,1140,15.38
2026-09-01 13:45:00,13,Tuesday,0,Residential,30,Clear,17.1,60.7,0,548,22.98
2026-09-01 14:00:00,14,Tuesday,0,Arterial,70,Clear,25.3,64.9,0,764,14.54
2026-09-01 14:15:00,14,Tuesday,0,Arterial,70,Heavy Rain,30.3,54.4,0,715,39.83
2026-09-01 14:30:00,14,Tuesday,0,Downtown,50,Clear,32.2,59.0,0,796,14.29
2026-09-01 14:45:00,14,Tuesday,0,Highway,100,Clear,31.3,82.8,0,1200,17.83
2026-09-01 15:00:00,15,Tuesday,0,Arterial,70,Clear,23.8,82.3,0,751,13.04
2026-09-01 15:15:00,15,Tuesday,0,Downtown,50,Clear,16.2,74.1,0,780,20.82
2026-09-01 15:30:00,15,Tuesday,0,Downtown,50,Clear,24.1,83.5,0,671,19.38
2026-09-01 15:45:00,15,Tuesday,0,Arterial,70,Clear,27.1,73.8,0,684,20.26
2026-09-01 16:00:00,16,Tuesday,0,Downtown,50,Clear,23.6,66.4,0,678,16.68
2026-09-01 16:15:00,16,Tuesday,0,Highway,100,Rainy,27.1,85.5,0,1116,26.32
2026-09-01 16:30:00,16,Tuesday,0,Arterial,70,Rainy,32.1,81.7,0,936,35.98
2026-09-01 16:45:00,16,Tuesday,0,Arterial,70,Foggy,19.2,61.9,0,931,37.95
2026-09-01 17:00:00,17,Tuesday,0,Highway,100,Clear,33.2,57.9,0,2631,50.57
2026-09-01 17:15:00,17,Tuesday,0,Downtown,50,Clear,22.6,61.5,0,1321,49.3
2026-09-01 17:30:00,17,Tuesday,0,Arterial,70,Clear,22.3,81.3,0,1346,47.74
2026-09-01 17:45:00,17,Tuesday,0,Arterial,70,Rainy,19.6,74.5,0,1741,65.02
2026-09-01 18:00:00,18,Tuesday,0,Arterial,70,Rainy,25.0,41.6,0,1760,64.6
2026-09-01 18:15:00,18,Tuesday,0,Residential,30,Foggy,17.0,70.4,0,822,83.25
2026-09-01 18:30:00,18,Tuesday,0,Highway,100,Rainy,29.6,68.8,0,2548,61.72
2026-09-01 18:45:00,18,Tuesday,0,Highway,100,Clear,30.6,73.8,0,2497,55.51
2026-09-01 19:00:00,19,Tuesday,0,Arterial,70,Clear,24.3,65.6,0,1639,48.73
2026-09-01 19:15:00,19,Tuesday,0,Arterial,70,Clear,29.0,42.8,0,1596,46.83
2026-09-01 19:30:00,19,Tuesday,0,Downtown,50,Clear,33.3,82.1,0,1343,50.64
2026-09-01 19:45:00,19,Tuesday,0,Arterial,70,Clear,17.5,66.6,0,1754,61.19
2026-09-01 20:00:00,20,Tuesday,0,Downtown,50,Clear,33.5,75.0,0,784,15.35
2026-09-01 20:15:00,20,Tuesday,0,Arterial,70,Clear,16.0,66.9,0,840,19.08
2026-09-01 20:30:00,20,Tuesday,0,Highway,100,Clear,20.4,47.0,0,1119,16.37
2026-09-01 20:45:00,20,Tuesday,0,Residential,30,Foggy,29.9,57.2,0,213,23.16
2026-09-01 21:00:00,21,Tuesday,0,Highway,100,Clear,28.4,51.6,0,1369,17.62
2026-09-01 21:15:00,21,Tuesday,0,Downtown,50,Clear,27.2,72.7,0,586,14.43
2026-09-01 21:30:00,21,Tuesday,0,Highway,100,Clear,33.2,84.6,0,1265,19.83
2026-09-01 21:45:00,21,Tuesday,0,Arterial,70,Clear,28.6,70.0,0,765,18.52
2026-09-01 22:00:00,22,Tuesday,0,Arterial,70,Clear,17.3,48.1,0,823,19.68
2026-09-01 22:15:00,22,Tuesday,0,Arterial,70,Clear,27.0,63.4,0,777,15.91
2026-09-01 22:30:00,22,Tuesday,0,Downtown,50,Clear,26.6,82.8,0,833,14.61
2026-09-01 22:45:00,22,Tuesday,0,Downtown,50,Rainy,22.0,73.3,0,888,38.76
2026-09-01 23:00:00,23,Tuesday,0,Highway,100,Rainy,32.3,50.2,0,643,15.03
2026-09-01 23:15:00,23,Tuesday,0,Highway,100,Rainy,32.2,47.1,0,376,20.26
2026-09-01 23:30:00,23,Tuesday,0,Highway,100,Clear,24.8,65.4,0,291,3.67
2026-09-01 23:45:00,23,Tuesday,0,Highway,100,Clear,27.3,56.8,0,105,1.3
2026-09-02 00:00:00,0,Wednesday,0,Downtown,50,Rainy,16.4,67.2,0,196,18.05
2026-09-02 00:15:00,0,Wednesday,0,Residential,30,Clear,17.1,59.3,0,254,12.08
2026-09-02 00:30:00,0,Wednesday,0,Highway,100,Clear,19.9,72.3,0,195,1.86
2026-09-02 00:45:00,0,Wednesday,0,Downtown,50,Clear,26.4,45.1,0,222,9.18
2026-09-02 01:00:00,1,Wednesday,0,Highway,100,Clear,17.8,66.2,0,417,2.73
2026-09-02 01:15:00,1,Wednesday,0,Downtown,50,Clear,18.1,46.6,0,259,1.84
2026-09-02 01:30:00,1,Wednesday,0,Residential,30,Clear,34.5,72.3,0,50,4.77
2026-09-02 01:45:00,1,Wednesday,0,Residential,30,Clear,34.1,49.2,0,50,4.98
2026-09-02 02:00:00,2,Wednesday,0,Downtown,50,Rainy,28.8,81.6,0,169,13.35
2026-09-02 02:15:00,2,Wednesday,0,Residential,30,Clear,24.1,80.7,0,50,2.32
2026-09-02 02:30:00,2,Wednesday,0,Arterial,70,Clear,16.1,86.0,0,534,10.67
2026-09-02 02:45:00,2,Wednesday,0,Arterial,70,Clear,33.3,80.8,0,357,2.95
2026-09-02 03:00:00,3,Wednesday,0,Arterial,70,Rainy,29.6,75.4,0,148,17.17
2026-09-02 03:15:00,3,Wednesday,0,Residential,30,Clear,33.2,81.2,0,100,9.24
2026-09-02 03:30:00,3,Wednesday,0,Residential,30,Clear,16.3,54.7,0,50,3.15
2026-09-02 03:45:00,3,Wednesday,0,Arterial,70,Clear,31.7,55.1,0,429,4.14
2026-09-02 04:00:00,4,Wednesday,0,Downtown,50,Rainy,24.3,71.9,0,148,12.82
2026-09-02 04:15:00,4,Wednesday,0,Arterial,70,Clear,29.8,86.8,0,406,4.21
2026-09-02 04:30:00,4,Wednesday,0,Highway,100,Clear,31.3,82.9,0,332,2.26
2026-09-02 04:45:00,4,Wednesday,0,Residential,30,Clear,24.1,56.7,0,50,0.55
2026-09-02 05:00:00,5,Wednesday,0,Residential,30,Clear,27.5,87.1,1,50,39.28
2026-09-02 05:15:00,5,Wednesday,0,Highway,100,Rainy,34.6,43.9,0,315,13.89
2026-09-02 05:30:00,5,Wednesday,0,Arterial,70,Clear,28.0,60.9,0,188,3.65
2026-09-02 05:45:00,5,Wednesday,0,Downtown,50,Clear,33.9,45.1,0,88,0.0
2026-09-02 06:00:00,6,Wednesday,0,Arterial,70,Clear,23.6,41.1,0,893,20.57
2026-09-02 06:15:00,6,Wednesday,0,Arterial,70,Clear,25.1,71.8,0,929,11.72
2026-09-02 06:30:00,6,Wednesday,0,Arterial,70,Clear,16.5,41.0,0,929,12.0
2026-09-02 06:45:00,6,Wednesday,0,Arterial,70,Clear,31.9,71.1,0,997,17.2
2026-09-02 07:00:00,7,Wednesday,0,Highway,100,Clear,15.9,45.8,0,1476,17.03
2026-09-02 07:15:00,7,Wednesday,0,Arterial,70,Clear,29.1,50.4,0,953,18.98
2026-09-02 07:30:00,7,Wednesday,0,Downtown,50,Clear,29.4,66.9,0,664,12.86
2026-09-02 07:45:00,7,Wednesday,0,Highway,100,Clear,28.3,50.2,0,1459,21.62
2026-09-02 08:00:00,8,Wednesday,0,Highway,100,Foggy,15.7,88.6,0,2453,65.33
2026-09-02 08:15:00,8,Wednesday,0,Downtown,50,Clear,20.1,88.1,0,1442,50.57
2026-09-02 08:30:00,8,Wednesday,0,Highway,100,Clear,22.3,58.1,0,2451,48.5
2026-09-02 08:45:00,8,Wednesday,0,Residential,30,Rainy,22.7,51.5,0,742,68.62
2026-09-02 09:00:00,9,Wednesday,0,Arterial,70,Clear,29.4,48.8,0,1700,52.08
2026-09-02 09:15:00,9,Wednesday,0,Arterial,70,Clear,15.7,75.9,0,1701,50.29
2026-09-02 09:30:00,9,Wednesday,0,Residential,30,Clear,26.6,56.4,0,869,63.25
2026-09-02 09:45:00,9,Wednesday,0,Residential,30,Rainy,21.5,80.6,0,652,65.4
2026-09-02 10:00:00,10,Wednesday,0,Arterial,70,Rainy,23.5,79.1,0,1839,73.78
2026-09-02 10:15:00,10,Wednesday,0,Arterial,70,Rainy,31.5,56.6,0,1514,66.4
2026-09-02 10:30:00,10,Wednesday,0,Residential,30,Clear,27.4,59.0,0,679,52.09
2026-09-02 10:45:00,10,Wednesday,0,Downtown,50,Clear,26.8,87.2,0,1360,55.87
2026-09-02 11:00:00,11,Wednesday,0,Arterial,70,Clear,33.0,57.4,0,845,15.5
2026-09-02 11:15:00,11,Wednesday,0,Downtown,50,Clear,33.8,86.9,0,872,19.18
2026-09-02 11:30:00,11,Wednesday,0,Downtown,50,Clear,22.0,81.0,0,576,12.29
2026-09-02 11:45:00,11,Wednesday,0,Arterial,70,Clear,26.8,62.4,0,744,12.47
2026-09-02 12:00:00,12,Wednesday,0,Downtown,50,Clear,26.3,87.1,0,671,11.82
2026-09-02 12:15:00,12,Wednesday,0,Arterial,70,Rainy,18.9,57.3,0,964,32.84
2026-09-02 12:30:00,12,Wednesday,0,Arterial,70,Clear,30.0,53.4,0,850,16.9
2026-09-02 12:45:00,12,Wednesday,0,Highway,100,Clear,25.4,43.6,0,1360,18.21
2026-09-02 13:00:00,13,Wednesday,0,Arterial,70,Rainy,18.6,40.1,0,826,25.6
2026-09-02 13:15:00,13,Wednesday,0,Arterial,70,Clear,17.8,50.7,0,788,15.13
2026-09-02 13:30:00,13,Wednesday,0,Downtown,50,Clear,18.7,52.6,0,862,20.4
2026-09-02 13:45:00,13,Wednesday,0,Arterial,70,Clear,26.7,67.9,0,629,9.02
2026-09-02 14:00:00,14,Wednesday,0,Residential,30,Clear,23.7,64.2,0,167,12.17
2026-09-02 14:15:00,14,Wednesday,0,Residential,30,Foggy,20.3,59.7,1,71,60.42
2026-09-02 14:30:00,14,Wednesday,0,Highway,100,Clear,27.6,41.9,0,1302,15.49
2026-09-02 14:45:00,14,Wednesday,0,Highway,100,Rainy,17.4,69.7,0,1388,28.7
2026-09-02 15:00:00,15,Wednesday,0,Highway,100,Clear,31.4,75.7,1,1447,52.67
2026-09-02 15:15:00,15,Wednesday,0,Highway,100,Rainy,17.8,80.2,0,1330,23.52
2026-09-02 15:30:00,15,Wednesday,0,Highway,100,Clear,30.5,54.5,0,1281,19.92
2026-09-02 15:45:00,15,Wednesday,0,Arterial,70,Foggy,30.3,68.5,0,881,34.91
2026-09-02 16:00:00,16,Wednesday,0,Residential,30,Clear,33.5,57.1,0,401,16.57
2026-09-02 16:15:00,16,Wednesday,0,Arterial,70,Foggy,29.3,78.4,0,896,33.91
2026-09-02 16:30:00,16,Wednesday,0,Highway,100,Clear,33.6,82.0,0,1364,16.89
2026-09-02 16:45:00,16,Wednesday,0,Highway,100,Clear,27.9,45.2,0,1397,17.71
2026-09-02 17:00:00,17,Wednesday,0,Residential,30,Clear,25.2,76.3,0,571,42.97
2026-09-02 17:15:00,17,Wednesday,0,Highway,100,Clear,31.6,75.0,0,2521,51.75
2026-09-02 17:30:00,17,Wednesday,0,Downtown,50,Rainy,32.3,46.7,0,1371,64.06
2026-09-02 17:45:00,17,Wednesday,0,Arterial,70,Clear,23.2,83.1,1,1703,88.0
2026-09-02 18:00:00,18,Wednesday,0,Highway,100,Foggy,17.8,89.6,0,2677,68.43
2026-09-02 18:15:00,18,Wednesday,0,Arterial,70,Clear,27.6,76.4,0,1876,55.36
2026-09-02 18:30:00,18,Wednesday,0,Downtown,50,Rainy,15.7,57.8,0,1530,69.3
2026-09-02 18:45:00,18,Wednesday,0,Downtown,50,Rainy,22.0,42.3,0,1299,64.69
2026-09-02 19:00:00,19,Wednesday,0,Highway,100,Clear,16.9,56.5,1,2517,89.18
2026-09-02 19:15:00,19,Wednesday,0,Residential,30,Clear,34.6,83.1,0,864,58.42
2026-09-02 19:30:00,19,Wednesday,0,Highway,100,Heavy Rain,25.5,57.9,0,2401,83.15
2026-09-02 19:45:00,19,Wednesday,0,Highway,100,Clear,28.4,75.3,0,2502,47.51
2026-09-02 20:00:00,20,Wednesday,0,Arterial,70,Clear,27.4,58.6,0,963,14.15
2026-09-02 20:15:00,20,Wednesday,0,Arterial,70,Clear,15.1,41.5,0,1085,18.91
2026-09-02 20:30:00,20,Wednesday,0,Residential,30,Clear,24.0,67.0,0,428,20.12
2026-09-02 20:45:00,20,Wednesday,0,Downtown,50,Foggy,15.1,65.7,0,767,33.28
2026-09-02 21:00:00,21,Wednesday,0,Highway,100,Clear,32.0,61.6,0,1517,20.48
2026-09-02 21:15:00,21,Wednesday,0,Arterial,70,Clear,31.8,44.6,0,859,13.32
2026-09-02 21:30:00,21,Wednesday,0,Residential,30,Clear,23.4,80.1,0,227,10.48
2026-09-02 21:45:00,21,Wednesday,0,Highway,100,Rainy,31.6,72.3,0,1407,31.02
2026-09-02 22:00:00,22,Wednesday,0,Residential,30,Clear,24.6,49.5,0,635,28.84
2026-09-02 22:15:00,22,Wednesday,0,Arterial,70,Clear,15.9,41.7,0,578,6.91
2026-09-02 22:30:00,22,Wednesday,0,Highway,100,Rainy,28.7,57.2,0,939,29.19
2026-09-02 22:45:00,22,Wednesday,0,Highway,100,Clear,23.4,81.1,0,1229,17.38
2026-09-02 23:00:00,23,Wednesday,0,Arterial,70,Clear,15.2,50.4,0,231,2.26
2026-09-02 23:15:00,23,Wednesday,0,Residential,30,Clear,27.6,84.0,0,118,5.04
2026-09-02 23:30:00,23,Wednesday,0,Downtown,50,Clear,31.6,67.1,0,50,5.85
2026-09-02 23:45:00,23,Wednesday,0,Downtown,50,Clear,30.3,81.5,0,168,5.63
2026-09-03 00:00:00,0,Thursday,0,Arterial,70,Clear,23.8,88.1,0,90,1.69
2026-09-03 00:15:00,0,Thursday,0,Downtown,50,Clear,24.1,59.7,0,342,6.35
2026-09-03 00:30:00,0,Thursday,0,Highway,100,Heavy Rain,16.2,54.5,0,323,25.44
2026-09-03 00:45:00,0,Thursday,0,Highway,100,Rainy,18.6,82.4,0,448,17.9
2026-09-03 01:00:00,1,Thursday,0,Downtown,50,Rainy,32.2,44.6,0,107,11.61
2026-09-03 01:15:00,1,Thursday,0,Highway,100,Foggy,29.8,47.0,0,235,10.74
2026-09-03 01:30:00,1,Thursday,0,Arterial,70,Clear,28.0,84.2,0,204,5.07
2026-09-03 01:45:00,1,Thursday,0,Highway,100,Clear,19.1,89.3,0,519,9.63
2026-09-03 02:00:00,2,Thursday,0,Arterial,70,Clear,23.8,63.7,1,293,40.75
2026-09-03 02:15:00,2,Thursday,0,Arterial,70,Clear,22.7,79.6,0,284,0.82
2026-09-03 02:30:00,2,Thursday,0,Downtown,50,Clear,29.9,72.3,0,241,4.71
2026-09-03 02:45:00,2,Thursday,0,Highway,100,Clear,20.2,44.8,0,391,0.0
2026-09-03 03:00:00,3,Thursday,0,Arterial,70,Clear,21.0,80.8,0,256,4.55
2026-09-03 03:15:00,3,Thursday,0,Highway,100,Rainy,28.6,43.6,0,495,15.67
2026-09-03 03:30:00,3,Thursday,0,Highway,100,Clear,34.4,70.5,0,595,6.12
2026-09-03 03:45:00,3,Thursday,0,Arterial,70,Foggy,32.3,47.3,0,220,23.32
2026-09-03 04:00:00,4,Thursday,0,Highway,100,Clear,17.3,88.0,0,184,0.21
2026-09-03 04:15:00,4,Thursday,0,Highway,100,Clear,29.5,67.5,0,117,0.0
2026-09-03 04:30:00,4,Thursday,0,Highway,100,Clear,27.9,78.5,0,286,0.0
2026-09-03 04:45:00,4,Thursday,0,Highway,100,Foggy,29.1,61.7,0,353,26.05
2026-09-03 05:00:00,5,Thursday,0,Downtown,50,Clear,20.5,71.1,0,87,0.05
2026-09-03 05:15:00,5,Thursday,0,Arterial,70,Rainy,18.7,69.7,0,153,16.8
2026-09-03 05:30:00,5,Thursday,0,Highway,100,Clear,18.3,63.1,0,362,4.84
2026-09-03 05:45:00,5,Thursday,0,Highway,100,Clear,32.6,83.3,1,272,39.63
2026-09-03 06:00:00,6,Thursday,0,Highway,100,Heavy Rain,33.9,47.8,0,1241,46.5
2026-09-03 06:15:00,6,Thursday,0,Downtown,50,Clear,29.7,59.8,0,732,10.56
2026-09-03 06:30:00,6,Thursday,0,Arterial,70,Clear,21.1,72.1,0,898,19.59
2026-09-03 06:45:00,6,Thursday,0,Arterial,70,Clear,34.3,49.7,0,859,16.54
2026-09-03 07:00:00,7,Thursday,0,Residential,30,Clear,18.0,51.1,0,334,10.63
2026-09-03 07:15:00,7,Thursday,0,Residential,30,Clear,19.8,69.8,0,245,6.62
2026-09-03 07:30:00,7,Thursday,0,Arterial,70,Clear,29.0,72.8,0,679,13.37
2026-09-03 07:45:00,7,Thursday,0,Highway,100,Clear,33.4,66.5,0,1214,14.68
2026-09-03 08:00:00,8,Thursday,0,Downtown,50,Foggy,24.0,45.1,0,1388,69.45
2026-09-03 08:15:00,8,Thursday,0,Highway,100,Clear,24.8,62.9,0,2407,57.26
2026-09-03 08:30:00,8,Thursday,0,Arterial,70,Clear,16.4,56.1,0,1802,53.13
2026-09-03 08:45:00,8,Thursday,0,Residential,30,Foggy,31.4,76.9,0,677,75.68
2026-09-03 09:00:00,9,Thursday,0,Downtown,50,Clear,15.1,57.7,0,1479,56.9
2026-09-03 09:15:00,9,Thursday,0,Residential,30,Clear,34.1,80.0,0,493,48.07
2026-09-03 09:30:00,9,Thursday,0,Highway,100,Clear,26.7,52.6,0,2380,53.24
2026-09-03 09:45:00,9,Thursday,0,Downtown,50,Clear,24.5,81.7,0,1582,57.81
2026-09-03 10:00:00,10,Thursday,0,Downtown,50,Clear,30.7,87.2,0,1360,55.55
2026-09-03 10:15:00,10,Thursday,0,Arterial,70,Clear,29.7,87.1,0,1724,51.58
2026-09-03 10:30:00,10,Thursday,0,Residential,30,Clear,27.7,85.3,0,623,49.48
2026-09-03 10:45:00,10,Thursday,0,Downtown,50,Foggy,25.2,62.9,0,1614,74.45
2026-09-03 11:00:00,11,Thursday,0,Arterial,70,Clear,18.8,44.4,0,991,25.53
2026-09-03 11:15:00,11,Thursday,0,Arterial,70,Clear,17.8,41.0,0,845,18.06
2026-09-03 11:30:00,11,Thursday,0,Arterial,70,Clear,28.0,58.8,0,750,10.14
2026-09-03 11:45:00,11,Thursday,0,Residential,30,Clear,28.2,58.2,0,361,14.03
2026-09-03 12:00:00,12,Thursday,0,Arterial,70,Rainy,29.7,79.9,0,897,28.9
2026-09-03 12:15:00,12,Thursday,0,Arterial,70,Clear,27.5,48.5,0,830,16.07
2026-09-03 12:30:00,12,Thursday,0,Highway,100,Clear,27.8,40.0,0,1381,16.6
2026-09-03 12:45:00,12,Thursday,0,Downtown,50,Foggy,31.8,79.3,0,640,29.48
2026-09-03 13:00:00,13,Thursday,0,Downtown,50,Foggy,28.3,50.4,0,795,38.95
2026-09-03 13:15:00,13,Thursday,0,Downtown,50,Rainy,15.4,52.7,1,815,63.27
2026-09-03 13:30:00,13,Thursday,0,Arterial,70,Foggy,26.2,71.6,0,858,33.35
2026-09-03 13:45:00,13,Thursday,0,Arterial,70,Rainy,19.1,67.1,0,858,27.44
2026-09-03 14:00:00,14,Thursday,0,Arterial,70,Clear,22.7,44.9,0,706,12.97
2026-09-03 14:15:00,14,Thursday,0,Highway,100,Rainy,30.7,42.1,0,1230,29.33
2026-09-03 14:30:00,14,Thursday,0,Highway,100,Clear,24.5,78.6,0,1258,14.66
2026-09-03 14:45:00,14,Thursday,0,Arterial,70,Rainy,25.5,88.3,0,881,35.49
2026-09-03 15:00:00,15,Thursday,0,Arterial,70,Clear,21.7,75.9,0,978,13.06
2026-09-03 15:15:00,15,Thursday,0,Downtown,50,Rainy,29.0,55.9,0,724,26.91
2026-09-03 15:30:00,15,Thursday,0,Highway,100,Clear,24.6,71.0,0,1283,16.27
2026-09-03 15:45:00,15,Thursday,0,Residential,30,Clear,30.2,68.5,0,620,32.45
2026-09-03 16:00:00,16,Thursday,0,Arterial,70,Foggy,29.3,86.4,0,1058,41.36
2026-09-03 16:15:00,16,Thursday,0,Highway,100,Clear,19.3,89.2,0,1393,13.83
2026-09-03 16:30:00,16,Thursday,0,Downtown,50,Clear,34.9,80.4,0,852,22.26
2026-09-03 16:45:00,16,Thursday,0,Highway,100,Foggy,31.5,77.8,0,1231,32.73
2026-09-03 17:00:00,17,Thursday,0,Highway,100,Foggy,32.0,44.5,0,2458,65.76
2026-09-03 17:15:00,17,Thursday,0,Highway,100,Clear,29.0,51.4,0,2457,56.89
2026-09-03 17:30:00,17,Thursday,0,Arterial,70,Clear,26.6,76.5,0,1778,49.96
2026-09-03 17:45:00,17,Thursday,0,Arterial,70,Clear,24.0,54.5,0,1620,59.85
2026-09-03 18:00:00,18,Thursday,0,Downtown,50,Rainy,33.9,47.6,0,1524,69.34
2026-09-03 18:15:00,18,Thursday,0,Residential,30,Rainy,26.9,50.0,0,576,61.06
2026-09-03 18:30:00,18,Thursday,0,Highway,100,Foggy,34.1,40.3,0,2525,74.05
2026-09-03 18:45:00,18,Thursday,0,Arterial,70,Foggy,15.2,82.0,0,1512,71.97
2026-09-03 19:00:00,19,Thursday,0,Arterial,70,Rainy,18.6,73.2,0,1868,69.7
2026-09-03 19:15:00,19,Thursday,0,Arterial,70,Clear,20.7,54.3,0,1449,50.39
2026-09-03 19:30:00,19,Thursday,0,Highway,100,Clear,21.9,85.0,0,2442,53.08
2026-09-03 19:45:00,19,Thursday,0,Arterial,70,Rainy,18.0,89.2,0,1616,67.58
2026-09-03 20:00:00,20,Thursday,0,Downtown,50,Foggy,18.1,47.0,0,772,38.78
2026-09-03 20:15:00,20,Thursday,0,Arterial,70,Rainy,32.0,87.5,0,934,29.36
2026-09-03 20:30:00,20,Thursday,0,Arterial,70,Clear,33.8,76.7,0,921,16.74
2026-09-03 20:45:00,20,Thursday,0,Highway,100,Clear,33.9,64.9,0,976,14.57
2026-09-03 21:00:00,21,Thursday,0,Downtown,50,Rainy,22.3,69.5,0,894,33.25
2026-09-03 21:15:00,21,Thursday,0,Arterial,70,Foggy,20.7,64.6,0,778,38.14
2026-09-03 21:30:00,21,Thursday,0,Arterial,70,Clear,34.9,78.6,0,1074,23.8
2026-09-03 21:45:00,21,Thursday,0,Residential,30,Rainy,22.0,88.9,0,555,39.2
2026-09-03 22:00:00,22,Thursday,0,Highway,100,Heavy Rain,19.3,62.1,0,1222,44.69
2026-09-03 22:15:00,22,Thursday,0,Highway,100,Clear,23.3,66.1,0,1112,17.15
2026-09-03 22:30:00,22,Thursday,0,Arterial,70,Clear,32.8,55.2,0,793,19.91
2026-09-03 22:45:00,22,Thursday,0,Highway,100,Clear,32.7,62.3,0,1385,17.46
2026-09-03 23:00:00,23,Thursday,0,Downtown,50,Clear,30.0,53.3,0,287,9.41
2026-09-03 23:15:00,23,Thursday,0,Highway,100,Rainy,15.3,71.6,0,291,16.23
2026-09-03 23:30:00,23,Thursday,0,Residential,30,Clear,22.6,44.2,0,201,7.2
2026-09-03 23:45:00,23,Thursday,0,Downtown,50,Clear,32.3,89.9,0,376,6.51
2026-09-04 00:00:00,0,Friday,0,Downtown,50,Clear,28.1,76.0,1,405,46.62
2026-09-04 00:15:00,0,Friday,0,Downtown,50,Clear,29.7,67.3,0,62,3.61
2026-09-04 00:30:00,0,Friday,0,Arterial,70,Clear,17.1,52.5,0,97,1.78
2026-09-04 00:45:00,0,Friday,0,Arterial,70,Foggy,33.2,66.8,0,73,20.57
2026-09-04 01:00:00,1,Friday,0,Residential,30,Rainy,19.8,53.6,0,50,10.16
2026-09-04 01:15:00,1,Friday,0,Downtown,50,Clear,29.1,86.7,0,151,5.47
2026-09-04 01:30:00,1,Friday,0,Highway,100,Clear,33.4,78.7,0,223,2.37
2026-09-04 01:45:00,1,Friday,0,Residential,30,Rainy,20.6,87.4,0,171,17.36
2026-09-04 02:00:00,2,Friday,0,Highway,100,Rainy,33.4,66.8,0,403,14.16
2026-09-04 02:15:00,2,Friday,0,Highway,100,Clear,27.7,68.6,0,598,7.97
2026-09-04 02:30:00,2,Friday,0,Downtown,50,Clear,28.6,73.0,0,230,8.65
2026-09-04 02:45:00,2,Friday,0,Residential,30,Heavy Rain,30.0,57.9,0,61,31.65
2026-09-04 03:00:00,3,Friday,0,Highway,100,Foggy,26.2,54.7,1,397,63.52
2026-09-04 03:15:00,3,Friday,0,Arterial,70,Rainy,29.6,75.6,0,324,23.25
2026-09-04 03:30:00,3,Friday,0,Residential,30,Clear,17.9,55.9,0,50,4.46
2026-09-04 03:45:00,3,Friday,0,Arterial,70,Clear,21.6,41.3,0,254,4.94
2026-09-04 04:00:00,4,Friday,0,Residential,30,Clear,25.1,84.2,0,50,0.0
2026-09-04 04:15:00,4,Friday,0,Highway,100,Clear,16.7,42.6,0,398,10.51
2026-09-04 04:30:00,4,Friday,0,Highway,100,Clear,17.2,72.5,0,162,0.0
2026-09-04 04:45:00,4,Friday,0,Highway,100,Clear,21.3,88.3,0,513,7.77
2026-09-04 05:00:00,5,Friday,0,Highway,100,Clear,20.8,72.2,0,297,2.59
2026-09-04 05:15:00,5,Friday,0,Downtown,50,Clear,29.0,67.4,0,119,7.82
2026-09-04 05:30:00,5,Friday,0,Highway,100,Foggy,15.1,60.2,0,362,18.67
2026-09-04 05:45:00,5,Friday,0,Highway,100,Rainy,19.8,76.0,0,425,17.85
2026-09-04 06:00:00,6,Friday,0,Arterial,70,Clear,24.0,88.7,0,1107,19.46
2026-09-04 06:15:00,6,Friday,0,Highway,100,Rainy,26.5,61.8,0,1241,28.42
2026-09-04 06:30:00,6,Friday,0,Downtown,50,Clear,16.7,87.5,0,527,15.45
2026-09-04 06:45:00,6,Friday,0,Highway,100,Clear,27.0,71.7,0,1506,13.98
2026-09-04 07:00:00,7,Friday,0,Residential,30,Clear,26.6,78.3,0,513,18.1
2026-09-04 07:15:00,7,Friday,0,Downtown,50,Clear,18.7,59.9,0,448,11.11
2026-09-04 07:30:00,7,Friday,0,Arterial,70,Rainy,24.4,62.6,0,785,31.4
2026-09-04 07:45:00,7,Friday,0,Residential,30,Clear,21.5,41.8,0,445,23.54
2026-09-04 08:00:00,8,Friday,0,Highway,100,Rainy,22.1,83.4,0,2181,64.22
2026-09-04 08:15:00,8,Friday,0,Arterial,70,Rainy,22.1,57.8,0,1777,67.77
2026-09-04 08:30:00,8,Friday,0,Residential,30,Heavy Rain,24.5,78.7,0,863,89.87
2026-09-04 08:45:00,8,Friday,0,Downtown,50,Clear,33.9,81.1,0,1414,57.64
2026-09-04 09:00:00,9,Friday,0,Downtown,50,Clear,25.9,50.6,0,1356,50.82
2026-09-04 09:15:00,9,Friday,0,Downtown,50,Foggy,30.0,62.8,0,1425,70.72
2026-09-04 09:30:00,9,Friday,0,Highway,100,Clear,30.1,63.9,0,2432,52.62
2026-09-04 09:45:00,9,Friday,0,Arterial,70,Clear,19.4,49.8,0,1688,51.03
2026-09-04 10:00:00,10,Friday,0,Arterial,70,Rainy,31.5,81.2,0,1599,59.32
2026-09-04 10:15:00,10,Friday,0,Downtown,50,Clear,27.5,74.7,0,1525,59.96
2026-09-04 10:30:00,10,Friday,0,Highway,100,Clear,27.5,53.9,0,2224,54.55
2026-09-04 10:45:00,10,Friday,0,Highway,100,Clear,17.2,61.2,0,2380,52.65
2026-09-04 11:00:00,11,Friday,0,Arterial,70,Clear,34.9,41.6,0,1003,20.62
2026-09-04 11:15:00,11,Friday,0,Downtown,50,Clear,27.0,88.7,0,542,4.19
2026-09-04 11:30:00,11,Friday,0,Highway,100,Clear,20.6,45.4,0,1282,20.28
2026-09-04 11:45:00,11,Friday,0,Highway,100,Clear,28.0,40.2,1,1532,52.64
2026-09-04 12:00:00,12,Friday,0,Arterial,70,Clear,32.0,62.5,0,727,7.92
2026-09-04 12:15:00,12,Friday,0,Downtown,50,Rainy,31.2,88.7,0,689,21.28
2026-09-04 12:30:00,12,Friday,0,Highway,100,Rainy,26.6,50.6,0,1214,27.62
2026-09-04 12:45:00,12,Friday,0,Highway,100,Foggy,22.6,89.2,0,1311,30.56
2026-09-04 13:00:00,13,Friday,0,Highway,100,Rainy,27.6,88.2,0,1255,25.93
2026-09-04 13:15:00,13,Friday,0,Arterial,70,Foggy,23.6,69.7,0,876,29.82
2026-09-04 13:30:00,13,Friday,0,Downtown,50,Clear,23.7,52.8,0,700,15.29
2026-09-04 13:45:00,13,Friday,0,Highway,100,Clear,15.6,87.0,0,1361,18.5
2026-09-04 14:00:00,14,Friday,0,Highway,100,Clear,32.3,66.9,0,1097,9.24
2026-09-04 14:15:00,14,Friday,0,Downtown,50,Clear,23.3,68.0,0,794,18.21
2026-09-04 14:30:00,14,Friday,0,Arterial,70,Rainy,15.4,51.9,0,912,29.62
2026-09-04 14:45:00,14,Friday,0,Downtown,50,Clear,30.6,63.4,0,909,18.37
2026-09-04 15:00:00,15,Friday,0,Highway,100,Rainy,31.5,64.1,0,1587,35.4
2026-09-04 15:15:00,15,Friday,0,Residential,30,Heavy Rain,22.3,56.6,0,440,50.76
2026-09-04 15:30:00,15,Friday,0,Highway,100,Clear,27.9,53.7,0,1378,16.72
2026-09-04 15:45:00,15,Friday,0,Arterial,70,Rainy,33.0,48.5,0,905,27.77
2026-09-04 16:00:00,16,Friday,0,Arterial,70,Rainy,24.8,72.2,0,998,27.12
2026-09-04 16:15:00,16,Friday,0,Arterial,70,Rainy,34.2,41.9,0,851,30.0
2026-09-04 16:30:00,16,Friday,0,Arterial,70,Rainy,33.4,51.6,0,976,29.67
2026-09-04 16:45:00,16,Friday,0,Highway,100,Clear,22.0,84.3,0,1228,10.77
2026-09-04 17:00:00,17,Friday,0,Highway,100,Rainy,31.3,74.9,1,2566,100.0
2026-09-04 17:15:00,17,Friday,0,Highway,100,Rainy,15.8,66.6,0,2572,68.82
2026-09-04 17:30:00,17,Friday,0,Arterial,70,Foggy,32.7,41.2,0,1828,74.91
2026-09-04 17:45:00,17,Friday,0,Highway,100,Clear,29.4,53.8,0,2630,59.92
2026-09-04 18:00:00,18,Friday,0,Downtown,50,Clear,22.6,44.5,0,1373,53.86
2026-09-04 18:15:00,18,Friday,0,Arterial,70,Clear,28.6,44.6,0,1878,59.05
2026-09-04 18:30:00,18,Friday,0,Residential,30,Rainy,24.1,66.3,0,533,59.34
2026-09-04 18:45:00,18,Friday,0,Arterial,70,Clear,20.8,77.3,0,1785,54.43
2026-09-04 19:00:00,19,Friday,0,Downtown,50,Clear,29.0,78.5,0,1289,50.9
2026-09-04 19:15:00,19,Friday,0,Highway,100,Foggy,20.3,73.1,0,2499,71.99
2026-09-04 19:30:00,19,Friday,0,Downtown,50,Rainy,21.6,74.5,0,1484,66.53
2026-09-04 19:45:00,19,Friday,0,Highway,100,Clear,19.7,76.4,0,2418,51.45
2026-09-04 20:00:00,20,Friday,0,Downtown,50,Clear,29.5,75.4,0,683,24.05
2026-09-04 20:15:00,20,Friday,0,Arterial,70,Foggy,16.6,81.0,0,882,32.16
2026-09-04 20:30:00,20,Friday,0,Downtown,50,Clear,25.1,55.9,0,659,9.61
2026-09-04 20:45:00,20,Friday,0,Residential,30,Clear,25.6,64.3,0,324,14.86
2026-09-04 21:00:00,21,Friday,0,Arterial,70,Clear,25.3,50.6,0,754,15.05
2026-09-04 21:15:00,21,Friday,0,Arterial,70,Rainy,17.1,63.4,0,788,24.48
2026-09-04 21:30:00,21,Friday,0,Arterial,70,Clear,17.2,51.6,0,538,13.41
2026-09-04 21:45:00,21,Friday,0,Arterial,70,Clear,29.5,83.7,0,798,17.91
2026-09-04 22:00:00,22,Friday,0,Residential,30,Rainy,23.7,83.7,0,313,29.89
2026-09-04 22:15:00,22,Friday,0,Downtown,50,Clear,29.7,61.8,0,660,15.79
2026-09-04 22:30:00,22,Friday,0,Residential,30,Clear,27.7,60.3,0,434,20.93
2026-09-04 22:45:00,22,Friday,0,Residential,30,Clear,27.3,79.0,0,466,23.72
2026-09-04 23:00:00,23,Friday,0,Downtown,50,Rainy,22.1,79.1,0,269,19.28
2026-09-04 23:15:00,23,Friday,0,Residential,30,Clear,24.9,56.2,0,50,1.27
2026-09-04 23:30:00,23,Friday,0,Arterial,70,Clear,23.1,82.6,0,366,8.58
2026-09-04 23:45:00,23,Friday,0,Highway,100,Rainy,18.9,57.3,0,373,18.24
2026-09-05 00:00:00,0,Saturday,1,Arterial,70,Rainy,31.3,45.5,0,256,18.94
2026-09-05 00:15:00,0,Saturday,1,Downtown,50,Foggy,28.6,89.8,0,241,26.7
2026-09-05 00:30:00,0,Saturday,1,Arterial,70,Foggy,34.9,42.9,0,168,19.38
2026-09-05 00:45:00,0,Saturday,1,Highway,100,Foggy,30.2,42.7,0,400,21.52
2026-09-05 01:00:00,1,Saturday,1,Arterial,70,Clear,31.6,68.6,0,156,8.53
2026-09-05 01:15:00,1,Saturday,1,Downtown,50,Clear,21.8,78.9,0,230,7.91
2026-09-05 01:30:00,1,Saturday,1,Residential,30,Clear,25.0,49.9,0,53,8.1
2026-09-05 01:45:00,1,Saturday,1,Highway,100,Clear,17.3,58.8,0,397,8.12
2026-09-05 02:00:00,2,Saturday,1,Arterial,70,Foggy,23.1,43.1,0,465,32.93
2026-09-05 02:15:00,2,Saturday,1,Highway,100,Rainy,29.6,51.5,0,333,10.91
2026-09-05 02:30:00,2,Saturday,1,Downtown,50,Rainy,18.0,63.1,0,313,12.22
2026-09-05 02:45:00,2,Saturday,1,Arterial,70,Clear,17.4,46.5,0,227,3.04
2026-09-05 03:00:00,3,Saturday,1,Highway,100,Clear,21.8,50.4,1,507,37.25
2026-09-05 03:15:00,3,Saturday,1,Residential,30,Foggy,23.2,88.8,0,305,34.07
2026-09-05 03:30:00,3,Saturday,1,Arterial,70,Clear,26.7,56.3,0,332,4.34
2026-09-05 03:45:00,3,Saturday,1,Highway,100,Clear,30.1,53.2,0,275,5.94
2026-09-05 04:00:00,4,Saturday,1,Highway,100,Clear,30.1,82.3,0,422,9.2
2026-09-05 04:15:00,4,Saturday,1,Arterial,70,Clear,29.0,74.9,0,312,4.51
2026-09-05 04:30:00,4,Saturday,1,Highway,100,Clear,28.9,71.9,0,458,6.85
2026-09-05 04:45:00,4,Saturday,1,Arterial,70,Clear,28.9,69.5,0,131,8.05
2026-09-05 05:00:00,5,Saturday,1,Downtown,50,Clear,25.6,69.1,0,138,3.98
2026-09-05 05:15:00,5,Saturday,1,Residential,30,Rainy,22.1,51.3,0,50,13.62
2026-09-05 05:30:00,5,Saturday,1,Residential,30,Clear,29.0,57.9,0,243,7.55
2026-09-05 05:45:00,5,Saturday,1,Residential,30,Clear,27.9,53.3,0,50,7.76
2026-09-05 06:00:00,6,Saturday,1,Arterial,70,Foggy,16.8,81.5,0,719,30.06
2026-09-05 06:15:00,6,Saturday,1,Downtown,50,Clear,29.6,55.7,0,804,20.8
2026-09-05 06:30:00,6,Saturday,1,Downtown,50,Clear,26.9,88.2,0,570,14.57
2026-09-05 06:45:00,6,Saturday,1,Residential,30,Clear,33.9,75.7,0,466,21.47
2026-09-05 07:00:00,7,Saturday,1,Highway,100,Foggy,27.3,42.2,0,1292,35.62
2026-09-05 07:15:00,7,Saturday,1,Highway,100,Clear,16.1,85.9,0,1317,13.92
2026-09-05 07:30:00,7,Saturday,1,Residential,30,Rainy,23.9,80.7,0,376,31.93
2026-09-05 07:45:00,7,Saturday,1,Arterial,70,Clear,31.7,61.6,0,782,13.14
2026-09-05 08:00:00,8,Saturday,1,Residential,30,Clear,31.3,81.5,1,346,51.78
2026-09-05 08:15:00,8,Saturday,1,Residential,30,Clear,27.2,81.1,0,50,4.49
2026-09-05 08:30:00,8,Saturday,1,Downtown,50,Clear,28.4,80.2,0,754,12.42
2026-09-05 08:45:00,8,Saturday,1,Highway,100,Rainy,17.5,83.6,0,1314,27.06
2026-09-05 09:00:00,9,Saturday,1,Highway,100,Clear,26.3,58.0,0,1131,13.43
2026-09-05 09:15:00,9,Saturday,1,Downtown,50,Clear,24.6,68.0,0,759,15.97
2026-09-05 09:30:00,9,Saturday,1,Highway,100,Heavy Rain,31.2,43.1,0,1416,53.93
2026-09-05 09:45:00,9,Saturday,1,Downtown,50,Clear,29.7,57.4,0,694,15.42
2026-09-05 10:00:00,10,Saturday,1,Arterial,70,Rainy,31.1,52.0,0,1002,34.34
2026-09-05 10:15:00,10,Saturday,1,Arterial,70,Clear,19.0,72.8,0,882,12.49
2026-09-05 10:30:00,10,Saturday,1,Arterial,70,Clear,26.8,53.6,0,943,14.0
2026-09-05 10:45:00,10,Saturday,1,Highway,100,Clear,17.5,81.7,0,1113,11.13
2026-09-05 11:00:00,11,Saturday,1,Highway,100,Clear,31.0,89.6,0,1379,16.71
2026-09-05 11:15:00,11,Saturday,1,Arterial,70,Clear,28.2,54.9,0,836,13.88
2026-09-05 11:30:00,11,Saturday,1,Arterial,70,Clear,19.7,80.9,0,810,18.05
2026-09-05 11:45:00,11,Saturday,1,Highway,100,Clear,28.4,56.5,0,1366,11.01
2026-09-05 12:00:00,12,Saturday,1,Highway,100,Heavy Rain,29.7,42.3,0,1380,42.47
2026-09-05 12:15:00,12,Saturday,1,Downtown,50,Clear,26.8,88.0,0,686,16.88
2026-09-05 12:30:00,12,Saturday,1,Arterial,70,Clear,33.5,59.0,1,662,48.22
2026-09-05 12:45:00,12,Saturday,1,Highway,100,Clear,15.8,74.6,0,1361,19.31
2026-09-05 13:00:00,13,Saturday,1,Residential,30,Clear,18.7,67.4,0,382,15.38
2026-09-05 13:15:00,13,Saturday,1,Downtown,50,Rainy,33.3,62.1,1,765,63.69
2026-09-05 13:30:00,13,Saturday,1,Highway,100,Rainy,23.5,59.1,0,1156,28.24
2026-09-05 13:45:00,13,Saturday,1,Arterial,70,Clear,27.1,51.6,0,739,11.08
2026-09-05 14:00:00,14,Saturday,1,Highway,100,Rainy,34.6,77.8,0,1325,35.62
2026-09-05 14:15:00,14,Saturday,1,Downtown,50,Clear,16.2,74.4,0,881,19.84
2026-09-05 14:30:00,14,Saturday,1,Arterial,70,Rainy,23.4,54.4,0,746,21.74
2026-09-05 14:45:00,14,Saturday,1,Arterial,70,Rainy,19.0,78.0,0,791,28.29
2026-09-05 15:00:00,15,Saturday,1,Residential,30,Rainy,22.2,61.1,0,248,20.28
2026-09-05 15:15:00,15,Saturday,1,Arterial,70,Clear,24.6,73.4,0,872,11.91
2026-09-05 15:30:00,15,Saturday,1,Highway,100,Clear,25.6,56.8,0,1382,14.41
2026-09-05 15:45:00,15,Saturday,1,Residential,30,Clear,33.0,77.0,1,324,47.3
2026-09-05 16:00:00,16,Saturday,1,Arterial,70,Rainy,28.1,85.3,0,837,25.8
2026-09-05 16:15:00,16,Saturday,1,Arterial,70,Heavy Rain,23.5,74.1,0,688,42.51
2026-09-05 16:30:00,16,Saturday,1,Downtown,50,Foggy,15.4,65.2,1,656,66.73
2026-09-05 16:45:00,16,Saturday,1,Arterial,70,Foggy,26.3,65.4,0,827,34.6
2026-09-05 17:00:00,17,Saturday,1,Highway,100,Clear,23.3,62.9,0,943,11.06
2026-09-05 17:15:00,17,Saturday,1,Highway,100,Rainy,17.1,45.7,0,1197,25.66
2026-09-05 17:30:00,17,Saturday,1,Arterial,70,Rainy,16.1,83.0,0,832,27.8
2026-09-05 17:45:00,17,Saturday,1,Arterial,70,Clear,18.3,62.4,0,895,14.97
2026-09-05 18:00:00,18,Saturday,1,Highway,100,Clear,21.7,67.6,1,1061,42.94
2026-09-05 18:15:00,18,Saturday,1,Highway,100,Rainy,18.6,77.2,0,1339,32.65
2026-09-05 18:30:00,18,Saturday,1,Downtown,50,Clear,17.9,78.9,0,527,16.28
2026-09-05 18:45:00,18,Saturday,1,Highway,100,Rainy,21.8,83.3,1,1246,63.03
2026-09-05 19:00:00,19,Saturday,1,Residential,30,Clear,19.8,44.7,0,255,13.44
2026-09-05 19:15:00,19,Saturday,1,Highway,100,Clear,29.8,88.1,0,1228,16.7
2026-09-05 19:30:00,19,Saturday,1,Highway,100,Clear,17.8,79.9,0,1347,15.89
2026-09-05 19:45:00,19,Saturday,1,Highway,100,Rainy,25.5,53.8,0,1212,23.18
2026-09-05 20:00:00,20,Saturday,1,Downtown,50,Clear,32.1,83.3,0,464,5.37
2026-09-05 20:15:00,20,Saturday,1,Arterial,70,Clear,16.5,83.5,0,727,17.45
2026-09-05 20:30:00,20,Saturday,1,Residential,30,Clear,31.4,56.8,0,250,15.24
2026-09-05 20:45:00,20,Saturday,1,Arterial,70,Rainy,21.4,45.9,0,816,27.97
2026-09-05 21:00:00,21,Saturday,1,Arterial,70,Clear,16.0,58.9,0,790,9.84
2026-09-05 21:15:00,21,Saturday,1,Arterial,70,Rainy,31.4,40.1,0,951,31.25
2026-09-05 21:30:00,21,Saturday,1,Highway,100,Clear,31.8,52.8,0,1325,16.62
2026-09-05 21:45:00,21,Saturday,1,Downtown,50,Clear,15.4,67.8,0,700,11.82
2026-09-05 22:00:00,22,Saturday,1,Arterial,70,Clear,29.5,76.6,0,789,16.38
2026-09-05 22:15:00,22,Saturday,1,Highway,100,Clear,16.2,84.2,0,1229,9.45
2026-09-05 22:30:00,22,Saturday,1,Arterial,70,Clear,24.0,64.1,0,1016,19.99
2026-09-05 22:45:00,22,Saturday,1,Highway,100,Rainy,19.6,52.6,0,1404,32.91
2026-09-05 23:00:00,23,Saturday,1,Arterial,70,Clear,27.1,45.8,0,370,10.2
2026-09-05 23:15:00,23,Saturday,1,Residential,30,Clear,22.6,40.6,0,485,19.34
2026-09-05 23:30:00,23,Saturday,1,Arterial,70,Rainy,23.3,65.9,0,177,12.49
2026-09-05 23:45:00,23,Saturday,1,Arterial,70,Rainy,23.5,43.6,1,363,56.76
2026-09-06 00:00:00,0,Sunday,1,Arterial,70,Clear,34.9,69.8,0,245,6.23
2026-09-06 00:15:00,0,Sunday,1,Highway,100,Clear,16.4,66.4,0,95,3.23
2026-09-06 00:30:00,0,Sunday,1,Residential,30,Foggy,21.9,64.9,1,50,52.61
2026-09-06 00:45:00,0,Sunday,1,Arterial,70,Clear,20.4,67.2,0,110,6.06
2026-09-06 01:00:00,1,Sunday,1,Highway,100,Rainy,26.3,81.2,0,311,19.92
2026-09-06 01:15:00,1,Sunday,1,Residential,30,Rainy,15.3,83.5,0,282,14.56
2026-09-06 01:30:00,1,Sunday,1,Highway,100,Clear,23.5,72.1,0,82,2.55
2026-09-06 01:45:00,1,Sunday,1,Downtown,50,Clear,32.0,89.2,0,180,0.31
2026-09-06 02:00:00,2,Sunday,1,Arterial,70,Rainy,22.1,67.5,0,257,13.95
2026-09-06 02:15:00,2,Sunday,1,Highway,100,Clear,20.0,45.0,0,421,5.83
2026-09-06 02:30:00,2,Sunday,1,Downtown,50,Clear,21.7,67.1,0,181,0.0
2026-09-06 02:45:00,2,Sunday,1,Arterial,70,Foggy,25.7,79.0,0,362,20.1
2026-09-06 03:00:00,3,Sunday,1,Downtown,50,Foggy,26.8,54.5,0,312,27.19
2026-09-06 03:15:00,3,Sunday,1,Residential,30,Clear,28.2,50.0,0,147,5.13
2026-09-06 03:30:00,3,Sunday,1,Residential,30,Clear,31.3,52.1,0,105,9.79
2026-09-06 03:45:00,3,Sunday,1,Highway,100,Foggy,26.9,86.6,0,321,24.7
2026-09-06 04:00:00,4,Sunday,1,Residential,30,Foggy,21.8,84.8,0,76,21.16
2026-09-06 04:15:00,4,Sunday,1,Highway,100,Rainy,24.4,70.8,0,392,16.64
2026-09-06 04:30:00,4,Sunday,1,Arterial,70,Clear,30.2,45.7,0,137,0.0
2026-09-06 04:45:00,4,Sunday,1,Highway,100,Clear,22.2,44.7,0,484,2.17
2026-09-06 05:00:00,5,Sunday,1,Highway,100,Clear,29.3,71.2,0,427,3.01
2026-09-06 05:15:00,5,Sunday,1,Arterial,70,Clear,25.1,63.3,0,231,2.32
2026-09-06 05:30:00,5,Sunday,1,Downtown,50,Clear,33.2,77.8,0,133,4.67
2026-09-06 05:45:00,5,Sunday,1,Highway,100,Clear,15.4,51.5,0,443,7.76
2026-09-06 06:00:00,6,Sunday,1,Downtown,50,Clear,34.6,51.6,0,733,11.09
2026-09-06 06:15:00,6,Sunday,1,Highway,100,Rainy,22.4,68.4,0,1289,28.33
2026-09-06 06:30:00,6,Sunday,1,Arterial,70,Clear,18.2,47.4,0,648,17.46
2026-09-06 06:45:00,6,Sunday,1,Arterial,70,Clear,22.6,58.9,0,679,7.36
2026-09-06 07:00:00,7,Sunday,1,Highway,100,Clear,21.0,42.1,0,1155,13.29
2026-09-06 07:15:00,7,Sunday,1,Downtown,50,Clear,27.3,72.2,0,961,17.76
2026-09-06 07:30:00,7,Sunday,1,Highway,100,Clear,27.9,70.4,0,1262,19.14
2026-09-06 07:45:00,7,Sunday,1,Arterial,70,Rainy,34.2,76.8,0,897,26.55
2026-09-06 08:00:00,8,Sunday,1,Arterial,70,Clear,20.2,76.8,0,792,13.68
2026-09-06 08:15:00,8,Sunday,1,Arterial,70,Clear,25.6,77.6,0,774,13.18
2026-09-06 08:30:00,8,Sunday,1,Arterial,70,Clear,16.8,52.1,0,1031,21.41
2026-09-06 08:45:00,8,Sunday,1,Highway,100,Rainy,15.7,62.2,0,1381,25.99
2026-09-06 09:00:00,9,Sunday,1,Residential,30,Clear,25.3,40.9,0,389,14.76
2026-09-06 09:15:00,9,Sunday,1,Highway,100,Clear,19.1,52.2,0,1277,16.31
2026-09-06 09:30:00,9,Sunday,1,Arterial,70,Clear,31.4,63.8,0,925,14.57
2026-09-06 09:45:00,9,Sunday,1,Downtown,50,Clear,31.6,73.7,0,643,16.71
2026-09-06 10:00:00,10,Sunday,1,Downtown,50,Rainy,32.4,89.9,0,999,33.55
2026-09-06 10:15:00,10,Sunday,1,Downtown,50,Rainy,20.6,64.4,0,712,26.83
2026-09-06 10:30:00,10,Sunday,1,Residential,30,Foggy,25.3,78.3,0,247,32.14
2026-09-06 10:45:00,10,Sunday,1,Arterial,70,Clear,31.4,72.2,0,799,16.41
2026-09-06 11:00:00,11,Sunday,1,Residential,30,Clear,27.2,87.1,0,385,18.48
2026-09-06 11:15:00,11,Sunday,1,Highway,100,Clear,30.2,45.9,0,1297,12.15
2026-09-06 11:30:00,11,Sunday,1,Highway,100,Clear,26.7,71.7,0,1275,13.04
2026-09-06 11:45:00,11,Sunday,1,Downtown,50,Clear,28.8,59.3,0,735,15.51
2026-09-06 12:00:00,12,Sunday,1,Residential,30,Rainy,29.4,42.9,0,370,30.65
2026-09-06 12:15:00,12,Sunday,1,Arterial,70,Rainy,18.6,84.6,0,539,17.15
2026-09-06 12:30:00,12,Sunday,1,Downtown,50,Clear,17.7,49.3,0,944,21.73
2026-09-06 12:45:00,12,Sunday,1,Residential,30,Rainy,26.7,83.2,0,322,26.97
2026-09-06 13:00:00,13,Sunday,1,Highway,100,Clear,34.9,63.2,0,1323,19.93
2026-09-06 13:15:00,13,Sunday,1,Highway,100,Clear,31.4,77.0,0,1222,14.86
2026-09-06 13:30:00,13,Sunday,1,Highway,100,Clear,25.9,87.1,1,1400,53.46
2026-09-06 13:45:00,13,Sunday,1,Downtown,50,Rainy,23.7,59.5,0,633,24.22
2026-09-06 14:00:00,14,Sunday,1,Arterial,70,Clear,19.3,79.6,0,907,16.56
2026-09-06 14:15:00,14,Sunday,1,Downtown,50,Clear,33.6,85.0,0,665,12.23
2026-09-06 14:30:00,14,Sunday,1,Residential,30,Rainy,16.0,65.6,0,464,30.2
2026-09-06 14:45:00,14,Sunday,1,Arterial,70,Clear,22.9,87.5,0,903,15.76
2026-09-06 15:00:00,15,Sunday,1,Arterial,70,Clear,23.0,61.7,0,984,19.85
2026-09-06 15:15:00,15,Sunday,1,Arterial,70,Rainy,30.9,43.2,0,881,30.63
2026-09-06 15:30:00,15,Sunday,1,Arterial,70,Clear,16.9,51.5,0,705,12.01
2026-09-06 15:45:00,15,Sunday,1,Highway,100,Rainy,20.0,68.1,0,1044,24.98
2026-09-06 16:00:00,16,Sunday,1,Highway,100,Heavy Rain,24.2,59.7,0,1534,47.13
2026-09-06 16:15:00,16,Sunday,1,Arterial,70,Clear,19.7,66.4,0,843,13.83
2026-09-06 16:30:00,16,Sunday,1,Arterial,70,Clear,33.8,53.0,0,671,10.36
2026-09-06 16:45:00,16,Sunday,1,Arterial,70,Rainy,30.7,71.7,0,851,32.71
2026-09-06 17:00:00,17,Sunday,1,Residential,30,Clear,21.3,62.3,0,256,10.15
2026-09-06 17:15:00,17,Sunday,1,Arterial,70,Foggy,20.1,58.1,0,887,40.02
2026-09-06 17:30:00,17,Sunday,1,Highway,100,Clear,19.6,78.1,0,1283,21.31
2026-09-06 17:45:00,17,Sunday,1,Residential,30,Rainy,28.1,41.9,0,223,18.17
2026-09-06 18:00:00,18,Sunday,1,Arterial,70,Foggy,29.8,74.6,0,743,31.05
2026-09-06 18:15:00,18,Sunday,1,Arterial,70,Clear,22.8,47.8,0,881,19.39
2026-09-06 18:30:00,18,Sunday,1,Arterial,70,Clear,29.5,76.8,0,932,15.58
2026-09-06 18:45:00,18,Sunday,1,Residential,30,Clear,22.5,61.8,0,354,15.57
2026-09-06 19:00:00,19,Sunday,1,Residential,30,Clear,17.3,90.0,0,251,16.23
2026-09-06 19:15:00,19,Sunday,1,Residential,30,Foggy,29.6,59.9,0,351,32.03
2026-09-06 19:30:00,19,Sunday,1,Highway,100,Clear,23.0,66.1,0,983,11.53
2026-09-06 19:45:00,19,Sunday,1,Highway,100,Foggy,20.6,70.5,0,1259,37.38
2026-09-06 20:00:00,20,Sunday,1,Arterial,70,Rainy,15.7,78.3,0,1031,32.51
2026-09-06 20:15:00,20,Sunday,1,Arterial,70,Clear,29.6,79.3,0,648,11.1
2026-09-06 20:30:00,20,Sunday,1,Downtown,50,Foggy,28.1,78.6,0,640,28.39
2026-09-06 20:45:00,20,Sunday,1,Arterial,70,Clear,16.0,69.4,0,847,10.46
2026-09-06 21:00:00,21,Sunday,1,Downtown,50,Clear,18.2,77.0,0,777,17.96
2026-09-06 21:15:00,21,Sunday,1,Residential,30,Foggy,20.9,51.3,0,214,32.68
2026-09-06 21:30:00,21,Sunday,1,Arterial,70,Foggy,18.3,87.2,0,774,36.34
2026-09-06 21:45:00,21,Sunday,1,Arterial,70,Rainy,23.7,64.4,0,791,29.03
2026-09-06 22:00:00,22,Sunday,1,Residential,30,Rainy,24.7,57.4,0,61,17.61
2026-09-06 22:15:00,22,Sunday,1,Arterial,70,Clear,29.2,70.5,1,695,48.33
2026-09-06 22:30:00,22,Sunday,1,Downtown,50,Clear,24.7,70.6,0,828,16.78
2026-09-06 22:45:00,22,Sunday,1,Residential,30,Clear,31.3,59.6,0,423,15.3
2026-09-06 23:00:00,23,Sunday,1,Highway,100,Clear,34.8,77.7,0,222,2.46
2026-09-06 23:15:00,23,Sunday,1,Highway,100,Clear,25.0,72.5,0,137,3.69
2026-09-06 23:30:00,23,Sunday,1,Highway,100,Clear,26.0,89.1,0,476,7.61
2026-09-06 23:45:00,23,Sunday,1,Arterial,70,Foggy,21.8,88.5,0,385,26.98
2026-09-07 00:00:00,0,Monday,0,Highway,100,Clear,15.5,43.7,0,409,4.53
2026-09-07 00:15:00,0,Monday,0,Highway,100,Clear,18.6,45.8,0,312,3.01
2026-09-07 00:30:00,0,Monday,0,Downtown,50,Clear,25.8,58.7,0,243,4.54
2026-09-07 00:45:00,0,Monday,0,Highway,100,Clear,26.5,65.6,0,373,0.53
2026-09-07 01:00:00,1,Monday,0,Downtown,50,Clear,34.4,68.9,0,336,7.25
2026-09-07 01:15:00,1,Monday,0,Arterial,70,Foggy,21.1,83.3,0,328,22.79
2026-09-07 01:30:00,1,Monday,0,Arterial,70,Rainy,34.8,48.9,0,206,15.09
2026-09-07 01:45:00,1,Monday,0,Downtown,50,Clear,24.7,88.9,0,167,6.71
2026-09-07 02:00:00,2,Monday,0,Highway,100,Clear,17.6,73.9,0,175,4.87
2026-09-07 02:15:00,2,Monday,0,Downtown,50,Clear,28.0,44.1,0,324,8.33
2026-09-07 02:30:00,2,Monday,0,Downtown,50,Clear,32.7,65.3,0,275,7.36
2026-09-07 02:45:00,2,Monday,0,Downtown,50,Foggy,19.7,86.2,0,372,26.84
2026-09-07 03:00:00,3,Monday,0,Downtown,50,Clear,34.7,44.0,0,242,6.64
2026-09-07 03:15:00,3,Monday,0,Downtown,50,Foggy,17.8,44.8,1,283,60.05
2026-09-07 03:30:00,3,Monday,0,Residential,30,Rainy,27.6,58.0,0,214,23.4
2026-09-07 03:45:00,3,Monday,0,Arterial,70,Clear,17.9,45.1,0,87,9.04
2026-09-07 04:00:00,4,Monday,0,Arterial,70,Clear,31.1,56.4,0,157,2.45
2026-09-07 04:15:00,4,Monday,0,Highway,100,Heavy Rain,18.8,45.2,0,315,34.13
2026-09-07 04:30:00,4,Monday,0,Arterial,70,Clear,34.8,90.0,0,160,5.06
2026-09-07 04:45:00,4,Monday,0,Arterial,70,Rainy,20.7,51.2,0,141,17.08
2026-09-07 05:00:00,5,Monday,0,Arterial,70,Clear,16.4,63.0,0,303,5.76
2026-09-07 05:15:00,5,Monday,0,Arterial,70,Clear,17.0,84.3,0,78,1.76
2026-09-07 05:30:00,5,Monday,0,Arterial,70,Clear,34.9,64.5,0,178,1.42
2026-09-07 05:45:00,5,Monday,0,Downtown,50,Clear,22.2,54.9,0,215,5.12
2026-09-07 06:00:00,6,Monday,0,Arterial,70,Foggy,20.1,65.5,0,838,38.58
2026-09-07 06:15:00,6,Monday,0,Arterial,70,Foggy,29.8,88.3,0,1110,36.76
2026-09-07 06:30:00,6,Monday,0,Arterial,70,Clear,21.8,81.6,0,686,14.38
2026-09-07 06:45:00,6,Monday,0,Highway,100,Clear,24.3,42.2,0,1293,18.41
2026-09-07 07:00:00,7,Monday,0,Arterial,70,Clear,29.7,54.3,0,817,17.99
2026-09-07 07:15:00,7,Monday,0,Arterial,70,Foggy,21.8,78.0,0,926,39.5
2026-09-07 07:30:00,7,Monday,0,Highway,100,Rainy,20.5,62.0,0,1147,31.47
2026-09-07 07:45:00,7,Monday,0,Highway,100,Clear,20.4,52.8,0,1257,21.52
2026-09-07 08:00:00,8,Monday,0,Arterial,70,Foggy,29.1,64.7,0,1628,72.09
2026-09-07 08:15:00,8,Monday,0,Downtown,50,Clear,15.1,86.6,0,1522,54.67
2026-09-07 08:30:00,8,Monday,0,Residential,30,Clear,15.8,82.7,0,742,57.81
2026-09-07 08:45:00,8,Monday,0,Arterial,70,Clear,22.8,79.4,0,1561,54.05
2026-09-07 09:00:00,9,Monday,0,Arterial,70,Clear,24.1,70.6,0,1472,46.15
2026-09-07 09:15:00,9,Monday,0,Highway,100,Rainy,30.7,64.2,0,2622,73.19
2026-09-07 09:30:00,9,Monday,0,Downtown,50,Clear,30.8,55.8,0,1250,52.45
2026-09-07 09:45:00,9,Monday,0,Residential,30,Rainy,23.8,89.5,0,733,65.89
2026-09-07 10:00:00,10,Monday,0,Downtown,50,Clear,31.4,78.8,0,1429,51.65
2026-09-07 10:15:00,10,Monday,0,Highway,100,Clear,20.3,62.5,0,2467,52.55
2026-09-07 10:30:00,10,Monday,0,Arterial,70,Clear,26.8,62.8,0,1711,53.17
2026-09-07 10:45:00,10,Monday,0,Downtown,50,Clear,34.8,72.1,0,1515,56.99
2026-09-07 11:00:00,11,Monday,0,Highway,100,Foggy,16.1,72.1,0,1402,33.19
2026-09-07 11:15:00,11,Monday,0,Highway,100,Clear,31.0,68.3,0,1182,13.34
2026-09-07 11:30:00,11,Monday,0,Downtown,50,Clear,25.2,52.5,0,620,14.65
2026-09-07 11:45:00,11,Monday,0,Arterial,70,Clear,27.9,70.3,0,868,12.88
2026-09-07 12:00:00,12,Monday,0,Highway,100,Clear,27.3,84.0,0,1205,13.91
2026-09-07 12:15:00,12,Monday,0,Arterial,70,Clear,28.4,50.5,0,705,12.87
2026-09-07 12:30:00,12,Monday,0,Downtown,50,Clear,30.0,42.1,0,522,15.04
2026-09-07 12:45:00,12,Monday,0,Arterial,70,Rainy,18.7,84.5,0,844,32.83
2026-09-07 13:00:00,13,Monday,0,Arterial,70,Clear,22.3,76.6,0,753,16.14
2026-09-07 13:15:00,13,Monday,0,Highway,100,Clear,20.9,80.5,0,1229,13.73
2026-09-07 13:30:00,13,Monday,0,Highway,100,Clear,25.8,73.9,0,1479,15.9
2026-09-07 13:45:00,13,Monday,0,Residential,30,Clear,21.2,60.1,0,465,23.68
2026-09-07 14:00:00,14,Monday,0,Downtown,50,Foggy,30.3,82.8,0,733,34.92
2026-09-07 14:15:00,14,Monday,0,Residential,30,Rainy,28.7,57.9,0,335,25.37
2026-09-07 14:30:00,14,Monday,0,Highway,100,Rainy,32.8,48.7,0,1291,31.54
2026-09-07 14:45:00,14,Monday,0,Arterial,70,Clear,19.4,52.2,0,784,15.6
2026-09-07 15:00:00,15,Monday,0,Highway,100,Clear,20.7,52.6,0,1311,12.97
2026-09-07 15:15:00,15,Monday,0,Residential,30,Clear,17.4,46.2,0,65,9.01
2026-09-07 15:30:00,15,Monday,0,Residential,30,Clear,24.6,86.3,0,514,17.89
2026-09-07 15:45:00,15,Monday,0,Residential,30,Heavy Rain,30.5,65.0,0,571,50.78
2026-09-07 16:00:00,16,Monday,0,Highway,100,Rainy,20.5,78.6,0,1435,28.31
2026-09-07 16:15:00,16,Monday,0,Arterial,70,Rainy,32.1,46.8,0,728,24.13
2026-09-07 16:30:00,16,Monday,0,Highway,100,Clear,16.5,85.3,0,1288,15.19
2026-09-07 16:45:00,16,Monday,0,Arterial,70,Clear,18.8,72.9,0,898,12.35
2026-09-07 17:00:00,17,Monday,0,Highway,100,Clear,18.6,43.8,0,2464,53.51
2026-09-07 17:15:00,17,Monday,0,Highway,100,Foggy,19.5,78.0,0,2395,68.36
2026-09-07 17:30:00,17,Monday,0,Highway,100,Clear,22.6,64.8,0,2543,54.11
2026-09-07 17:45:00,17,Monday,0,Downtown,50,Clear,25.0,80.7,0,1420,55.63
2026-09-07 18:00:00,18,Monday,0,Highway,100,Foggy,16.6,60.3,0,2498,73.12
2026-09-07 18:15:00,18,Monday,0,Downtown,50,Clear,15.7,41.4,0,1672,57.74
2026-09-07 18:30:00,18,Monday,0,Highway,100,Clear,28.0,72.0,0,2635,54.81
2026-09-07 18:45:00,18,Monday,0,Downtown,50,Clear,17.3,68.7,0,1496,58.85
2026-09-07 19:00:00,19,Monday,0,Arterial,70,Clear,30.4,57.6,0,1702,54.15
2026-09-07 19:15:00,19,Monday,0,Arterial,70,Clear,26.4,83.4,0,1768,56.92
2026-09-07 19:30:00,19,Monday,0,Highway,100,Clear,34.2,63.0,0,2518,56.44
2026-09-07 19:45:00,19,Monday,0,Arterial,70,Clear,24.2,78.5,0,1897,57.84
2026-09-07 20:00:00,20,Monday,0,Arterial,70,Rainy,16.7,50.0,0,727,23.79
2026-09-07 20:15:00,20,Monday,0,Highway,100,Clear,16.3,64.8,0,1149,12.74
2026-09-07 20:30:00,20,Monday,0,Highway,100,Clear,33.2,55.5,0,1462,18.16
2026-09-07 20:45:00,20,Monday,0,Downtown,50,Heavy Rain,19.2,55.1,0,862,46.87
2026-09-07 21:00:00,21,Monday,0,Highway,100,Rainy,19.1,75.5,0,1264,31.48
2026-09-07 21:15:00,21,Monday,0,Arterial,70,Rainy,21.4,47.4,0,1022,25.65
2026-09-07 21:30:00,21,Monday,0,Residential,30,Clear,26.1,67.9,0,224,5.13
2026-09-07 21:45:00,21,Monday,0,Arterial,70,Clear,24.4,61.8,0,809,18.97
2026-09-07 22:00:00,22,Monday,0,Arterial,70,Clear,16.8,88.0,1,828,53.5
2026-09-07 22:15:00,22,Monday,0,Downtown,50,Rainy,21.0,69.3,1,810,61.67
2026-09-07 22:30:00,22,Monday,0,Downtown,50,Clear,24.8,62.8,0,745,15.58
2026-09-07 22:45:00,22,Monday,0,Downtown,50,Heavy Rain,19.9,47.3,0,525,40.08
2026-09-07 23:00:00,23,Monday,0,Arterial,70,Clear,16.1,77.9,0,345,4.33
2026-09-07 23:15:00,23,Monday,0,Arterial,70,Rainy,29.9,54.7,0,102,11.9
2026-09-07 23:30:00,23,Monday,0,Highway,100,Rainy,26.7,87.6,0,477,16.63
2026-09-07 23:45:00,23,Monday,0,Highway,100,Clear,15.6,52.6,0,248,0.0
2026-09-08 00:00:00,0,Tuesday,0,Arterial,70,Clear,27.7,46.7,0,454,9.81
2026-09-08 00:15:00,0,Tuesday,0,Highway,100,Clear,33.9,62.1,0,382,2.2
2026-09-08 00:30:00,0,Tuesday,0,Arterial,70,Rainy,34.1,55.4,0,411,18.79
2026-09-08 00:45:00,0,Tuesday,0,Highway,100,Clear,16.5,68.1,0,367,6.28
2026-09-08 01:00:00,1,Tuesday,0,Arterial,70,Heavy Rain,25.0,73.8,0,169,32.13
2026-09-08 01:15:00,1,Tuesday,0,Downtown,50,Foggy,21.3,83.9,0,50,23.7
2026-09-08 01:30:00,1,Tuesday,0,Arterial,70,Foggy,33.9,62.3,0,198,19.49
2026-09-08 01:45:00,1,Tuesday,0,Arterial,70,Clear,26.5,74.3,0,421,7.01
2026-09-08 02:00:00,2,Tuesday,0,Arterial,70,Clear,20.4,70.2,0,156,0.0
2026-09-08 02:15:00,2,Tuesday,0,Highway,100,Foggy,25.4,72.6,0,497,24.66
2026-09-08 02:30:00,2,Tuesday,0,Highway,100,Clear,18.9,72.7,0,280,5.87
2026-09-08 02:45:00,2,Tuesday,0,Highway,100,Clear,29.9,86.2,0,326,2.71
2026-09-08 03:00:00,3,Tuesday,0,Downtown,50,Clear,22.0,83.1,0,50,3.63
2026-09-08 03:15:00,3,Tuesday,0,Arterial,70,Clear,34.6,64.3,1,340,39.15
2026-09-08 03:30:00,3,Tuesday,0,Downtown,50,Rainy,28.9,74.1,0,262,15.11
2026-09-08 03:45:00,3,Tuesday,0,Arterial,70,Clear,30.4,42.6,0,137,1.45
2026-09-08 04:00:00,4,Tuesday,0,Residential,30,Clear,32.5,74.1,1,50,37.39
2026-09-08 04:15:00,4,Tuesday,0,Highway,100,Clear,22.0,45.6,0,592,0.0
2026-09-08 04:30:00,4,Tuesday,0,Residential,30,Clear,22.2,65.3,0,118,11.27
2026-09-08 04:45:00,4,Tuesday,0,Arterial,70,Rainy,20.8,57.0,0,50,14.22
2026-09-08 05:00:00,5,Tuesday,0,Highway,100,Clear,15.5,49.7,0,165,1.81
2026-09-08 05:15:00,5,Tuesday,0,Downtown,50,Clear,27.5,50.4,0,50,3.77
2026-09-08 05:30:00,5,Tuesday,0,Arterial,70,Rainy,31.7,66.6,0,456,22.26
2026-09-08 05:45:00,5,Tuesday,0,Arterial,70,Rainy,21.0,43.3,0,347,20.91
2026-09-08 06:00:00,6,Tuesday,0,Highway,100,Rainy,15.4,78.7,0,1291,36.75
2026-09-08 06:15:00,6,Tuesday,0,Downtown,50,Clear,31.6,50.1,0,883,19.85
2026-09-08 06:30:00,6,Tuesday,0,Highway,100,Clear,28.3,60.6,0,1171,15.44
2026-09-08 06:45:00,6,Tuesday,0,Downtown,50,Clear,19.1,60.4,0,886,23.34
2026-09-08 07:00:00,7,Tuesday,0,Arterial,70,Clear,32.0,68.8,0,886,14.75
2026-09-08 07:15:00,7,Tuesday,0,Arterial,70,Clear,33.6,42.7,0,660,9.32
2026-09-08 07:30:00,7,Tuesday,0,Arterial,70,Clear,30.8,78.4,0,691,7.86
2026-09-08 07:45:00,7,Tuesday,0,Downtown,50,Clear,32.0,67.1,0,636,18.15
2026-09-08 08:00:00,8,Tuesday,0,Highway,100,Foggy,21.9,58.7,0,2496,72.57
2026-09-08 08:15:00,8,Tuesday,0,Highway,100,Clear,23.8,68.4,0,2426,48.7
2026-09-08 08:30:00,8,Tuesday,0,Highway,100,Foggy,27.9,81.4,0,2409,62.43
2026-09-08 08:45:00,8,Tuesday,0,Residential,30,Rainy,31.0,69.2,0,708,66.44
2026-09-08 09:00:00,9,Tuesday,0,Arterial,70,Clear,17.9,67.6,0,1620,51.78
2026-09-08 09:15:00,9,Tuesday,0,Highway,100,Rainy,17.2,84.4,0,2601,68.47
2026-09-08 09:30:00,9,Tuesday,0,Downtown,50,Foggy,21.8,89.3,0,1387,73.67
2026-09-08 09:45:00,9,Tuesday,0,Highway,100,Rainy,30.7,49.9,0,2494,64.85
2026-09-08 10:00:00,10,Tuesday,0,Downtown,50,Clear,16.5,87.8,0,1428,45.46
2026-09-08 10:15:00,10,Tuesday,0,Downtown,50,Foggy,28.5,77.0,0,1558,70.0
2026-09-08 10:30:00,10,Tuesday,0,Downtown,50,Clear,34.5,45.9,0,1489,53.45
2026-09-08 10:45:00,10,Tuesday,0,Highway,100,Heavy Rain,34.8,48.0,0,2470,77.23
2026-09-08 11:00:00,11,Tuesday,0,Arterial,70,Rainy,15.7,89.3,0,752,34.28
2026-09-08 11:15:00,11,Tuesday,0,Arterial,70,Clear,29.8,64.8,0,620,10.73
2026-09-08 11:30:00,11,Tuesday,0,Downtown,50,Clear,22.8,55.7,0,838,21.97
2026-09-08 11:45:00,11,Tuesday,0,Downtown,50,Clear,16.2,61.5,0,827,19.0
2026-09-08 12:00:00,12,Tuesday,0,Highway,100,Rainy,19.9,66.2,0,1171,31.52
2026-09-08 12:15:00,12,Tuesday,0,Arterial,70,Clear,20.6,49.0,0,786,12.85
2026-09-08 12:30:00,12,Tuesday,0,Arterial,70,Clear,26.8,40.7,1,843,56.25
2026-09-08 12:45:00,12,Tuesday,0,Residential,30,Foggy,22.3,45.8,0,430,35.21
2026-09-08 13:00:00,13,Tuesday,0,Arterial,70,Foggy,24.8,78.5,0,1039,41.33
2026-09-08 13:15:00,13,Tuesday,0,Downtown,50,Rainy,20.5,59.3,0,597,28.33
2026-09-08 13:30:00,13,Tuesday,0,Arterial,70,Rainy,21.8,54.6,0,724,20.31
2026-09-08 13:45:00,13,Tuesday,0,Downtown,50,Foggy,17.0,77.2,0,666,34.67
2026-09-08 14:00:00,14,Tuesday,0,Downtown,50,Clear,34.2,40.2,0,804,19.57
2026-09-08 14:15:00,14,Tuesday,0,Residential,30,Clear,21.1,84.6,0,286,17.8
2026-09-08 14:30:00,14,Tuesday,0,Downtown,50,Clear,27.5,73.3,0,793,23.65
2026-09-08 14:45:00,14,Tuesday,0,Downtown,50,Rainy,30.8,82.7,0,850,29.52
2026-09-08 15:00:00,15,Tuesday,0,Highway,100,Clear,23.9,80.3,0,1134,11.43
2026-09-08 15:15:00,15,Tuesday,0,Highway,100,Clear,19.9,86.7,0,984,15.64
2026-09-08 15:30:00,15,Tuesday,0,Residential,30,Clear,26.3,78.2,0,344,14.14
2026-09-08 15:45:00,15,Tuesday,0,Arterial,70,Clear,24.3,70.8,1,708,54.93
2026-09-08 16:00:00,16,Tuesday,0,Highway,100,Clear,22.2,63.8,0,1325,18.05
2026-09-08 16:15:00,16,Tuesday,0,Highway,100,Clear,18.0,82.9,0,1233,14.12
2026-09-08 16:30:00,16,Tuesday,0,Highway,100,Heavy Rain,21.5,64.8,0,1269,44.01
2026-09-08 16:45:00,16,Tuesday,0,Highway,100,Clear,22.4,48.5,0,1408,12.24
2026-09-08 17:00:00,17,Tuesday,0,Downtown,50,Clear,27.9,66.6,0,1380,50.26
2026-09-08 17:15:00,17,Tuesday,0,Arterial,70,Clear,27.7,47.7,0,1512,48.19
2026-09-08 17:30:00,17,Tuesday,0,Arterial,70,Clear,18.8,46.7,0,1631,58.67
2026-09-08 17:45:00,17,Tuesday,0,Arterial,70,Clear,21.6,56.0,0,1882,58.87
2026-09-08 18:00:00,18,Tuesday,0,Arterial,70,Clear,21.4,59.8,0,1779,63.43
2026-09-08 18:15:00,18,Tuesday,0,Highway,100,Rainy,28.7,74.5,0,2407,60.04
2026-09-08 18:30:00,18,Tuesday,0,Downtown,50,Heavy Rain,23.3,67.7,0,1300,81.23
2026-09-08 18:45:00,18,Tuesday,0,Downtown,50,Clear,32.0,83.5,0,1574,58.43
2026-09-08 19:00:00,19,Tuesday,0,Downtown,50,Clear,22.6,88.1,0,1292,48.45
2026-09-08 19:15:00,19,Tuesday,0,Highway,100,Clear,33.6,61.7,0,2568,53.61
2026-09-08 19:30:00,19,Tuesday,0,Residential,30,Clear,27.3,87.9,0,950,58.1
2026-09-08 19:45:00,19,Tuesday,0,Highway,100,Clear,29.0,88.3,0,2482,49.41
2026-09-08 20:00:00,20,Tuesday,0,Arterial,70,Clear,21.6,62.3,0,680,10.28
2026-09-08 20:15:00,20,Tuesday,0,Downtown,50,Clear,26.0,44.8,0,611,12.05
2026-09-08 20:30:00,20,Tuesday,0,Downtown,50,Rainy,19.0,48.3,0,559,21.64
2026-09-08 20:45:00,20,Tuesday,0,Highway,100,Clear,33.0,66.9,0,1214,22.84
2026-09-08 21:00:00,21,Tuesday,0,Residential,30,Clear,30.0,41.9,0,336,14.25
2026-09-08 21:15:00,21,Tuesday,0,Residential,30,Rainy,33.5,64.8,0,50,20.84
2026-09-08 21:30:00,21,Tuesday,0,Arterial,70,Clear,18.7,50.7,0,1033,18.24
2026-09-08 21:45:00,21,Tuesday,0,Highway,100,Clear,20.4,65.8,0,1093,15.01
2026-09-08 22:00:00,22,Tuesday,0,Downtown,50,Rainy,33.6,71.7,0,571,28.46
2026-09-08 22:15:00,22,Tuesday,0,Downtown,50,Clear,26.6,53.0,0,642,12.82
2026-09-08 22:30:00,22,Tuesday,0,Highway,100,Clear,22.8,51.7,0,1222,17.57
2026-09-08 22:45:00,22,Tuesday,0,Downtown,50,Clear,31.2,73.9,0,821,18.17
2026-09-08 23:00:00,23,Tuesday,0,Arterial,70,Clear,27.8,87.6,0,226,0.95
2026-09-08 23:15:00,23,Tuesday,0,Residential,30,Clear,20.5,54.2,0,98,3.67
2026-09-08 23:30:00,23,Tuesday,0,Highway,100,Rainy,29.9,76.1,0,345,18.31
2026-09-08 23:45:00,23,Tuesday,0,Residential,30,Clear,24.0,40.4,0,205,9.05
2026-09-09 00:00:00,0,Wednesday,0,Arterial,70,Rainy,31.7,56.3,0,50,14.98
2026-09-09 00:15:00,0,Wednesday,0,Downtown,50,Clear,18.0,73.8,1,299,38.86
2026-09-09 00:30:00,0,Wednesday,0,Arterial,70,Rainy,22.8,88.6,0,271,18.05
2026-09-09 00:45:00,0,Wednesday,0,Residential,30,Clear,33.8,59.2,0,203,10.92
2026-09-09 01:00:00,1,Wednesday,0,Downtown,50,Clear,29.8,41.2,0,239,6.45
2026-09-09 01:15:00,1,Wednesday,0,Downtown,50,Clear,18.7,65.4,0,106,0.0
2026-09-09 01:30:00,1,Wednesday,0,Residential,30,Clear,29.1,64.8,0,289,11.91
2026-09-09 01:45:00,1,Wednesday,0,Downtown,50,Rainy,15.7,86.8,0,185,19.98
2026-09-09 02:00:00,2,Wednesday,0,Downtown,50,Clear,25.1,79.2,0,172,2.36
2026-09-09 02:15:00,2,Wednesday,0,Downtown,50,Foggy,33.7,81.9,0,50,16.03
2026-09-09 02:30:00,2,Wednesday,0,Arterial,70,Clear,18.5,47.7,0,50,0.0
2026-09-09 02:45:00,2,Wednesday,0,Arterial,70,Clear,30.1,48.4,0,94,3.81
2026-09-09 03:00:00,3,Wednesday,0,Downtown,50,Clear,19.9,47.7,0,193,0.0
2026-09-09 03:15:00,3,Wednesday,0,Arterial,70,Clear,21.6,66.6,1,181,37.21
2026-09-09 03:30:00,3,Wednesday,0,Downtown,50,Clear,31.9,61.2,0,366,3.6
2026-09-09 03:45:00,3,Wednesday,0,Arterial,70,Clear,35.0,67.2,0,303,5.92
2026-09-09 04:00:00,4,Wednesday,0,Downtown,50,Clear,22.3,55.2,0,165,2.1
2026-09-09 04:15:00,4,Wednesday,0,Arterial,70,Clear,27.1,79.9,0,293,4.56
2026-09-09 04:30:00,4,Wednesday,0,Downtown,50,Rainy,19.2,42.9,0,156,17.07
2026-09-09 04:45:00,4,Wednesday,0,Residential,30,Clear,21.0,54.9,0,71,6.24
2026-09-09 05:00:00,5,Wednesday,0,Highway,100,Clear,23.4,40.9,0,359,4.56
2026-09-09 05:15:00,5,Wednesday,0,Downtown,50,Rainy,32.6,45.2,0,262,12.18
2026-09-09 05:30:00,5,Wednesday,0,Arterial,70,Clear,28.5,41.9,0,280,2.2
2026-09-09 05:45:00,5,Wednesday,0,Downtown,50,Clear,33.1,57.8,1,220,38.99
2026-09-09 06:00:00,6,Wednesday,0,Highway,100,Clear,23.9,60.3,0,1338,18.53
2026-09-09 06:15:00,6,Wednesday,0,Arterial,70,Clear,23.4,69.7,0,906,18.88
2026-09-09 06:30:00,6,Wednesday,0,Arterial,70,Rainy,34.8,86.1,0,1208,37.92
2026-09-09 06:45:00,6,Wednesday,0,Arterial,70,Clear,29.6,89.6,0,755,12.32
2026-09-09 07:00:00,7,Wednesday,0,Downtown,50,Clear,25.5,63.5,0,950,21.58
2026-09-09 07:15:00,7,Wednesday,0,Highway,100,Rainy,19.8,83.3,0,1176,25.7
2026-09-09 07:30:00,7,Wednesday,0,Downtown,50,Heavy Rain,28.1,52.5,0,701,43.36
2026-09-09 07:45:00,7,Wednesday,0,Arterial,70,Clear,25.1,60.2,0,839,12.83
2026-09-09 08:00:00,8,Wednesday,0,Downtown,50,Clear,29.8,53.4,0,1486,60.41
2026-09-09 08:15:00,8,Wednesday,0,Arterial,70,Rainy,24.1,81.6,0,1746,68.37
2026-09-09 08:30:00,8,Wednesday,0,Downtown,50,Clear,22.4,83.5,0,1324,51.0
2026-09-09 08:45:00,8,Wednesday,0,Highway,100,Clear,33.0,46.5,0,2694,51.55
2026-09-09 09:00:00,9,Wednesday,0,Downtown,50,Rainy,17.7,45.8,0,1553,68.56
2026-09-09 09:15:00,9,Wednesday,0,Downtown,50,Clear,28.8,80.1,0,1460,56.15
2026-09-09 09:30:00,9,Wednesday,0,Downtown,50,Clear,27.1,66.0,0,1692,68.75
2026-09-09 09:45:00,9,Wednesday,0,Downtown,50,Clear,18.1,57.2,0,1376,51.67
2026-09-09 10:00:00,10,Wednesday,0,Arterial,70,Clear,24.3,75.7,0,1443,45.31
2026-09-09 10:15:00,10,Wednesday,0,Highway,100,Clear,21.7,76.7,0,2625,51.64
2026-09-09 10:30:00,10,Wednesday,0,Arterial,70,Clear,33.9,47.4,0,1688,52.65
2026-09-09 10:45:00,10,Wednesday,0,Residential,30,Clear,21.0,85.7,0,500,44.19
2026-09-09 11:00:00,11,Wednesday,0,Arterial,70,Clear,25.9,62.7,1,828,48.85
2026-09-09 11:15:00,11,Wednesday,0,Highway,100,Foggy,29.4,63.1,1,1205,68.87
2026-09-09 11:30:00,11,Wednesday,0,Downtown,50,Heavy Rain,19.3,79.6,0,599,41.32
2026-09-09 11:45:00,11,Wednesday,0,Arterial,70,Rainy,15.9,56.0,0,782,25.24
2026-09-09 12:00:00,12,Wednesday,0,Highway,100,Clear,35.0,66.2,0,1179,16.34
2026-09-09 12:15:00,12,Wednesday,0,Highway,100,Clear,19.2,60.0,0,1231,17.39
2026-09-09 12:30:00,12,Wednesday,0,Arterial,70,Clear,16.7,65.6,0,982,16.71
2026-09-09 12:45:00,12,Wednesday,0,Highway,100,Clear,17.6,60.1,0,1420,13.01
2026-09-09 13:00:00,13,Wednesday,0,Residential,30,Clear,22.3,44.4,0,429,20.92
2026-09-09 13:15:00,13,Wednesday,0,Downtown,50,Clear,17.3,76.5,0,577,15.31
2026-09-09 13:30:00,13,Wednesday,0,Highway,100,Foggy,17.0,47.6,0,1190,31.05
2026-09-09 13:45:00,13,Wednesday,0,Highway,100,Foggy,17.5,86.6,0,1447,36.6
2026-09-09 14:00:00,14,Wednesday,0,Highway,100,Clear,26.1,82.5,0,1213,16.94
2026-09-09 14:15:00,14,Wednesday,0,Arterial,70,Clear,18.1,57.5,0,871,19.87
2026-09-09 14:30:00,14,Wednesday,0,Downtown,50,Clear,15.9,74.8,1,726,53.08
2026-09-09 14:45:00,14,Wednesday,0,Arterial,70,Clear,27.6,82.1,0,1093,22.19
2026-09-09 15:00:00,15,Wednesday,0,Highway,100,Foggy,34.0,70.6,0,1268,32.76
2026-09-09 15:15:00,15,Wednesday,0,Highway,100,Clear,18.9,59.8,0,1271,17.03
2026-09-09 15:30:00,15,Wednesday,0,Downtown,50,Foggy,29.3,73.0,0,368,31.45
2026-09-09 15:45:00,15,Wednesday,0,Arterial,70,Clear,33.1,84.5,0,908,17.32
2026-09-09 16:00:00,16,Wednesday,0,Arterial,70,Rainy,22.5,58.9,0,688,20.74
2026-09-09 16:15:00,16,Wednesday,0,Downtown,50,Clear,22.2,84.2,0,705,16.45
2026-09-09 16:30:00,16,Wednesday,0,Downtown,50,Clear,17.0,45.3,0,581,15.42
2026-09-09 16:45:00,16,Wednesday,0,Highway,100,Rainy,31.5,82.0,0,1301,27.32
2026-09-09 17:00:00,17,Wednesday,0,Downtown,50,Rainy,18.2,74.2,1,1504,100.0
2026-09-09 17:15:00,17,Wednesday,0,Highway,100,Clear,24.7,84.7,0,2355,47.78
2026-09-09 17:30:00,17,Wednesday,0,Arterial,70,Foggy,15.4,67.4,0,1721,70.49
2026-09-09 17:45:00,17,Wednesday,0,Highway,100,Clear,18.3,50.4,0,2688,58.17
2026-09-09 18:00:00,18,Wednesday,0,Arterial,70,Clear,31.1,47.0,0,1573,48.67
2026-09-09 18:15:00,18,Wednesday,0,Downtown,50,Clear,23.9,71.9,0,1223,46.67
2026-09-09 18:30:00,18,Wednesday,0,Arterial,70,Clear,21.3,52.5,0,1593,54.61
2026-09-09 18:45:00,18,Wednesday,0,Downtown,50,Clear,27.1,88.5,1,1313,86.51
2026-09-09 19:00:00,19,Wednesday,0,Residential,30,Clear,33.5,76.6,0,457,41.6
2026-09-09 19:15:00,19,Wednesday,0,Arterial,70,Clear,23.0,84.3,0,1566,54.68
2026-09-09 19:30:00,19,Wednesday,0,Residential,30,Clear,18.2,78.9,0,805,51.78
2026-09-09 19:45:00,19,Wednesday,0,Arterial,70,Clear,31.3,77.9,0,1522,50.28
2026-09-09 20:00:00,20,Wednesday,0,Downtown,50,Foggy,29.4,65.3,0,676,34.7
2026-09-09 20:15:00,20,Wednesday,0,Highway,100,Clear,23.6,88.1,0,1180,15.86
2026-09-09 20:30:00,20,Wednesday,0,Highway,100,Rainy,31.1,63.4,0,1104,22.68
2026-09-09 20:45:00,20,Wednesday,0,Downtown,50,Rainy,22.8,51.4,0,573,24.42
2026-09-09 21:00:00,21,Wednesday,0,Downtown,50,Rainy,22.3,81.6,0,772,29.53
2026-09-09 21:15:00,21,Wednesday,0,Highway,100,Clear,22.6,53.4,0,1242,16.94
2026-09-09 21:30:00,21,Wednesday,0,Highway,100,Foggy,24.0,76.8,0,1241,34.64
2026-09-09 21:45:00,21,Wednesday,0,Downtown,50,Rainy,19.8,80.1,0,869,26.55
2026-09-09 22:00:00,22,Wednesday,0,Residential,30,Clear,27.5,50.8,0,428,22.19
2026-09-09 22:15:00,22,Wednesday,0,Residential,30,Clear,26.2,60.4,1,424,55.4
2026-09-09 22:30:00,22,Wednesday,0,Downtown,50,Clear,33.3,78.6,0,996,25.89
2026-09-09 22:45:00,22,Wednesday,0,Arterial,70,Rainy,33.2,52.6,0,917,27.14
2026-09-09 23:00:00,23,Wednesday,0,Residential,30,Clear,18.0,82.9,0,61,2.16
2026-09-09 23:15:00,23,Wednesday,0,Residential,30,Clear,18.4,87.7,0,50,4.54
2026-09-09 23:30:00,23,Wednesday,0,Downtown,50,Clear,27.8,62.0,0,225,5.46
2026-09-09 23:45:00,23,Wednesday,0,Arterial,70,Rainy,34.4,56.8,0,203,20.4
2026-09-10 00:00:00,0,Thursday,0,Arterial,70,Clear,33.7,44.2,0,248,6.22
2026-09-10 00:15:00,0,Thursday,0,Downtown,50,Clear,23.7,85.6,1,286,42.11
2026-09-10 00:30:00,0,Thursday,0,Residential,30,Clear,33.8,50.5,0,121,1.04
2026-09-10 00:45:00,0,Thursday,0,Downtown,50,Clear,17.9,59.6,0,105,4.29
2026-09-10 01:00:00,1,Thursday,0,Downtown,50,Clear,33.1,68.3,0,129,1.98
2026-09-10 01:15:00,1,Thursday,0,Arterial,70,Clear,26.4,83.0,0,331,5.13
2026-09-10 01:30:00,1,Thursday,0,Downtown,50,Clear,18.3,54.6,0,227,7.6
2026-09-10 01:45:00,1,Thursday,0,Residential,30,Rainy,18.1,62.2,1,118,45.88
2026-09-10 02:00:00,2,Thursday,0,Highway,100,Clear,20.1,50.6,0,429,5.79
2026-09-10 02:15:00,2,Thursday,0,Downtown,50,Rainy,29.7,87.8,1,287,56.33
2026-09-10 02:30:00,2,Thursday,0,Arterial,70,Clear,16.9,76.8,0,182,6.83
2026-09-10 02:45:00,2,Thursday,0,Highway,100,Clear,29.1,53.8,0,426,6.42
2026-09-10 03:00:00,3,Thursday,0,Arterial,70,Clear,30.1,76.6,0,278,4.78
2026-09-10 03:15:00,3,Thursday,0,Residential,30,Clear,26.2,40.0,0,52,1.46
2026-09-10 03:30:00,3,Thursday,0,Arterial,70,Rainy,23.7,57.5,0,272,17.84
2026-09-10 03:45:00,3,Thursday,0,Arterial,70,Rainy,32.7,85.4,0,330,17.43
2026-09-10 04:00:00,4,Thursday,0,Highway,100,Rainy,33.2,77.0,0,493,20.17
2026-09-10 04:15:00,4,Thursday,0,Highway,100,Clear,21.2,72.2,0,260,6.37
2026-09-10 04:30:00,4,Thursday,0,Highway,100,Clear,32.0,63.6,0,357,2.34
2026-09-10 04:45:00,4,Thursday,0,Downtown,50,Clear,33.1,79.2,0,50,2.48
2026-09-10 05:00:00,5,Thursday,0,Downtown,50,Clear,17.7,66.9,0,212,1.26
2026-09-10 05:15:00,5,Thursday,0,Arterial,70,Foggy,30.2,50.9,0,156,23.51
2026-09-10 05:30:00,5,Thursday,0,Residential,30,Clear,30.0,59.8,0,50,0.0
2026-09-10 05:45:00,5,Thursday,0,Downtown,50,Foggy,23.3,72.6,0,234,25.72
2026-09-10 06:00:00,6,Thursday,0,Downtown,50,Clear,31.7,71.3,0,893,21.48
2026-09-10 06:15:00,6,Thursday,0,Highway,100,Foggy,21.2,83.9,0,1303,32.71
2026-09-10 06:30:00,6,Thursday,0,Arterial,70,Clear,16.4,50.6,1,793,49.82
2026-09-10 06:45:00,6,Thursday,0,Arterial,70,Heavy Rain,21.7,47.1,0,713,43.08
2026-09-10 07:00:00,7,Thursday,0,Downtown,50,Rainy,32.0,60.2,0,753,27.43
2026-09-10 07:15:00,7,Thursday,0,Downtown,50,Clear,15.4,87.6,0,607,20.22
2026-09-10 07:30:00,7,Thursday,0,Downtown,50,Clear,28.6,70.7,0,911,21.13
2026-09-10 07:45:00,7,Thursday,0,Arterial,70,Heavy Rain,26.2,77.7,0,752,42.06
2026-09-10 08:00:00,8,Thursday,0,Highway,100,Clear,22.0,63.0,0,2470,50.07
2026-09-10 08:15:00,8,Thursday,0,Residential,30,Foggy,24.8,77.5,0,714,70.98
2026-09-10 08:30:00,8,Thursday,0,Downtown,50,Clear,25.8,66.6,0,1474,59.16
2026-09-10 08:45:00,8,Thursday,0,Highway,100,Clear,25.6,60.9,0,2427,47.82
2026-09-10 09:00:00,9,Thursday,0,Downtown,50,Heavy Rain,32.9,80.7,0,1221,79.48
2026-09-10 09:15:00,9,Thursday,0,Arterial,70,Clear,26.3,41.2,0,1558,54.39
2026-09-10 09:30:00,9,Thursday,0,Arterial,70,Rainy,15.9,41.1,0,1549,65.62
2026-09-10 09:45:00,9,Thursday,0,Residential,30,Clear,20.7,51.6,0,666,55.48
2026-09-10 10:00:00,10,Thursday,0,Highway,100,Clear,33.1,56.7,0,2665,52.1
2026-09-10 10:15:00,10,Thursday,0,Residential,30,Clear,33.9,70.1,1,805,97.47
2026-09-10 10:30:00,10,Thursday,0,Downtown,50,Clear,20.1,50.8,0,1298,47.85
2026-09-10 10:45:00,10,Thursday,0,Downtown,50,Rainy,27.1,77.4,0,1538,67.91
2026-09-10 11:00:00,11,Thursday,0,Highway,100,Rainy,22.3,48.9,0,1222,28.12
2026-09-10 11:15:00,11,Thursday,0,Arterial,70,Rainy,30.0,59.5,0,796,28.4
2026-09-10 11:30:00,11,Thursday,0,Residential,30,Clear,20.5,40.1,0,437,23.61
2026-09-10 11:45:00,11,Thursday,0,Highway,100,Foggy,31.7,53.5,0,1320,31.35
2026-09-10 12:00:00,12,Thursday,0,Downtown,50,Clear,29.7,89.6,0,549,16.92
2026-09-10 12:15:00,12,Thursday,0,Highway,100,Heavy Rain,30.4,74.8,0,1351,48.53
2026-09-10 12:30:00,12,Thursday,0,Arterial,70,Clear,33.4,40.3,0,878,17.33
2026-09-10 12:45:00,12,Thursday,0,Downtown,50,Clear,16.0,50.5,0,662,18.91
2026-09-10 13:00:00,13,Thursday,0,Arterial,70,Clear,23.0,61.7,0,914,23.35
2026-09-10 13:15:00,13,Thursday,0,Highway,100,Clear,18.2,84.4,0,1201,16.54
2026-09-10 13:30:00,13,Thursday,0,Downtown,50,Clear,26.1,76.7,0,523,13.62
2026-09-10 13:45:00,13,Thursday,0,Arterial,70,Clear,28.7,64.5,0,882,20.68
2026-09-10 14:00:00,14,Thursday,0,Residential,30,Clear,18.0,40.9,0,370,17.12
2026-09-10 14:15:00,14,Thursday,0,Downtown,50,Clear,18.8,69.7,0,783,15.92
2026-09-10 14:30:00,14,Thursday,0,Highway,100,Clear,27.2,55.2,0,1268,19.33
2026-09-10 14:45:00,14,Thursday,0,Highway,100,Foggy,26.4,41.4,0,1553,31.68
2026-09-10 15:00:00,15,Thursday,0,Downtown,50,Clear,34.0,52.8,0,649,17.41
2026-09-10 15:15:00,15,Thursday,0,Downtown,50,Heavy Rain,32.0,79.0,0,596,32.85
2026-09-10 15:30:00,15,Thursday,0,Downtown,50,Clear,32.2,40.9,0,499,10.97
2026-09-10 15:45:00,15,Thursday,0,Arterial,70,Clear,20.4,59.0,0,1003,18.69
2026-09-10 16:00:00,16,Thursday,0,Arterial,70,Clear,25.1,42.4,0,836,20.08
2026-09-10 16:15:00,16,Thursday,0,Highway,100,Clear,23.0,52.3,0,1233,11.55
2026-09-10 16:30:00,16,Thursday,0,Arterial,70,Clear,33.8,49.3,0,1037,26.17
2026-09-10 16:45:00,16,Thursday,0,Downtown,50,Clear,27.7,50.1,0,687,19.43
2026-09-10 17:00:00,17,Thursday,0,Arterial,70,Foggy,29.2,73.9,0,1669,67.21
2026-09-10 17:15:00,17,Thursday,0,Downtown,50,Clear,16.3,74.2,0,1384,55.29
2026-09-10 17:30:00,17,Thursday,0,Highway,100,Foggy,29.3,43.2,0,2291,68.64
2026-09-10 17:45:00,17,Thursday,0,Highway,100,Clear,29.2,42.7,0,2552,60.68
2026-09-10 18:00:00,18,Thursday,0,Arterial,70,Clear,21.7,45.8,0,1810,52.56
2026-09-10 18:15:00,18,Thursday,0,Highway,100,Rainy,22.6,71.6,0,2320,63.25
2026-09-10 18:30:00,18,Thursday,0,Arterial,70,Clear,22.7,62.4,0,1880,54.58
2026-09-10 18:45:00,18,Thursday,0,Highway,100,Clear,25.1,63.7,0,2540,54.33
2026-09-10 19:00:00,19,Thursday,0,Arterial,70,Clear,25.9,68.3,0,1784,58.07
2026-09-10 19:15:00,19,Thursday,0,Highway,100,Clear,28.3,67.0,0,2536,51.42
2026-09-10 19:30:00,19,Thursday,0,Arterial,70,Foggy,18.7,57.4,0,1802,73.74
2026-09-10 19:45:00,19,Thursday,0,Downtown,50,Rainy,16.9,62.6,0,1387,65.54
2026-09-10 20:00:00,20,Thursday,0,Residential,30,Heavy Rain,33.6,78.6,0,401,43.94
2026-09-10 20:15:00,20,Thursday,0,Highway,100,Heavy Rain,23.9,41.5,0,1382,42.3
2026-09-10 20:30:00,20,Thursday,0,Downtown,50,Clear,28.0,41.6,0,922,21.91
2026-09-10 20:45:00,20,Thursday,0,Residential,30,Clear,17.4,86.4,0,490,22.25
2026-09-10 21:00:00,21,Thursday,0,Arterial,70,Clear,25.8,71.2,0,880,12.09
2026-09-10 21:15:00,21,Thursday,0,Residential,30,Clear,18.9,57.3,0,301,15.06
2026-09-10 21:30:00,21,Thursday,0,Highway,100,Rainy,18.0,53.1,0,1303,27.35
2026-09-10 21:45:00,21,Thursday,0,Arterial,70,Clear,17.7,74.0,0,708,16.87
2026-09-10 22:00:00,22,Thursday,0,Downtown,50,Clear,32.1,63.0,0,664,13.47
2026-09-10 22:15:00,22,Thursday,0,Arterial,70,Clear,15.8,62.4,0,684,6.19
2026-09-10 22:30:00,22,Thursday,0,Downtown,50,Heavy Rain,20.2,87.1,0,795,49.42
2026-09-10 22:45:00,22,Thursday,0,Highway,100,Rainy,33.0,86.5,0,1200,25.01
2026-09-10 23:00:00,23,Thursday,0,Arterial,70,Clear,28.1,62.3,0,358,9.34
2026-09-10 23:15:00,23,Thursday,0,Downtown,50,Rainy,30.6,43.3,0,58,14.59
2026-09-10 23:30:00,23,Thursday,0,Arterial,70,Rainy,18.6,66.8,0,167,16.88
2026-09-10 23:45:00,23,Thursday,0,Arterial,70,Clear,17.9,86.3,0,331,3.65
2026-09-11 00:00:00,0,Friday,0,Residential,30,Foggy,23.6,58.0,0,83,17.85
2026-09-11 00:15:00,0,Friday,0,Residential,30,Clear,25.5,43.1,0,50,3.23
2026-09-11 00:30:00,0,Friday,0,Arterial,70,Rainy,17.8,51.5,0,199,12.7
2026-09-11 00:45:00,0,Friday,0,Residential,30,Clear,29.0,73.2,0,59,1.7
2026-09-11 01:00:00,1,Friday,0,Highway,100,Clear,28.2,66.0,0,460,7.2
2026-09-11 01:15:00,1,Friday,0,Arterial,70,Clear,21.2,60.6,0,346,5.95
2026-09-11 01:30:00,1,Friday,0,Arterial,70,Clear,20.0,63.3,0,213,4.82
2026-09-11 01:45:00,1,Friday,0,Highway,100,Foggy,19.6,81.1,0,230,20.03
2026-09-11 02:00:00,2,Friday,0,Downtown,50,Rainy,24.2,62.3,0,379,20.62
2026-09-11 02:15:00,2,Friday,0,Highway,100,Foggy,20.2,48.5,0,369,24.4
2026-09-11 02:30:00,2,Friday,0,Downtown,50,Rainy,20.9,80.3,0,328,18.21
2026-09-11 02:45:00,2,Friday,0,Downtown,50,Clear,22.4,60.8,0,223,4.98
2026-09-11 03:00:00,3,Friday,0,Arterial,70,Rainy,21.4,63.3,0,327,21.75
2026-09-11 03:15:00,3,Friday,0,Arterial,70,Clear,32.4,42.2,0,376,6.84
2026-09-11 03:30:00,3,Friday,0,Residential,30,Clear,30.6,76.6,0,120,7.1
2026-09-11 03:45:00,3,Friday,0,Highway,100,Clear,26.2,42.9,0,206,4.09
2026-09-11 04:00:00,4,Friday,0,Highway,100,Clear,30.1,40.2,0,386,5.66
2026-09-11 04:15:00,4,Friday,0,Downtown,50,Clear,17.9,45.1,0,382,5.95
2026-09-11 04:30:00,4,Friday,0,Arterial,70,Rainy,18.9,64.2,0,306,13.44
2026-09-11 04:45:00,4,Friday,0,Arterial,70,Clear,26.8,47.1,0,373,4.89
2026-09-11 05:00:00,5,Friday,0,Highway,100,Clear,33.4,55.0,0,493,5.54
2026-09-11 05:15:00,5,Friday,0,Residential,30,Clear,20.9,68.4,0,71,0.0
2026-09-11 05:30:00,5,Friday,0,Highway,100,Foggy,21.7,56.8,0,504,22.18
2026-09-11 05:45:00,5,Friday,0,Highway,100,Clear,30.4,62.5,0,354,9.65
2026-09-11 06:00:00,6,Friday,0,Arterial,70,Heavy Rain,32.5,41.9,0,799,42.82
2026-09-11 06:15:00,6,Friday,0,Highway,100,Clear,21.4,75.2,0,1340,18.64
2026-09-11 06:30:00,6,Friday,0,Downtown,50,Clear,34.8,55.3,0,381,10.93
2026-09-11 06:45:00,6,Friday,0,Highway,100,Clear,19.3,85.0,0,1323,11.54
2026-09-11 07:00:00,7,Friday,0,Residential,30,Foggy,16.5,79.3,1,369,69.74
2026-09-11 07:15:00,7,Friday,0,Residential,30,Rainy,32.0,54.8,0,382,37.12
2026-09-11 07:30:00,7,Friday,0,Downtown,50,Foggy,29.0,41.3,0,721,38.29
2026-09-11 07:45:00,7,Friday,0,Residential,30,Foggy,25.6,60.2,0,185,28.74
2026-09-11 08:00:00,8,Friday,0,Downtown,50,Rainy,23.2,40.8,0,1172,62.14
2026-09-11 08:15:00,8,Friday,0,Downtown,50,Rainy,17.9,72.3,0,1366,67.17
2026-09-11 08:30:00,8,Friday,0,Highway,100,Rainy,21.9,49.6,0,2446,62.76
2026-09-11 08:45:00,8,Friday,0,Downtown,50,Rainy,24.9,67.7,0,1225,57.72
2026-09-11 09:00:00,9,Friday,0,Residential,30,Foggy,31.0,77.9,0,557,63.09
2026-09-11 09:15:00,9,Friday,0,Highway,100,Rainy,30.5,57.9,0,2508,67.73
2026-09-11 09:30:00,9,Friday,0,Residential,30,Rainy,17.5,56.3,0,553,61.18
2026-09-11 09:45:00,9,Friday,0,Highway,100,Clear,30.7,52.1,0,2485,56.31
2026-09-11 10:00:00,10,Friday,0,Highway,100,Clear,21.2,49.5,0,2472,53.32
2026-09-11 10:15:00,10,Friday,0,Highway,100,Foggy,25.4,86.8,0,2623,72.97
2026-09-11 10:30:00,10,Friday,0,Downtown,50,Clear,24.6,80.6,0,1511,52.78
2026-09-11 10:45:00,10,Friday,0,Downtown,50,Foggy,32.4,53.4,0,1199,73.06
2026-09-11 11:00:00,11,Friday,0,Arterial,70,Rainy,17.6,81.0,0,667,25.86
2026-09-11 11:15:00,11,Friday,0,Downtown,50,Clear,35.0,83.1,0,463,11.45
2026-09-11 11:30:00,11,Friday,0,Downtown,50,Clear,17.3,73.0,0,766,16.59
2026-09-11 11:45:00,11,Friday,0,Highway,100,Clear,30.9,85.2,0,1187,19.33
2026-09-11 12:00:00,12,Friday,0,Highway,100,Clear,18.8,78.9,0,1228,14.55
2026-09-11 12:15:00,12,Friday,0,Arterial,70,Clear,33.1,52.9,0,877,11.5
2026-09-11 12:30:00,12,Friday,0,Highway,100,Clear,18.5,56.4,0,1203,13.89
2026-09-11 12:45:00,12,Friday,0,Downtown,50,Clear,30.8,65.4,0,809,18.05
2026-09-11 13:00:00,13,Friday,0,Highway,100,Rainy,18.3,84.1,0,983,20.67
2026-09-11 13:15:00,13,Friday,0,Downtown,50,Clear,26.8,83.1,0,788,16.04
2026-09-11 13:30:00,13,Friday,0,Highway,100,Foggy,25.8,44.1,0,1327,36.0
2026-09-11 13:45:00,13,Friday,0,Highway,100,Clear,34.1,72.8,0,1363,16.88
2026-09-11 14:00:00,14,Friday,0,Downtown,50,Clear,18.0,76.3,0,939,25.28
2026-09-11 14:15:00,14,Friday,0,Arterial,70,Clear,29.2,68.3,0,822,14.39
2026-09-11 14:30:00,14,Friday,0,Arterial,70,Rainy,25.3,86.6,0,688,25.47
2026-09-11 14:45:00,14,Friday,0,Highway,100,Clear,23.9,76.1,0,1258,13.11
2026-09-11 15:00:00,15,Friday,0,Arterial,70,Clear,21.0,63.8,0,640,16.18
2026-09-11 15:15:00,15,Friday,0,Residential,30,Clear,32.9,80.1,0,481,21.83
2026-09-11 15:30:00,15,Friday,0,Arterial,70,Rainy,31.2,85.4,0,942,25.26
2026-09-11 15:45:00,15,Friday,0,Highway,100,Clear,26.7,72.5,0,1374,19.34
2026-09-11 16:00:00,16,Friday,0,Highway,100,Rainy,26.3,45.9,0,1387,28.81
2026-09-11 16:15:00,16,Friday,0,Highway,100,Clear,29.4,88.8,0,1107,11.66
2026-09-11 16:30:00,16,Friday,0,Highway,100,Clear,16.9,64.7,1,1316,55.59
2026-09-11 16:45:00,16,Friday,0,Arterial,70,Clear,22.5,48.9,0,921,17.57
2026-09-11 17:00:00,17,Friday,0,Downtown,50,Rainy,16.9,78.0,1,1549,100.0
2026-09-11 17:15:00,17,Friday,0,Residential,30,Clear,31.5,60.0,0,551,49.45
2026-09-11 17:30:00,17,Friday,0,Residential,30,Clear,17.5,56.1,0,812,54.2
2026-09-11 17:45:00,17,Friday,0,Residential,30,Clear,17.6,44.8,0,686,50.34
2026-09-11 18:00:00,18,Friday,0,Residential,30,Rainy,26.6,82.5,0,590,61.6
2026-09-11 18:15:00,18,Friday,0,Arterial,70,Clear,20.3,81.5,0,1564,60.06
2026-09-11 18:30:00,18,Friday,0,Arterial,70,Clear,28.9,40.6,0,1610,51.43
2026-09-11 18:45:00,18,Friday,0,Arterial,70,Clear,21.2,46.1,0,1757,56.3
2026-09-11 19:00:00,19,Friday,0,Highway,100,Clear,15.4,84.3,0,2512,56.1
2026-09-11 19:15:00,19,Friday,0,Residential,30,Heavy Rain,21.7,72.0,0,694,80.42
2026-09-11 19:30:00,19,Friday,0,Residential,30,Foggy,33.0,88.6,0,749,69.62
2026-09-11 19:45:00,19,Friday,0,Arterial,70,Clear,30.5,71.5,0,1736,54.08
2026-09-11 20:00:00,20,Friday,0,Highway,100,Clear,16.1,67.0,0,1364,16.01
2026-09-11 20:15:00,20,Friday,0,Residential,30,Rainy,22.4,68.9,0,214,25.69
2026-09-11 20:30:00,20,Friday,0,Highway,100,Clear,17.2,74.3,0,1003,15.86
2026-09-11 20:45:00,20,Friday,0,Arterial,70,Clear,21.2,47.0,0,817,13.55
2026-09-11 21:00:00,21,Friday,0,Arterial,70,Clear,22.7,60.9,0,806,15.52
2026-09-11 21:15:00,21,Friday,0,Highway,100,Clear,27.6,53.3,0,1514,12.06
2026-09-11 21:30:00,21,Friday,0,Arterial,70,Heavy Rain,29.7,52.4,0,774,46.68
2026-09-11 21:45:00,21,Friday,0,Highway,100,Clear,23.3,60.7,0,1435,19.34
2026-09-11 22:00:00,22,Friday,0,Arterial,70,Clear,32.7,43.5,0,948,19.95
2026-09-11 22:15:00,22,Friday,0,Highway,100,Clear,19.8,55.4,1,1400,52.13
2026-09-11 22:30:00,22,Friday,0,Downtown,50,Clear,34.8,82.0,0,641,13.91
2026-09-11 22:45:00,22,Friday,0,Arterial,70,Clear,29.2,41.0,0,732,6.45
2026-09-11 23:00:00,23,Friday,0,Highway,100,Foggy,23.0,82.1,0,390,20.64
2026-09-11 23:15:00,23,Friday,0,Residential,30,Clear,27.2,62.1,0,50,1.6
2026-09-11 23:30:00,23,Friday,0,Highway,100,Clear,17.9,79.6,0,382,0.0
2026-09-11 23:45:00,23,Friday,0,Residential,30,Clear,20.9,57.6,0,61,1.92
2026-09-12 00:00:00,0,Saturday,1,Arterial,70,Clear,16.8,50.8,0,138,0.25
2026-09-12 00:15:00,0,Saturday,1,Downtown,50,Rainy,19.8,63.6,0,146,15.91
2026-09-12 00:30:00,0,Saturday,1,Arterial,70,Rainy,18.6,49.8,0,124,10.8
2026-09-12 00:45:00,0,Saturday,1,Arterial,70,Rainy,25.0,84.7,0,273,21.98
2026-09-12 01:00:00,1,Saturday,1,Downtown,50,Clear,24.6,81.2,0,336,6.32
2026-09-12 01:15:00,1,Saturday,1,Downtown,50,Clear,34.4,41.5,0,248,5.1
2026-09-12 01:30:00,1,Saturday,1,Highway,100,Clear,29.3,49.2,0,328,6.46
2026-09-12 01:45:00,1,Saturday,1,Downtown,50,Rainy,31.2,43.1,0,206,20.48
2026-09-12 02:00:00,2,Saturday,1,Arterial,70,Rainy,24.5,58.7,0,252,13.11
2026-09-12 02:15:00,2,Saturday,1,Arterial,70,Clear,17.3,85.7,0,75,5.13
2026-09-12 02:30:00,2,Saturday,1,Arterial,70,Rainy,21.9,71.6,0,137,10.99
2026-09-12 02:45:00,2,Saturday,1,Residential,30,Clear,30.7,83.1,0,244,13.46
2026-09-12 03:00:00,3,Saturday,1,Arterial,70,Clear,18.2,55.9,0,117,3.08
2026-09-12 03:15:00,3,Saturday,1,Residential,30,Foggy,19.5,83.8,0,273,31.39
2026-09-12 03:30:00,3,Saturday,1,Arterial,70,Clear,24.0,78.0,0,379,7.85
2026-09-12 03:45:00,3,Saturday,1,Downtown,50,Clear,24.2,46.3,0,289,2.08
2026-09-12 04:00:00,4,Saturday,1,Downtown,50,Rainy,31.6,88.9,0,293,18.09
2026-09-12 04:15:00,4,Saturday,1,Arterial,70,Foggy,15.4,65.2,0,267,22.68
2026-09-12 04:30:00,4,Saturday,1,Highway,100,Clear,24.5,45.3,0,339,0.0
2026-09-12 04:45:00,4,Saturday,1,Arterial,70,Foggy,32.7,77.4,0,293,19.66
2026-09-12 05:00:00,5,Saturday,1,Highway,100,Clear,24.2,74.5,0,332,3.93
2026-09-12 05:15:00,5,Saturday,1,Highway,100,Foggy,24.7,52.4,0,225,21.11
2026-09-12 05:30:00,5,Saturday,1,Arterial,70,Clear,19.6,49.9,0,81,2.67
2026-09-12 05:45:00,5,Saturday,1,Residential,30,Clear,26.1,65.2,0,230,8.35
2026-09-12 06:00:00,6,Saturday,1,Highway,100,Rainy,20.7,54.5,0,1149,25.73
2026-09-12 06:15:00,6,Saturday,1,Arterial,70,Clear,23.9,51.6,0,932,16.69
2026-09-12 06:30:00,6,Saturday,1,Arterial,70,Clear,26.5,67.8,0,712,9.98
2026-09-12 06:45:00,6,Saturday,1,Highway,100,Foggy,28.7,77.8,0,1402,37.89
2026-09-12 07:00:00,7,Saturday,1,Arterial,70,Clear,28.9,70.6,0,770,12.27
2026-09-12 07:15:00,7,Saturday,1,Downtown,50,Clear,26.1,78.4,0,609,12.37
2026-09-12 07:30:00,7,Saturday,1,Highway,100,Clear,34.0,46.9,0,1190,11.62
2026-09-12 07:45:00,7,Saturday,1,Highway,100,Clear,16.9,57.1,0,1373,17.97
2026-09-12 08:00:00,8,Saturday,1,Highway,100,Clear,31.9,68.4,0,1289,17.81
2026-09-12 08:15:00,8,Saturday,1,Downtown,50,Clear,15.1,64.1,1,630,46.44
2026-09-12 08:30:00,8,Saturday,1,Downtown,50,Rainy,18.7,66.7,0,820,23.46
2026-09-12 08:45:00,8,Saturday,1,Highway,100,Clear,28.7,43.1,1,1207,47.1
2026-09-12 09:00:00,9,Saturday,1,Arterial,70,Clear,26.0,83.5,0,917,11.68
2026-09-12 09:15:00,9,Saturday,1,Downtown,50,Clear,25.6,58.3,0,677,12.89
2026-09-12 09:30:00,9,Saturday,1,Highway,100,Clear,21.6,61.5,0,1288,16.46
2026-09-12 09:45:00,9,Saturday,1,Arterial,70,Rainy,31.7,77.0,0,1029,25.71
2026-09-12 10:00:00,10,Saturday,1,Highway,100,Clear,25.3,80.2,0,1308,14.2
2026-09-12 10:15:00,10,Saturday,1,Residential,30,Foggy,31.7,42.4,0,375,39.99
2026-09-12 10:30:00,10,Saturday,1,Residential,30,Clear,27.8,70.5,0,159,6.96
2026-09-12 10:45:00,10,Saturday,1,Downtown,50,Clear,15.5,87.5,0,589,15.27
2026-09-12 11:00:00,11,Saturday,1,Highway,100,Foggy,26.8,64.7,0,1289,33.81
2026-09-12 11:15:00,11,Saturday,1,Highway,100,Clear,33.6,52.9,0,1191,19.01
2026-09-12 11:30:00,11,Saturday,1,Highway,100,Rainy,27.0,52.7,0,1316,29.38
2026-09-12 11:45:00,11,Saturday,1,Arterial,70,Clear,33.5,70.1,0,741,21.53
2026-09-12 12:00:00,12,Saturday,1,Highway,100,Clear,29.4,85.8,0,1358,14.96
2026-09-12 12:15:00,12,Saturday,1,Downtown,50,Clear,18.7,58.4,0,806,21.93
2026-09-12 12:30:00,12,Saturday,1,Residential,30,Clear,27.7,87.7,1,355,52.83
2026-09-12 12:45:00,12,Saturday,1,Downtown,50,Foggy,23.7,62.0,0,731,36.77
2026-09-12 13:00:00,13,Saturday,1,Highway,100,Clear,21.6,47.4,0,1493,24.22
2026-09-12 13:15:00,13,Saturday,1,Downtown,50,Clear,33.3,65.9,0,789,17.47
2026-09-12 13:30:00,13,Saturday,1,Arterial,70,Foggy,18.2,85.7,0,992,40.32
2026-09-12 13:45:00,13,Saturday,1,Highway,100,Clear,26.0,56.7,0,1046,10.55
2026-09-12 14:00:00,14,Saturday,1,Residential,30,Heavy Rain,26.7,67.5,0,352,43.57
2026-09-12 14:15:00,14,Saturday,1,Highway,100,Heavy Rain,21.4,66.0,0,1276,43.36
2026-09-12 14:30:00,14,Saturday,1,Arterial,70,Clear,23.1,89.9,0,929,16.16
2026-09-12 14:45:00,14,Saturday,1,Residential,30,Clear,21.0,72.4,0,212,9.48
2026-09-12 15:00:00,15,Saturday,1,Arterial,70,Clear,28.9,54.1,0,648,9.8
2026-09-12 15:15:00,15,Saturday,1,Arterial,70,Clear,22.7,47.1,0,746,17.84
2026-09-12 15:30:00,15,Saturday,1,Highway,100,Clear,22.0,72.2,0,1329,16.48
2026-09-12 15:45:00,15,Saturday,1,Arterial,70,Clear,23.2,67.8,1,690,50.38
2026-09-12 16:00:00,16,Saturday,1,Arterial,70,Rainy,25.7,40.7,0,832,30.81
2026-09-12 16:15:00,16,Saturday,1,Residential,30,Rainy,25.5,58.5,0,559,41.54
2026-09-12 16:30:00,16,Saturday,1,Arterial,70,Rainy,16.6,76.3,0,633,24.34
2026-09-12 16:45:00,16,Saturday,1,Arterial,70,Clear,20.7,61.1,0,791,13.86
2026-09-12 17:00:00,17,Saturday,1,Downtown,50,Rainy,16.7,41.7,0,734,30.71
2026-09-12 17:15:00,17,Saturday,1,Residential,30,Rainy,34.3,61.9,0,50,15.6
2026-09-12 17:30:00,17,Saturday,1,Arterial,70,Rainy,31.4,88.9,0,681,21.75
2026-09-12 17:45:00,17,Saturday,1,Arterial,70,Clear,22.9,43.7,0,680,20.02
2026-09-12 18:00:00,18,Saturday,1,Highway,100,Clear,25.9,41.8,0,1204,20.28
2026-09-12 18:15:00,18,Saturday,1,Downtown,50,Rainy,31.5,75.6,0,607,34.27
2026-09-12 18:30:00,18,Saturday,1,Arterial,70,Clear,20.3,41.7,0,737,14.47
2026-09-12 18:45:00,18,Saturday,1,Residential,30,Rainy,20.0,80.2,0,313,27.63
2026-09-12 19:00:00,19,Saturday,1,Downtown,50,Rainy,15.3,68.2,0,713,24.57
2026-09-12 19:15:00,19,Saturday,1,Arterial,70,Rainy,25.8,71.1,0,859,24.95
2026-09-12 19:30:00,19,Saturday,1,Highway,100,Clear,28.8,80.5,0,1169,18.76
2026-09-12 19:45:00,19,Saturday,1,Downtown,50,Clear,25.3,81.9,0,678,19.22
2026-09-12 20:00:00,20,Saturday,1,Downtown,50,Heavy Rain,18.2,73.7,0,740,41.94
2026-09-12 20:15:00,20,Saturday,1,Highway,100,Clear,27.7,65.0,0,1298,17.17
2026-09-12 20:30:00,20,Saturday,1,Arterial,70,Clear,25.2,59.4,0,789,15.02
2026-09-12 20:45:00,20,Saturday,1,Downtown,50,Rainy,35.0,86.1,0,681,27.05
2026-09-12 21:00:00,21,Saturday,1,Arterial,70,Clear,33.7,43.1,0,717,4.37
2026-09-12 21:15:00,21,Saturday,1,Downtown,50,Clear,21.5,77.0,0,586,13.19
2026-09-12 21:30:00,21,Saturday,1,Highway,100,Clear,27.4,72.9,0,1222,16.26
2026-09-12 21:45:00,21,Saturday,1,Downtown,50,Rainy,31.6,82.2,0,744,23.93
2026-09-12 22:00:00,22,Saturday,1,Highway,100,Clear,16.4,89.6,0,1270,16.94
2026-09-12 22:15:00,22,Saturday,1,Arterial,70,Clear,32.2,56.9,0,716,10.13
2026-09-12 22:30:00,22,Saturday,1,Downtown,50,Clear,21.3,43.8,0,643,19.66
2026-09-12 22:45:00,22,Saturday,1,Arterial,70,Clear,22.7,85.3,0,942,16.45
2026-09-12 23:00:00,23,Saturday,1,Arterial,70,Rainy,17.1,74.2,0,207,19.97
2026-09-12 23:15:00,23,Saturday,1,Residential,30,Clear,31.4,50.7,0,187,12.29
2026-09-12 23:30:00,23,Saturday,1,Downtown,50,Clear,23.0,52.9,0,127,1.48
2026-09-12 23:45:00,23,Saturday,1,Downtown,50,Clear,29.9,72.7,0,50,1.15
2026-09-13 00:00:00,0,Sunday,1,Highway,100,Heavy Rain,29.6,79.1,0,478,27.73
2026-09-13 00:15:00,0,Sunday,1,Highway,100,Rainy,17.8,71.8,0,305,18.39
2026-09-13 00:30:00,0,Sunday,1,Highway,100,Rainy,19.4,77.3,0,354,20.93
2026-09-13 00:45:00,0,Sunday,1,Highway,100,Clear,24.1,42.2,0,315,2.24
2026-09-13 01:00:00,1,Sunday,1,Downtown,50,Clear,34.7,53.7,0,270,1.8
2026-09-13 01:15:00,1,Sunday,1,Highway,100,Clear,17.0,73.2,0,433,5.21
2026-09-13 01:30:00,1,Sunday,1,Highway,100,Clear,23.8,48.2,0,567,4.41
2026-09-13 01:45:00,1,Sunday,1,Highway,100,Foggy,22.2,86.7,0,446,25.03
2026-09-13 02:00:00,2,Sunday,1,Arterial,70,Foggy,22.6,58.2,0,336,21.48
2026-09-13 02:15:00,2,Sunday,1,Highway,100,Clear,33.8,62.8,0,571,8.19
2026-09-13 02:30:00,2,Sunday,1,Arterial,70,Clear,25.0,61.0,0,120,5.24
2026-09-13 02:45:00,2,Sunday,1,Arterial,70,Clear,24.2,57.2,0,448,10.67
2026-09-13 03:00:00,3,Sunday,1,Highway,100,Foggy,22.3,72.2,0,577,27.47
2026-09-13 03:15:00,3,Sunday,1,Highway,100,Foggy,30.1,66.7,0,401,21.04
2026-09-13 03:30:00,3,Sunday,1,Highway,100,Clear,25.8,62.9,0,255,5.62
2026-09-13 03:45:00,3,Sunday,1,Downtown,50,Foggy,25.7,75.3,0,67,18.05
